iceberg_id,datetime,latitude,longitude,target_latitude,target_longitude,predicted_latitude,predicted_longitude,prediction_error_km
a22a,2002-01-05,-76.2326,-46.6234,-76.2326,-46.6234,-76.23044702938562,-46.62374302652967,0.23957146439188579
a22a,2002-01-06,-76.2326,-46.6234,-76.2326,-46.6234,-76.23001910524046,-46.62470880246411,0.2890650893623714
a22a,2002-01-07,-76.2326,-46.6234,-76.2326,-46.6234,-76.23019869689817,-46.62345793276208,0.2670171238671067
a22a,2002-01-08,-76.2326,-46.6234,-76.2326,-46.6234,-76.23123613383632,-46.62669615511848,0.17495129778821925
a22a,2002-01-09,-76.2326,-46.6234,-76.2326,-46.6234,-76.22969228135383,-46.623711743564485,0.32342880643345345
a22a,2002-01-10,-76.2326,-46.6234,-76.2326,-46.6234,-76.23059731267557,-46.62539458926875,0.22885915338360668
a22a,2002-01-11,-76.2326,-46.6234,-76.2326,-46.6234,-76.22984636048973,-46.623440208443185,0.30619259240727975
a22a,2002-01-12,-76.2326,-46.6234,-76.2326,-46.6234,-76.22959775442601,-46.62093483914589,0.34014968533375217
a22a,2002-01-13,-76.2326,-46.6234,-76.2326,-46.6234,-76.2307292984356,-46.62340717551052,0.20801260990317963
a22a,2002-01-14,-76.2326,-46.6234,-76.2326,-46.6234,-76.2312268254932,-46.625461478874655,0.16214312875001916
a22a,2002-01-15,-76.2326,-46.6234,-76.2326,-46.6234,-76.23119840537231,-46.62558122556072,0.16619638685917187
a22a,2002-01-16,-76.2326,-46.6234,-76.2749,-46.4862,-76.23119497511712,-46.62536880027531,6.0942883987412575
a22a,2002-01-17,-76.2749,-46.4862,-76.2749,-46.4862,-76.27646558752564,-46.44806106948732,1.0210941986246331
a22a,2002-01-18,-76.2749,-46.4862,-76.3258,-46.3235,-76.27280462036255,-46.48201339835353,7.2217216520507295
a22a,2002-01-19,-76.3258,-46.3235,-76.3258,-46.3235,-76.33188188547187,-46.32125133859142,0.6788519957727335
a22a,2002-01-20,-76.3258,-46.3235,-76.3258,-46.3235,-76.32110177808717,-46.299749519014455,0.8141410562959888
a22a,2002-01-21,-76.3258,-46.3235,-76.3258,-46.3235,-76.32462678918573,-46.325868177471534,0.14454781590720428
a22a,2002-01-22,-76.3258,-46.3235,-76.3258,-46.3235,-76.32412048132258,-46.325251208791485,0.19234436476842842
a22a,2002-01-23,-76.3258,-46.3235,-76.3258,-46.3235,-76.3240940908191,-46.32504810048036,0.1940049718320003
a22a,2002-01-24,-76.3258,-46.3235,-76.3258,-46.3235,-76.32249430601483,-46.320013219003215,0.3788338994783056
a22a,2002-01-25,-76.3258,-46.3235,-76.3258,-46.3235,-76.32282592228655,-46.32113572050446,0.3364927015724051
a22a,2002-01-26,-76.3258,-46.3235,-76.3258,-46.3235,-76.32345865505808,-46.32361790297318,0.2603641289632915
a22a,2002-01-27,-76.3258,-46.3235,-76.3429,-46.154,-76.32262042844978,-46.32091869659362,4.931305657880505
a22a,2002-01-28,-76.3429,-46.154,-76.3429,-46.154,-76.34745406268715,-46.13784520842714,0.6604992705819187
a22a,2002-01-29,-76.3429,-46.154,-76.3429,-46.154,-76.33749808667072,-46.114820872273896,1.1913312093470083
a22a,2002-01-30,-76.3429,-46.154,-76.3429,-46.154,-76.34189966583905,-46.1567045949144,0.13196578952376095
a22a,2002-01-31,-76.3429,-46.154,-76.3429,-46.154,-76.33810361504806,-46.14878846559466,0.5506109292254728
a22a,2002-02-01,-76.3429,-46.154,-76.3429,-46.154,-76.33465564424621,-46.14027166264361,0.9850787328102135
a22a,2002-02-02,-76.3429,-46.154,-76.3429,-46.154,-76.33460516317807,-46.14184679281922,0.976005590749533
a22a,2002-02-03,-76.3429,-46.154,-76.3429,-46.154,-76.33618739274661,-46.1443394575939,0.7883427695493274
a22a,2002-02-04,-76.3429,-46.154,-76.3429,-46.154,-76.34115626647421,-46.15538184850459,0.19725965842698578
a22a,2002-02-05,-76.3429,-46.154,-76.3429,-46.154,-76.34145940318582,-46.15602228272911,0.16875757229573066
a22a,2002-02-06,-76.3429,-46.154,-76.3429,-46.154,-76.34162740613853,-46.156641144478044,0.1575836719234029
a22a,2002-02-07,-76.3429,-46.154,-76.3429,-46.154,-76.34113256044857,-46.15387790718293,0.19655645382178735
a22a,2002-02-08,-76.3429,-46.154,-76.3429,-46.154,-76.33665107376305,-46.14480243984025,0.7356300697597024
a22a,2002-02-09,-76.3429,-46.154,-76.3429,-46.154,-76.34018438888877,-46.15118109670291,0.3109010467610311
a22a,2002-02-10,-76.3429,-46.154,-76.3429,-46.154,-76.34192086190615,-46.15888767729632,0.16829036423518898
a22a,2002-02-11,-76.3429,-46.154,-76.3429,-46.154,-76.33532570770795,-46.14212483736574,0.898106547351363
a22a,2002-02-12,-76.3429,-46.154,-76.3429,-46.154,-76.34142015684564,-46.1573188592607,0.18619948743357587
a22a,2002-02-13,-76.3429,-46.154,-76.3429,-46.154,-76.34076007524195,-46.155855275845454,0.24288381877910745
a22a,2002-02-14,-76.3429,-46.154,-76.3429,-46.154,-76.33575250198268,-46.16789466950104,0.8745260769523145
a22a,2002-02-15,-76.3429,-46.154,-76.3429,-46.154,-76.34155744895921,-46.15716073451364,0.17080045212760342
a22a,2002-02-16,-76.3429,-46.154,-76.3429,-46.154,-76.34131641966904,-46.15933166969381,0.22495053280313865
a22a,2002-02-17,-76.3429,-46.154,-76.3429,-46.154,-76.3409940012998,-46.15296020029962,0.2136885696231045
a22a,2002-02-18,-76.3429,-46.154,-76.3429,-46.154,-76.34110765078697,-46.15334924443616,0.20003120988483092
a22a,2002-02-19,-76.3429,-46.154,-76.3429,-46.154,-76.33715713922594,-46.146862874316184,0.66551214344424
a22a,2002-02-20,-76.3429,-46.154,-76.3429,-46.154,-76.34059370615394,-46.1555529545779,0.25966955324149005
a22a,2002-02-21,-76.3429,-46.154,-76.3429,-46.154,-76.34172971101854,-46.157468282752376,0.15882697111882635
a22a,2002-02-22,-76.3429,-46.154,-76.3429,-46.154,-76.340005500017,-46.15367331363851,0.32196799788472924
a22a,2002-02-23,-76.3429,-46.154,-76.3429,-46.154,-76.336323912183,-46.14458375399386,0.7719060284365713
a22a,2002-02-24,-76.3429,-46.154,-76.3429,-46.154,-76.34076433809237,-46.15408529647357,0.23748532937021372
a22a,2002-02-25,-76.3429,-46.154,-76.3429,-46.154,-76.34163151943922,-46.15777322863738,0.17236350705315498
a22a,2002-02-26,-76.3429,-46.154,-76.3429,-46.154,-76.34929299577163,-46.13838878072613,0.8205143395332025
a22a,2002-02-27,-76.3429,-46.154,-76.3429,-46.154,-76.34069024260943,-46.156098541412064,0.2518160041256571
a22a,2002-02-28,-76.3429,-46.154,-76.3429,-46.154,-76.34111333343387,-46.15532222648528,0.20167871136603174
a22a,2002-03-01,-76.3429,-46.154,-76.4435,-45.9548,-76.3379942101189,-46.147536023461015,12.76957289381064
a22a,2002-03-02,-76.4435,-45.9548,-76.4435,-45.9548,-76.45140178320106,-45.917456065079335,1.3110601968339095
a22a,2002-03-03,-76.4435,-45.9548,-76.4435,-45.9548,-76.438350615359,-45.93443181119494,0.7808974521990207
a22a,2002-03-04,-76.4435,-45.9548,-76.4435,-45.9548,-76.43525681302468,-45.943023097594335,0.9666628413424281
a22a,2002-03-05,-76.4435,-45.9548,-76.4435,-45.9548,-76.43203231209216,-45.936979232757096,1.357178884280801
a22a,2002-03-06,-76.4435,-45.9548,-76.4435,-45.9548,-76.43143971045903,-45.93455463999905,1.4412120312007939
a22a,2002-03-07,-76.4435,-45.9548,-76.4435,-45.9548,-76.43476040460943,-45.9418655389257,1.028650467813756
a22a,2002-03-08,-76.4435,-45.9548,-76.4435,-45.9548,-76.4344148432067,-45.94176588602522,1.065852904731934
a22a,2002-03-09,-76.4435,-45.9548,-76.4435,-45.9548,-76.43476631727553,-45.943717889576305,1.0132139131095093
a22a,2002-03-10,-76.4435,-45.9548,-76.4435,-45.9548,-76.44127281373063,-45.95597407948438,0.24953565914821146
a22a,2002-03-11,-76.4435,-45.9548,-76.4435,-45.9548,-76.43579271833795,-45.94339773145012,0.9071060198762014
a22a,2002-03-12,-76.4435,-45.9548,-76.4435,-45.9548,-76.43062510379693,-45.934729411918,1.524291865339129
a22a,2002-03-13,-76.4435,-45.9548,-76.4435,-45.9548,-76.43580421890881,-45.943165670435235,0.9079013210550966
a22a,2002-03-14,-76.4435,-45.9548,-76.4435,-45.9548,-76.43582621890882,-45.94333317043524,0.9041425245683911
a22a,2002-03-15,-76.4435,-45.9548,-76.406,-45.9305,-76.44089128276988,-45.95506434093596,3.932359872931214
a22a,2002-03-16,-76.406,-45.9305,-76.406,-45.9305,-76.39225206813454,-45.921409729533735,1.5470692641626482
a22a,2002-03-17,-76.406,-45.9305,-76.406,-45.9305,-76.39649397706187,-45.919053870654466,1.098565148407089
a22a,2002-03-18,-76.406,-45.9305,-76.406,-45.9305,-76.39837798984139,-45.9191693085715,0.8978011688774775
a22a,2002-03-19,-76.406,-45.9305,-76.406,-45.9305,-76.39340450145494,-45.91133142838524,1.4875352562152997
a22a,2002-03-20,-76.406,-45.9305,-76.406,-45.9305,-76.39977327904442,-45.921679340377665,0.7297656898313369
a22a,2002-03-21,-76.406,-45.9305,-76.406,-45.9305,-76.39405585858736,-45.911950394752836,1.4139154200007895
a22a,2002-03-22,-76.406,-45.9305,-76.406,-45.9305,-76.39906864791014,-45.92053124241298,0.8135967871377882
a22a,2002-03-23,-76.406,-45.9305,-76.406,-45.9305,-76.40051274835274,-45.92312987884873,0.6398482869497286
a22a,2002-03-24,-76.406,-45.9305,-76.406,-45.9305,-76.40272709039262,-45.928812795985664,0.36659324922117054
a22a,2002-03-25,-76.406,-45.9305,-76.406,-45.9305,-76.40303852164784,-45.92983093767353,0.3297654036968294
a22a,2002-03-26,-76.406,-45.9305,-76.406,-45.9305,-76.40261665902086,-45.92912446549212,0.3779245252208492
a22a,2002-03-27,-76.406,-45.9305,-76.3364,-45.9688,-76.40132677717585,-45.92796921935468,7.298386678964606
a22a,2002-03-28,-76.3364,-45.9688,-76.3364,-45.9688,-76.31128903008809,-45.982133277300676,2.8141295501127583
a22a,2002-03-29,-76.3364,-45.9688,-76.3364,-45.9688,-76.32071926699263,-45.99245393506993,1.8511243174107386
a22a,2002-03-30,-76.3364,-45.9688,-76.3364,-45.9688,-76.33506917950744,-45.97121475406544,0.16100195625773522
a22a,2002-03-31,-76.3364,-45.9688,-76.3428,-46.2443,-76.32778813738462,-45.95606458003991,7.753365969906765
a22a,2002-04-01,-76.3428,-46.2443,-76.3428,-46.2443,-76.3421750781746,-46.27846589761904,0.8997158711649659
a22a,2002-04-02,-76.3428,-46.2443,-76.3428,-46.2443,-76.34233656550275,-46.282647258593954,1.008122502905789
a22a,2002-04-03,-76.3428,-46.2443,-76.3428,-46.2443,-76.34045490653695,-46.24583387123894,0.26385432861033176
a22a,2002-04-04,-76.3428,-46.2443,-76.3428,-46.2443,-76.33980985113388,-46.24319807843952,0.33374591791147984
a22a,2002-04-05,-76.3428,-46.2443,-76.3105,-46.7727,-76.34114796227675,-46.24593959024597,14.259842414570565
a22a,2002-04-06,-76.3105,-46.7727,-76.3105,-46.7727,-76.30197451203705,-46.819918756481485,1.563213521215147
a22a,2002-04-07,-76.3105,-46.7727,-76.3105,-46.7727,-76.31124730146801,-46.8378023243221,1.715161986451766
a22a,2002-04-08,-76.3105,-46.7727,-76.3105,-46.7727,-76.30948304402581,-46.77532646521624,0.13253151114845346
a22a,2002-04-09,-76.3105,-46.7727,-76.3105,-46.7727,-76.30790301068764,-46.771299241015186,0.2911156376680901
a22a,2002-04-10,-76.3105,-46.7727,-76.3105,-46.7727,-76.30881900955998,-46.774496338998745,0.1928031255754196
a22a,2002-04-11,-76.3105,-46.7727,-76.3105,-46.7727,-76.30164551800019,-46.758817682828635,1.0502035023964693
a22a,2002-04-12,-76.3105,-46.7727,-76.3105,-46.7727,-76.30200202880292,-46.75767462098199,1.0243683948312268
a22a,2002-04-13,-76.3105,-46.7727,-76.3105,-46.7727,-76.30630486013884,-46.76873453044118,0.47801127812396105
a22a,2002-04-14,-76.3105,-46.7727,-76.3105,-46.7727,-76.30646182660901,-46.76840141977837,0.4630577575978224
a22a,2002-04-15,-76.3105,-46.7727,-76.2568,-46.7616,-76.30762412052447,-46.77235530583883,5.658495911480695
a22a,2002-04-16,-76.2568,-46.7616,-76.231,-46.8947,-76.23897551355412,-46.760555714667646,3.658277491746204
a22a,2002-04-17,-76.231,-46.8947,-76.286,-47.0152,-76.20930396546255,-46.91356351982347,8.941386005201988
a22a,2002-04-18,-76.286,-47.0152,-76.28,-46.8156,-76.3048263975456,-47.0241111960317,6.14870366703439
a22a,2002-04-19,-76.28,-46.8156,-76.28,-46.8156,-76.2755548568394,-46.81435614740897,0.4953650787749846
a22a,2002-04-20,-76.28,-46.8156,-76.28,-46.8156,-76.28146667974694,-46.7873956326664,0.7614619637178827
a22a,2002-04-21,-76.28,-46.8156,-76.28,-46.8156,-76.2771013117727,-46.812743840828375,0.3310058562726541
a22a,2002-04-22,-76.28,-46.8156,-76.2408,-46.979,-76.27740099862126,-46.81370729003274,5.968540486779828
a22a,2002-04-23,-76.2408,-46.979,-76.2408,-46.979,-76.22593372946677,-46.99068184197148,1.6817064903606114
a22a,2002-04-24,-76.2408,-46.979,-76.2408,-46.979,-76.23504468571525,-46.98629696633071,0.6684371060936183
a22a,2002-04-25,-76.2408,-46.979,-76.2408,-46.979,-76.23546017732727,-46.9719554469649,0.6223146032758307
a22a,2002-04-26,-76.2408,-46.979,-76.3373,-47.1293,-76.23982321781142,-46.98171659149051,11.515762308848121
a22a,2002-04-27,-76.3373,-47.1293,-76.3373,-47.1293,-76.36573724444445,-47.24351182526456,4.356478594519937
a22a,2002-04-28,-76.3373,-47.1293,-76.3373,-47.1293,-76.33574028483896,-47.182702818027366,1.4133774305924705
a22a,2002-04-29,-76.3373,-47.1293,-76.3373,-47.1293,-76.33562196720223,-47.13088372460217,0.19116960367681382
a22a,2002-04-30,-76.3373,-47.1293,-76.3373,-47.1293,-76.3351577898049,-47.130378642001915,0.2398819677856724
a22a,2002-05-01,-76.3373,-47.1293,-76.3373,-47.1293,-76.33535181615953,-47.12782476469275,0.22006655422941973
a22a,2002-05-02,-76.3373,-47.1293,-76.3373,-47.1293,-76.33484956054319,-47.12910777203143,0.27252321602015106
a22a,2002-05-03,-76.3373,-47.1293,-76.3373,-47.1293,-76.33305275198255,-47.125078886903026,0.4851149168417035
a22a,2002-05-04,-76.3373,-47.1293,-76.3373,-47.1293,-76.32969657384156,-47.11875115604229,0.8897263860623038
a22a,2002-05-05,-76.3373,-47.1293,-76.3373,-47.1293,-76.33177947244819,-47.121310615547145,0.6487432950321282
a22a,2002-05-06,-76.3373,-47.1293,-76.3373,-47.1293,-76.33117700958044,-47.12060776344052,0.7181187588471968
a22a,2002-05-07,-76.3373,-47.1293,-76.3373,-47.1293,-76.3327532285469,-47.124040350784554,0.5241173725888909
a22a,2002-05-08,-76.3373,-47.1293,-76.3373,-47.1293,-76.33441162283148,-47.1289504854947,0.3213040811597048
a22a,2002-05-09,-76.3373,-47.1293,-76.3373,-47.1293,-76.3306382640918,-47.13361997059434,0.7493947587475898
a22a,2002-05-10,-76.3373,-47.1293,-76.3373,-47.1293,-76.33457017212385,-47.13028241896586,0.30463796505777235
a22a,2002-05-11,-76.3373,-47.1293,-76.3373,-47.1293,-76.33305304942674,-47.12437333561647,0.48965192192189605
a22a,2002-05-12,-76.3373,-47.1293,-76.3373,-47.1293,-76.33592355316276,-47.13102051059374,0.15958616332116154
a22a,2002-05-13,-76.3373,-47.1293,-76.3373,-47.1293,-76.3346848984801,-47.129883474497376,0.29118963995663516
a22a,2002-05-14,-76.3373,-47.1293,-76.3373,-47.1293,-76.32918932759387,-47.117363553620606,0.954833404758491
a22a,2002-05-15,-76.3373,-47.1293,-76.3373,-47.1293,-76.33021958383654,-47.1194219356841,0.8289739197789809
a22a,2002-05-16,-76.3373,-47.1293,-76.3217,-46.9733,-76.33563546458379,-47.13093476990184,4.423129492580862
a22a,2002-05-17,-76.3217,-46.9733,-76.3217,-46.9733,-76.31230260974617,-46.95935680769969,1.1074337094532438
a22a,2002-05-18,-76.3217,-46.9733,-76.3217,-46.9733,-76.31557139533818,-46.95671885364078,0.8090557920024248
a22a,2002-05-19,-76.3217,-46.9733,-76.3217,-46.9733,-76.31656160404111,-46.9679843678357,0.5882171174327194
a22a,2002-05-20,-76.3217,-46.9733,-76.3217,-46.9733,-76.31679350119714,-46.96566048872833,0.5813950988160311
a22a,2002-05-21,-76.3217,-46.9733,-76.3217,-46.9733,-76.31685547129291,-46.96689163989535,0.5644350304072142
a22a,2002-05-22,-76.3217,-46.9733,-76.3217,-46.9733,-76.31673292810183,-46.96637582643686,0.5815580511957656
a22a,2002-05-23,-76.3217,-46.9733,-76.3217,-46.9733,-76.32013015870736,-46.97530741693325,0.18236515983792478
a22a,2002-05-24,-76.3217,-46.9733,-76.3217,-46.9733,-76.32044642016064,-46.975286538662544,0.14885815687473772
a22a,2002-05-25,-76.3217,-46.9733,-76.3217,-46.9733,-76.31421517754,-46.96231761858306,0.8809742212697983
a22a,2002-05-26,-76.3217,-46.9733,-76.3217,-46.9733,-76.31902507272869,-46.971310732686646,0.302003389072447
a22a,2002-05-27,-76.3217,-46.9733,-76.3217,-46.9733,-76.31879769751062,-46.973294530721006,0.32272134445682277
a22a,2002-05-28,-76.3217,-46.9733,-76.3217,-46.9733,-76.31876511441686,-46.97454452254925,0.32798130025734
a22a,2002-05-29,-76.3217,-46.9733,-76.3217,-46.9733,-76.31878515522084,-46.97459135622984,0.3258900925434404
a22a,2002-05-30,-76.3217,-46.9733,-76.3217,-46.9733,-76.3197087290337,-46.97728699012603,0.24498659439786968
a22a,2002-05-31,-76.3217,-46.9733,-76.3217,-46.9733,-76.31907500699128,-46.97376787632061,0.29214510244620356
a22a,2002-06-01,-76.3217,-46.9733,-76.3217,-46.9733,-76.31929761065409,-46.97323972921754,0.2671382087263055
a22a,2002-06-02,-76.3217,-46.9733,-76.3217,-46.9733,-76.31929188462665,-46.97427892258929,0.2690047436194994
a22a,2002-06-03,-76.3217,-46.9733,-76.3217,-46.9733,-76.31662952431839,-46.96718844989056,0.5862734350433408
a22a,2002-06-04,-76.3217,-46.9733,-76.3217,-46.9733,-76.31638097714398,-46.96601879907794,0.621674961515213
a22a,2002-06-05,-76.3217,-46.9733,-76.3217,-46.9733,-76.31917124300458,-46.97168047390497,0.2843918509188226
a22a,2002-06-06,-76.3217,-46.9733,-76.3217,-46.9733,-76.31882405534256,-46.97304344582835,0.31986161368468546
a22a,2002-06-07,-76.3217,-46.9733,-76.3217,-46.9733,-76.32044564873773,-46.97720963313992,0.17327137193474504
a22a,2002-06-08,-76.3217,-46.9733,-76.3217,-46.9733,-76.31996282319697,-46.97591214491243,0.20501453091279875
a22a,2002-06-09,-76.3217,-46.9733,-76.3217,-46.9733,-76.3200368313102,-46.97486830192804,0.18947827995462604
a22a,2002-06-10,-76.3217,-46.9733,-76.3217,-46.9733,-76.31907500699128,-46.97376787632061,0.29214510244620356
a22a,2002-06-11,-76.3217,-46.9733,-76.3217,-46.9733,-76.31866305012024,-46.973475554807294,0.337724974221452
a22a,2002-06-12,-76.3217,-46.9733,-76.3217,-46.9733,-76.31893136079846,-46.97369922932643,0.3080375889025494
a22a,2002-06-13,-76.3217,-46.9733,-76.3217,-46.9733,-76.32037519841502,-46.97651882119473,0.16989593263866487
a22a,2002-06-14,-76.3217,-46.9733,-76.3217,-46.9733,-76.3204149070537,-46.976243728713655,0.16251469862010393
a22a,2002-06-15,-76.3217,-46.9733,-76.3217,-46.9733,-76.3167899708941,-46.965907359940445,0.5795533688602535
a22a,2002-06-16,-76.3217,-46.9733,-76.3217,-46.9733,-76.31643552611024,-46.96684679231072,0.6094883254336305
a22a,2002-06-17,-76.3217,-46.9733,-76.3217,-46.9733,-76.31865533692023,-46.973073796294926,0.33860334297344974
a22a,2002-06-18,-76.3217,-46.9733,-76.3217,-46.9733,-76.31585239716152,-46.965880388680915,0.6788728374809001
a22a,2002-06-19,-76.3217,-46.9733,-76.3217,-46.9733,-76.31649830589261,-46.967138485427284,0.6006719103982749
a22a,2002-06-20,-76.3217,-46.9733,-76.3217,-46.9733,-76.3162854892287,-46.96565300782282,0.6347671552017696
a22a,2002-06-21,-76.3217,-46.9733,-76.3217,-46.9733,-76.31321137789479,-46.95889606335908,1.0170859215325796
a22a,2002-06-22,-76.3217,-46.9733,-76.3217,-46.9733,-76.31696775680854,-46.96990698824891,0.5337136782435037
a22a,2002-06-23,-76.3217,-46.9733,-76.3217,-46.9733,-76.31748244734793,-46.968232970788705,0.4875345437507629
a22a,2002-06-24,-76.3217,-46.9733,-76.3217,-46.9733,-76.32035985579645,-46.976120806305005,0.16645724514156374
a22a,2002-06-25,-76.3217,-46.9733,-76.3217,-46.9733,-76.31886554473628,-46.9740431837422,0.31578238864704083
a22a,2002-06-26,-76.3217,-46.9733,-76.3217,-46.9733,-76.31503804501936,-46.963910336041124,0.7808549736096958
a22a,2002-06-27,-76.3217,-46.9733,-76.3217,-46.9733,-76.31698247277623,-46.96697764442138,0.5502855853064119
a22a,2002-06-28,-76.3217,-46.9733,-76.3217,-46.9733,-76.31770815583845,-46.969063158914224,0.4576435719483342
a22a,2002-06-29,-76.3217,-46.9733,-76.3217,-46.9733,-76.31907090670748,-46.97392002321533,0.29279615610617954
a22a,2002-06-30,-76.3217,-46.9733,-76.3217,-46.9733,-76.3188646275908,-46.974071956007236,0.31593188931298144
a22a,2002-07-01,-76.3217,-46.9733,-76.3217,-46.9733,-76.31436411603653,-46.96325093153388,0.8574635051779174
a22a,2002-07-02,-76.3217,-46.9733,-76.3217,-46.9733,-76.32000016341256,-46.97507839090011,0.19471234485998729
a22a,2002-07-03,-76.3217,-46.9733,-76.3217,-46.9733,-76.31831563934817,-46.969801719003215,0.3874052249926433
a22a,2002-07-04,-76.3217,-46.9733,-76.3217,-46.9733,-76.31421517754,-46.96231761858306,0.8809742212697983
a22a,2002-07-05,-76.3217,-46.9733,-76.3217,-46.9733,-76.31995044836687,-46.971871312846304,0.19813558052144925
a22a,2002-07-06,-76.3217,-46.9733,-76.3217,-46.9733,-76.31970067358445,-46.97516158143273,0.22764068610224036
a22a,2002-07-07,-76.3217,-46.9733,-76.3217,-46.9733,-76.31978272326171,-46.973588238948594,0.2133261410503106
a22a,2002-07-08,-76.3217,-46.9733,-76.3217,-46.9733,-76.31944654264981,-46.97351494156297,0.25063676505122434
a22a,2002-07-09,-76.3217,-46.9733,-76.3217,-46.9733,-76.32031825530933,-46.97531175564123,0.1624949608154888
a22a,2002-07-10,-76.3217,-46.9733,-76.3217,-46.9733,-76.32034308427708,-46.974318104917415,0.15323884049960343
a22a,2002-07-11,-76.3217,-46.9733,-76.3217,-46.9733,-76.32042509590693,-46.97534518990253,0.15162097261581411
a22a,2002-07-12,-76.3217,-46.9733,-76.3217,-46.9733,-76.32023718149443,-46.976488759285786,0.1829987331338066
a22a,2002-07-13,-76.3217,-46.9733,-76.3217,-46.9733,-76.32002173057288,-46.976097269966886,0.20058851852533388
a22a,2002-07-14,-76.3217,-46.9733,-76.3217,-46.9733,-76.33131766169798,-47.07824747411931,2.95861118462427
a22a,2002-07-15,-76.3217,-46.9733,-76.3217,-46.9733,-76.31924199863334,-46.98092250023549,0.3389408092747791
a22a,2002-07-16,-76.3217,-46.9733,-76.3217,-46.9733,-76.31460655627794,-46.978239682531466,0.7993829993278515
a22a,2002-07-17,-76.3217,-46.9733,-76.3217,-46.9733,-76.31947528054123,-46.974738834250246,0.25025428842904623
a22a,2002-07-18,-76.3217,-46.9733,-76.3217,-46.9733,-76.3203674171933,-46.97644658822378,0.16971261432620588
a22a,2002-07-19,-76.3217,-46.9733,-76.3217,-46.9733,-76.31774525157253,-46.96920486522242,0.45274302398994326
a22a,2002-07-20,-76.3217,-46.9733,-76.3217,-46.9733,-76.31548499021652,-46.964525167639266,0.728592679221485
a22a,2002-07-21,-76.3217,-46.9733,-76.3217,-46.9733,-76.31925677898971,-46.97397313436878,0.27224983656707474
a22a,2002-07-22,-76.3217,-46.9733,-76.3217,-46.9733,-76.32039169019689,-46.975484031007,0.15640303106107153
a22a,2002-07-23,-76.3217,-46.9733,-76.3217,-46.9733,-76.3133517220906,-46.960775677086815,0.9850027958883973
a22a,2002-07-24,-76.3217,-46.9733,-76.3217,-46.9733,-76.31330582158289,-46.96052357610793,0.992040953596659
a22a,2002-07-25,-76.3217,-46.9733,-76.3217,-46.9733,-76.31370780947415,-46.96184459283475,0.9383774628129433
a22a,2002-07-26,-76.3217,-46.9733,-76.3217,-46.9733,-76.32066709394371,-46.975883488929725,0.13344055777415065
a22a,2002-07-27,-76.3217,-46.9733,-76.3217,-46.9733,-76.31986946081919,-46.97272633867004,0.20410488521099837
a22a,2002-07-28,-76.3217,-46.9733,-76.3217,-46.9733,-76.31930626161449,-46.97325306012084,0.2661744262986582
a22a,2002-07-29,-76.3217,-46.9733,-76.3217,-46.9733,-76.31997383736659,-46.97291612047263,0.19220578611023398
a22a,2002-07-30,-76.3217,-46.9733,-76.3217,-46.9733,-76.31875210504309,-46.97647274950643,0.33824273329455606
a22a,2002-07-31,-76.3217,-46.9733,-76.3217,-46.9733,-76.31975105859354,-46.973727136333366,0.21700327499403335
a22a,2002-08-01,-76.3217,-46.9733,-76.3217,-46.9733,-76.31956433809238,-46.973385296473566,0.23748536155059669
a22a,2002-08-02,-76.3217,-46.9733,-76.3217,-46.9733,-76.31757015446925,-46.9684695822244,0.47646403152027117
a22a,2002-08-03,-76.3217,-46.9733,-76.3217,-46.9733,-76.31654750603714,-46.96529017664662,0.6104295110806947
a22a,2002-08-04,-76.3217,-46.9733,-76.3217,-46.9733,-76.31880878010182,-46.97294938218323,0.3216211734858728
a22a,2002-08-05,-76.3217,-46.9733,-76.3217,-46.9733,-76.31635515159331,-46.965825518155555,0.62598526658993
a22a,2002-08-06,-76.3217,-46.9733,-76.3217,-46.9733,-76.31947665589837,-46.97516554509147,0.2520448219586886
a22a,2002-08-07,-76.3217,-46.9733,-76.3217,-46.9733,-76.31680440705978,-46.966365395765166,0.5741019690099763
a22a,2002-08-08,-76.3217,-46.9733,-76.3217,-46.9733,-76.31977947242183,-46.972480191846216,0.2146382716739088
a22a,2002-08-09,-76.3217,-46.9733,-76.3217,-46.9733,-76.31902258959721,-46.97123894768265,0.30260772903882577
a22a,2002-08-10,-76.3217,-46.9733,-76.3217,-46.9733,-76.32013081093558,-46.97623019762773,0.1907414303800838
a22a,2002-08-11,-76.3217,-46.9733,-76.3217,-46.9733,-76.31995896963042,-46.97464928463418,0.19681823325236172
a22a,2002-08-12,-76.3217,-46.9733,-76.3217,-46.9733,-76.31452275050322,-46.96343860235078,0.8391614487995501
a22a,2002-08-13,-76.3217,-46.9733,-76.3217,-46.9733,-76.31702212380294,-46.96729071904258,0.5436339031670328
a22a,2002-08-14,-76.3217,-46.9733,-76.3217,-46.9733,-76.32020445110341,-46.97390027907187,0.16704490501577454
a22a,2002-08-15,-76.3217,-46.9733,-76.3703,-47.2116,-76.31391508084988,-46.96242282820663,9.061533904342847
a22a,2002-08-16,-76.3703,-47.2116,-76.3703,-47.2116,-76.37629659030968,-47.2572348542744,1.3688746866603079
a22a,2002-08-17,-76.3703,-47.2116,-76.3418,-47.1287,-76.36231003171851,-47.291294927583294,4.83735511750722
a22a,2002-08-18,-76.3418,-47.1287,-76.3418,-47.1287,-76.32834954657733,-47.11305485713862,1.551061855584873
a22a,2002-08-19,-76.3418,-47.1287,-76.3418,-47.1287,-76.335457110624,-47.119400242033635,0.7463873459430819
a22a,2002-08-20,-76.3418,-47.1287,-76.3418,-47.1287,-76.33861012043648,-47.12890162035757,0.3547379356582135
a22a,2002-08-21,-76.3418,-47.1287,-76.3418,-47.1287,-76.33966007524195,-47.13055527584547,0.24288459068572738
a22a,2002-08-22,-76.3418,-47.1287,-76.3418,-47.1287,-76.33896554473628,-47.12944318374221,0.3157806465305305
a22a,2002-08-23,-76.3418,-47.1287,-76.3418,-47.1287,-76.33978943435415,-47.130665353067116,0.22944375071400663
a22a,2002-08-24,-76.3418,-47.1287,-76.3418,-47.1287,-76.33975486564266,-47.129329645129985,0.2280087919174372
a22a,2002-08-25,-76.3418,-47.1287,-76.3418,-47.1287,-76.33751585167316,-47.12227970912764,0.5053310529883918
a22a,2002-08-26,-76.3418,-47.1287,-76.3418,-47.1287,-76.3393369723221,-47.12936475374005,0.27443188586035283
a22a,2002-08-27,-76.3418,-47.1287,-76.3418,-47.1287,-76.33431517754,-47.11771761858307,0.8808378247939475
a22a,2002-08-28,-76.3418,-47.1287,-76.3418,-47.1287,-76.33847136968002,-47.125573533306294,0.37912290930019565
a22a,2002-08-29,-76.3418,-47.1287,-76.3418,-47.1287,-76.33426121296964,-47.117026639308364,0.8925794018589421
a22a,2002-08-30,-76.3418,-47.1287,-76.3418,-47.1287,-76.3378196682999,-47.12340739086292,0.46390194409245117
a22a,2002-08-31,-76.3418,-47.1287,-76.3418,-47.1287,-76.33955418534909,-47.129552754067646,0.2507251039625369
a22a,2002-09-01,-76.3418,-47.1287,-76.3418,-47.1287,-76.34049667969563,-47.13253695940659,0.1765021204356029
a22a,2002-09-02,-76.3418,-47.1287,-76.3418,-47.1287,-76.34030742317928,-47.13168895446202,0.1835883111906576
a22a,2002-09-03,-76.3418,-47.1287,-76.3418,-47.1287,-76.33837854361408,-47.125060012695,0.39227229376581374
a22a,2002-09-04,-76.3418,-47.1287,-76.3418,-47.1287,-76.33795991320729,-47.12491072211276,0.43843924038097787
a22a,2002-09-05,-76.3418,-47.1287,-76.3418,-47.1287,-76.3376149876065,-47.12465027345752,0.4773492778925611
a22a,2002-09-06,-76.3418,-47.1287,-76.3418,-47.1287,-76.33429495639317,-47.11795246368541,0.8809671752961651
a22a,2002-09-07,-76.3418,-47.1287,-76.3418,-47.1287,-76.33551559713946,-47.119542101564434,0.7390240326443756
a22a,2002-09-08,-76.3418,-47.1287,-76.3418,-47.1287,-76.32852293516244,-47.11770861392401,1.504311257708571
a22a,2002-09-09,-76.3418,-47.1287,-76.3418,-47.1287,-76.33602132607251,-47.121916644895805,0.6667963643447194
a22a,2002-09-10,-76.3418,-47.1287,-76.3418,-47.1287,-76.33725808436297,-47.122615083529524,0.5297145061026746
a22a,2002-09-11,-76.3418,-47.1287,-76.3418,-47.1287,-76.33081874166865,-47.124939852218034,1.2250481325106806
a22a,2002-09-12,-76.3418,-47.1287,-76.3418,-47.1287,-76.3343360750942,-47.11865440776788,0.8708760335818095
a22a,2002-09-13,-76.3418,-47.1287,-76.3418,-47.1287,-76.33957419188226,-47.129692008161214,0.24886557249287855
a22a,2002-09-14,-76.3418,-47.1287,-76.3418,-47.1287,-76.3397469597773,-47.13030053006753,0.23212397931524048
a22a,2002-09-15,-76.3418,-47.1287,-76.3418,-47.1287,-76.33780622169004,-47.12366239293351,0.4633726821849775
a22a,2002-09-16,-76.3418,-47.1287,-76.3418,-47.1287,-76.33225665168739,-47.114373882540235,1.125909908856329
a22a,2002-09-17,-76.3418,-47.1287,-76.3418,-47.1287,-76.33075281946869,-47.12026736215995,1.2482005320023828
a22a,2002-09-18,-76.3418,-47.1287,-76.3418,-47.1287,-76.34036093581472,-47.129420911302645,0.16113239862647896
a22a,2002-09-19,-76.3418,-47.1287,-76.3418,-47.1287,-76.33336124559294,-47.117925514531464,0.980089192250554
a22a,2002-09-20,-76.3418,-47.1287,-76.3418,-47.1287,-76.33915775287404,-47.12679944721691,0.29801294511346116
a22a,2002-09-21,-76.3418,-47.1287,-76.3418,-47.1287,-76.33832398490587,-47.12542794855577,0.3959504846405805
a22a,2002-09-22,-76.3418,-47.1287,-76.3418,-47.1287,-76.33325177139983,-47.115664001351206,1.0103038411251026
a22a,2002-09-23,-76.3418,-47.1287,-76.3418,-47.1287,-76.34078732571446,-47.13170938865511,0.13756323113968486
a22a,2002-09-24,-76.3418,-47.1287,-76.3418,-47.1287,-76.3373778126966,-47.12608086867772,0.49651176851278117
a22a,2002-09-25,-76.3418,-47.1287,-76.3418,-47.1287,-76.33758065570656,-47.123659733410165,0.48748245742391916
a22a,2002-09-26,-76.3418,-47.1287,-76.3418,-47.1287,-76.33428426693963,-47.117949254004145,0.882120220288928
a22a,2002-09-27,-76.3418,-47.1287,-76.3418,-47.1287,-76.33634081703045,-47.12119177013827,0.6382543424273287
a22a,2002-09-28,-76.3418,-47.1287,-76.3418,-47.1287,-76.33360630352652,-47.11691515966717,0.9622370683615428
a22a,2002-09-29,-76.3418,-47.1287,-76.3418,-47.1287,-76.33376883797057,-47.11777853562279,0.9379607428633051
a22a,2002-09-30,-76.3418,-47.1287,-76.3418,-47.1287,-76.33052595142676,-47.11142095587218,1.333248837204521
a22a,2002-10-01,-76.3418,-47.1287,-76.3418,-47.1287,-76.33735776580633,-47.12380656007619,0.5103957970027312
a22a,2002-10-02,-76.3418,-47.1287,-76.3418,-47.1287,-76.3335224985649,-47.12831720692097,0.9204710720081721
a22a,2002-10-03,-76.3418,-47.1287,-76.3418,-47.1287,-76.33848369676353,-47.12630876671747,0.3740641240651227
a22a,2002-10-04,-76.3418,-47.1287,-76.3418,-47.1287,-76.3407649330281,-47.13133041208786,0.13422747949111954
a22a,2002-10-05,-76.3418,-47.1287,-76.3418,-47.1287,-76.33278631992354,-47.11697345595269,1.0485312818834376
a22a,2002-10-06,-76.3418,-47.1287,-76.3418,-47.1287,-76.3354807615537,-47.1314657853533,0.7064115362662233
a22a,2002-10-07,-76.3418,-47.1287,-76.3418,-47.1287,-76.33933908020042,-47.12983835289472,0.2752695852828873
a22a,2002-10-08,-76.3418,-47.1287,-76.3418,-47.1287,-76.336156546908,-47.13307429869647,0.6379515443278728
a22a,2002-10-09,-76.3418,-47.1287,-76.3418,-47.1287,-76.33921043216208,-47.13087514841223,0.29355697151245935
a22a,2002-10-10,-76.3418,-47.1287,-76.3418,-47.1287,-76.34041942593463,-47.132595322284175,0.18446632124090565
a22a,2002-10-11,-76.3418,-47.1287,-76.3418,-47.1287,-76.34011900955998,-47.13049633899874,0.19277715636077458
a22a,2002-10-12,-76.3418,-47.1287,-76.3418,-47.1287,-76.34066837332857,-47.13009421257459,0.1310482981788646
a22a,2002-10-13,-76.3418,-47.1287,-76.3418,-47.1287,-76.33480979397528,-47.11651679679551,0.8405569943679123
a22a,2002-10-14,-76.3418,-47.1287,-76.3418,-47.1287,-76.33608404194896,-47.12017690956901,0.6738467787760094
a22a,2002-10-15,-76.3418,-47.1287,-76.3418,-47.1287,-76.33883160562739,-47.12632891025618,0.33589154505773583
a22a,2002-10-16,-76.3418,-47.1287,-76.3418,-47.1287,-76.34003924370518,-47.12997957163648,0.1986492145398663
a22a,2002-10-17,-76.3418,-47.1287,-76.3418,-47.1287,-76.33858250419645,-47.12899773165125,0.35785462507028604
a22a,2002-10-18,-76.3418,-47.1287,-76.3418,-47.1287,-76.33462275050321,-47.11883860235076,0.8390459981264428
a22a,2002-10-19,-76.3418,-47.1287,-76.3418,-47.1287,-76.33600327285406,-47.12046576058327,0.6798739844582992
a22a,2002-10-20,-76.3418,-47.1287,-76.3418,-47.1287,-76.34049867253363,-47.13200069254205,0.16867060973337114
a22a,2002-10-21,-76.3418,-47.1287,-76.3418,-47.1287,-76.33906479038377,-47.129561620919134,0.3049818253332597
a22a,2002-10-22,-76.3418,-47.1287,-76.3418,-47.1287,-76.3364686224633,-47.13263007770291,0.6017393586886902
a22a,2002-10-23,-76.3418,-47.1287,-76.3418,-47.1287,-76.34049342487685,-47.1320231781599,0.16947471034042805
a22a,2002-10-24,-76.3418,-47.1287,-76.3418,-47.1287,-76.33907744960045,-47.12974860206924,0.3039834456556638
a22a,2002-10-25,-76.3418,-47.1287,-76.3418,-47.1287,-76.3399075622914,-47.13192752779736,0.22685446391503372
a22a,2002-10-26,-76.3418,-47.1287,-76.3418,-47.1287,-76.33628432497348,-47.124338780062715,0.6239175317623171
a22a,2002-10-27,-76.3418,-47.1287,-76.3418,-47.1287,-76.33596956771403,-47.124646595974525,0.6569956467320333
a22a,2002-10-28,-76.3418,-47.1287,-76.3418,-47.1287,-76.33569698555816,-47.12008112394102,0.7153776751969633
a22a,2002-10-29,-76.3418,-47.1287,-76.3418,-47.1287,-76.33885868897818,-47.12796458626457,0.3276284907922165
a22a,2002-10-30,-76.3418,-47.1287,-76.3418,-47.1287,-76.33598148567482,-47.11990903693328,0.6869459449251799
a22a,2002-10-31,-76.3418,-47.1287,-76.3418,-47.1287,-76.3404976382075,-47.13201376510665,0.16894581785167967
a22a,2002-11-01,-76.3418,-47.1287,-76.3418,-47.1287,-76.33695009873765,-47.13539215901142,0.5671975799288164
a22a,2002-11-02,-76.3418,-47.1287,-76.3418,-47.1287,-76.33748202366561,-47.12439183195434,0.4932859192103597
a22a,2002-11-03,-76.3418,-47.1287,-76.3418,-47.1287,-76.33844485493341,-47.126257442986685,0.3785485862568808
a22a,2002-11-04,-76.3418,-47.1287,-76.3418,-47.1287,-76.33746125190588,-47.12910940553962,0.48256655462038506
a22a,2002-11-05,-76.3418,-47.1287,-76.3418,-47.1287,-76.3405287353703,-47.132151581754215,0.16791653654227318
a22a,2002-11-06,-76.3418,-47.1287,-76.3418,-47.1287,-76.34078290173576,-47.131418783492165,0.1337422598266542
a22a,2002-11-07,-76.3418,-47.1287,-76.3418,-47.1287,-76.34046620768882,-47.13173354726689,0.168347436806896
a22a,2002-11-08,-76.3418,-47.1287,-76.3418,-47.1287,-76.33261584614861,-47.12278837660142,1.0329675029100327
a22a,2002-11-09,-76.3418,-47.1287,-76.2701,-47.0879,-76.33547701760948,-47.11332521816914,7.3003514412101405
a22a,2002-11-10,-76.2701,-47.0879,-76.2701,-47.0879,-76.24528812498983,-47.07161623620769,2.792283395658841
a22a,2002-11-11,-76.2701,-47.0879,-76.2701,-47.0879,-76.24533258630713,-47.076638370330045,2.770030059610735
a22a,2002-11-12,-76.2701,-47.0879,-76.2701,-47.0879,-76.26858693067365,-47.09273799528444,0.2112134618581326
a22a,2002-11-13,-76.2701,-47.0879,-76.2701,-47.0879,-76.26614129539206,-47.08243146230524,0.46324989844357295
a22a,2002-11-14,-76.2701,-47.0879,-76.2701,-47.0879,-76.26749639350726,-47.08611762776442,0.29330516795211703
a22a,2002-11-15,-76.2701,-47.0879,-76.2701,-47.0879,-76.26549571876531,-47.08167255072456,0.5377142218502686
a22a,2002-11-16,-76.2701,-47.0879,-76.2701,-47.0879,-76.26544612742738,-47.08315066078458,0.5324554336623604
a22a,2002-11-17,-76.2701,-47.0879,-76.2701,-47.0879,-76.26668708154001,-47.085251006342276,0.3858865263263284
a22a,2002-11-18,-76.2701,-47.0879,-76.2701,-47.0879,-76.26484102796377,-47.08076743026231,0.6143326816293309
a22a,2002-11-19,-76.2701,-47.0879,-76.2701,-47.0879,-76.26214238879656,-47.07652799913794,0.9343867757531262
a22a,2002-11-20,-76.2701,-47.0879,-76.2701,-47.0879,-76.26727860923395,-47.08616596284051,0.3170453027165027
a22a,2002-11-21,-76.2701,-47.0879,-76.2701,-47.0879,-76.26550667571253,-47.08178421078267,0.5356586897642909
a22a,2002-11-22,-76.2701,-47.0879,-76.2701,-47.0879,-76.26684689230366,-47.085018840771454,0.3696364317868642
a22a,2002-11-23,-76.2701,-47.0879,-76.2701,-47.0879,-76.2625516033715,-47.07724513849962,0.8852189694948028
a22a,2002-11-24,-76.2701,-47.0879,-76.2701,-47.0879,-76.26549571876531,-47.08167255072456,0.5377142218502686
a22a,2002-11-25,-76.2701,-47.0879,-76.2701,-47.0879,-76.2654673925789,-47.081977335027005,0.5383229014602425
a22a,2002-11-26,-76.2701,-47.0879,-76.2701,-47.0879,-76.26401102771746,-47.079451251186214,0.7128491363951565
a22a,2002-11-27,-76.2701,-47.0879,-76.2701,-47.0879,-76.26209858012909,-47.09011150654635,0.8916306984050975
a22a,2002-11-28,-76.2701,-47.0879,-76.2701,-47.0879,-76.26790535447721,-47.08778859976678,0.24405116024919263
a22a,2002-11-29,-76.2701,-47.0879,-76.2701,-47.0879,-76.26810539504719,-47.08865602771968,0.22268576950578212
a22a,2002-11-30,-76.2701,-47.0879,-76.2701,-47.0879,-76.2655841671922,-47.082741024548056,0.52027494383181
a22a,2002-12-01,-76.2701,-47.0879,-76.2296,-47.2329,-76.26623394729262,-47.082601504713864,5.690111343857464
a22a,2002-12-02,-76.2296,-47.2329,-76.2296,-47.2329,-76.21513879472126,-47.24593958560257,1.6446709667122614
a22a,2002-12-03,-76.2296,-47.2329,-76.2296,-47.2329,-76.22005036169661,-47.26537995228264,1.3664250656027859
a22a,2002-12-04,-76.2296,-47.2329,-76.2296,-47.2329,-76.22802007966118,-47.23269613720038,0.17576197987794773
a22a,2002-12-05,-76.2296,-47.2329,-76.2296,-47.2329,-76.22475432392216,-47.22560606751523,0.5723673192438146
a22a,2002-12-06,-76.2296,-47.2329,-76.2296,-47.2329,-76.22635945292173,-47.22947021308812,0.3715941633567481
a22a,2002-12-07,-76.2296,-47.2329,-76.2296,-47.2329,-76.22826106953286,-47.23507678706446,0.15964253661328834
a22a,2002-12-08,-76.2296,-47.2329,-76.2296,-47.2329,-76.22826094700255,-47.23510039066031,0.15988177656808586
a22a,2002-12-09,-76.2296,-47.2329,-76.2296,-47.2329,-76.22830514306195,-47.23515921467731,0.1559059181961357
a22a,2002-12-10,-76.2296,-47.2329,-76.2039,-46.8949,-76.22817156644855,-47.23270275726793,9.347646816454395
a22a,2002-12-11,-76.2039,-46.8949,-76.2039,-46.8949,-76.19147705515873,-46.87957786944446,1.4399283840567352
a22a,2002-12-12,-76.2039,-46.8949,-76.2039,-46.8949,-76.20764281998484,-46.880155364723464,0.570988613694635
a22a,2002-12-13,-76.2039,-46.8949,-76.2039,-46.8949,-76.20082542134037,-46.89233029301039,0.34860326115479756
a22a,2002-12-14,-76.2039,-46.8949,-76.2039,-46.8949,-76.20219590485982,-46.89637965125553,0.19350656670459082
a22a,2002-12-15,-76.2039,-46.8949,-76.2039,-46.8949,-76.20178185612531,-46.89697811311612,0.2418880026541233
a22a,2002-12-16,-76.2039,-46.8949,-76.2039,-46.8949,-76.20083524271249,-46.89525547233498,0.34091582043506563
a22a,2002-12-17,-76.2039,-46.8949,-76.2039,-46.8949,-76.20095498548638,-46.89451605609955,0.3276289239773799
a22a,2002-12-18,-76.2039,-46.8949,-76.2039,-46.8949,-76.20319300704696,-46.8969261593453,0.09521992218184408
a22a,2002-12-19,-76.2039,-46.8949,-76.2039,-46.8949,-76.20226011147045,-46.89625925132765,0.1858755984161157
a22a,2002-12-20,-76.2039,-46.8949,-76.2039,-46.8949,-76.20158273464139,-46.893565299108076,0.26008774381733774
a22a,2002-12-21,-76.2039,-46.8949,-76.2039,-46.8949,-76.20211100536554,-46.8960587466687,0.20128634650551747
a22a,2002-12-22,-76.2039,-46.8949,-76.2039,-46.8949,-76.20117769595515,-46.894035152847664,0.3035739935581713
a22a,2002-12-23,-76.2039,-46.8949,-76.2039,-46.8949,-76.20202779990696,-46.89593197876903,0.20997015266986105
a22a,2002-12-24,-76.2039,-46.8949,-76.2039,-46.8949,-76.20173634701958,-46.89305780610809,0.24549692143867013
a22a,2002-12-25,-76.2039,-46.8949,-76.2039,-46.8949,-76.19952271642553,-46.89055872445687,0.500163292167694
a22a,2002-12-26,-76.2039,-46.8949,-76.2039,-46.8949,-76.19895057831424,-46.88813090628764,0.5788906421183576
a22a,2002-12-27,-76.2039,-46.8949,-76.2039,-46.8949,-76.20161982345292,-46.89686402707912,0.25883824757737656
a22a,2002-12-28,-76.2039,-46.8949,-76.2039,-46.8949,-76.19968943680617,-46.888397388254475,0.4989433001707637
a22a,2002-12-29,-76.2039,-46.8949,-76.2039,-46.8949,-76.19892510681687,-46.88806568140646,0.5821203108702604
a22a,2002-12-30,-76.2039,-46.8949,-76.2039,-46.8949,-76.20000012881569,-46.89023733240424,0.450931365335342
a38a,2002-01-05,-65.5166,-56.05,-65.5166,-56.05,-65.51163190280887,-56.04506855261887,0.5973522359388561
a38a,2002-01-06,-65.5166,-56.05,-65.5166,-56.05,-65.51309334173584,-56.04957951862386,0.39040383216746544
a38a,2002-01-07,-65.5166,-56.05,-65.4318,-56.488,-65.50993433376803,-56.039065080123976,22.471691648576822
a38a,2002-01-08,-65.4318,-56.488,-65.4318,-56.488,-65.415802255291,-56.543336510714255,3.1166346211253
a38a,2002-01-09,-65.4318,-56.488,-65.4318,-56.488,-65.39896103094868,-56.599670887788164,6.326251169796741
a38a,2002-01-10,-65.4318,-56.488,-65.3622,-56.6171,-65.42723120886383,-56.480204544432524,9.615547027354094
a38a,2002-01-11,-65.3622,-56.6171,-65.3622,-56.6171,-65.35478226521465,-56.612991969154834,0.846517510016647
a38a,2002-01-12,-65.3622,-56.6171,-65.3622,-56.6171,-65.34968992554542,-56.61797683943813,1.3916507922203287
a38a,2002-01-13,-65.3622,-56.6171,-65.3622,-56.6171,-65.35930635363658,-56.61377971233949,0.3566794320698526
a38a,2002-01-14,-65.3622,-56.6171,-65.3622,-56.6171,-65.35937493434086,-56.61423998061392,0.34096607197357925
a38a,2002-01-15,-65.3622,-56.6171,-65.3622,-56.6171,-65.35627363270673,-56.61681664072938,0.6591129004660573
a38a,2002-01-16,-65.3622,-56.6171,-65.3622,-56.6171,-65.35746263393472,-56.610720462542105,0.604115802587489
a38a,2002-01-17,-65.3622,-56.6171,-65.3622,-56.6171,-65.35919008562698,-56.616505262115,0.3358208870368255
a38a,2002-01-18,-65.3622,-56.6171,-65.2329,-56.7354,-65.35956765450574,-56.6168036411175,15.124687953166495
a38a,2002-01-19,-65.2329,-56.7354,-65.2329,-56.7354,-65.2069505058201,-56.69813839246032,3.3677354121566387
a38a,2002-01-20,-65.2329,-56.7354,-65.2329,-56.7354,-65.2052898111976,-56.72260727856512,3.1274731759453007
a38a,2002-01-21,-65.2329,-56.7354,-65.2329,-56.7354,-65.22805577567019,-56.724529830572465,0.7393237180800233
a38a,2002-01-22,-65.2329,-56.7354,-65.1013,-56.5974,-65.22185846908421,-56.71277427850387,14.448115130350898
a38a,2002-01-23,-65.1013,-56.5974,-65.1013,-56.5974,-65.06655569722221,-56.60166096607142,3.8685432038459187
a38a,2002-01-24,-65.1013,-56.5974,-65.1013,-56.5974,-65.08627493931196,-56.56447911581458,2.27329303491436
a38a,2002-01-25,-65.1013,-56.5974,-65.1013,-56.5974,-65.09687007692045,-56.59279494274688,0.5377029231314726
a38a,2002-01-26,-65.1013,-56.5974,-65.1013,-56.5974,-65.0952871286261,-56.58345806368402,0.9344118183679025
a38a,2002-01-27,-65.1013,-56.5974,-65.1013,-56.5974,-65.09719034598213,-56.58887547748077,0.6067192620717923
a38a,2002-01-28,-65.1013,-56.5974,-65.1013,-56.5974,-65.09627291362519,-56.58716134391423,0.7363811487551001
a38a,2002-01-29,-65.1013,-56.5974,-65.1013,-56.5974,-65.09697409944086,-56.58927500378928,0.6132562028522884
a38a,2002-01-30,-65.1013,-56.5974,-65.1474,-56.6543,-65.09693938812838,-56.58992570687346,6.367954643251255
a38a,2002-01-31,-65.1474,-56.6543,-65.1474,-56.6543,-65.15592807876004,-56.665927965857804,1.0929043621221075
a38a,2002-02-01,-65.1474,-56.6543,-65.1474,-56.6543,-65.14837924230312,-56.6591161417486,0.2500269718084328
a38a,2002-02-02,-65.1474,-56.6543,-65.1474,-56.6543,-65.14171754337221,-56.644429702164985,0.7823472316397505
a38a,2002-02-03,-65.1474,-56.6543,-65.1474,-56.6543,-65.14179534453444,-56.64175151430098,0.8557858100746271
a38a,2002-02-04,-65.1474,-56.6543,-65.1474,-56.6543,-65.1436118093057,-56.6466561858299,0.5523215424787302
a38a,2002-02-05,-65.1474,-56.6543,-65.1474,-56.6543,-65.14346229978479,-56.646455432303895,0.57108113379559
a38a,2002-02-06,-65.1474,-56.6543,-65.1474,-56.6543,-65.13381573964413,-56.62053318883278,2.1847451416931034
a38a,2002-02-07,-65.1474,-56.6543,-65.1474,-56.6543,-65.1418237900303,-56.641679686347274,0.855795384885633
a38a,2002-02-08,-65.1474,-56.6543,-65.1474,-56.6543,-65.14308891303595,-56.64421041868107,0.6724329090036485
a38a,2002-02-09,-65.1474,-56.6543,-65.1474,-56.6543,-65.14423511341717,-56.64890020354076,0.4330545949422513
a38a,2002-02-10,-65.1474,-56.6543,-65.1474,-56.6543,-65.13998918129245,-56.618604675770015,1.8608120196133053
a38a,2002-02-11,-65.1474,-56.6543,-65.224,-56.9556,-65.13922901881568,-56.63562239745893,17.660329906097264
a38a,2002-02-12,-65.224,-56.9556,-65.224,-56.9556,-65.23082033510101,-56.96401994950696,0.8538475828593256
a38a,2002-02-13,-65.224,-56.9556,-65.224,-56.9556,-65.22754724112173,-57.06854562764964,5.277521372438547
a38a,2002-02-14,-65.224,-56.9556,-65.224,-56.9556,-65.21850552353871,-56.94692025928498,0.7327311207623759
a38a,2002-02-15,-65.224,-56.9556,-65.224,-56.9556,-65.21913270610956,-56.94685081648187,0.677618915284787
a38a,2002-02-16,-65.224,-56.9556,-65.224,-56.9556,-65.22035713202281,-56.95193515315901,0.43960120667335034
a38a,2002-02-17,-65.224,-56.9556,-65.224,-56.9556,-65.21852768258884,-56.942642816288014,0.8572627886737523
a38a,2002-02-18,-65.224,-56.9556,-65.224,-56.9556,-65.22045822527785,-56.953000174376,0.41204235490077257
a38a,2002-02-19,-65.224,-56.9556,-65.224,-56.9556,-65.21736907977369,-56.94289914655066,0.9455227813972472
a38a,2002-02-20,-65.224,-56.9556,-65.224,-56.9556,-65.22033487769815,-56.95225884662068,0.43627405706153494
a38a,2002-02-21,-65.224,-56.9556,-65.2293,-56.705,-65.2188886427497,-56.947246445387165,11.347520819531027
a38a,2002-02-22,-65.2293,-56.705,-65.2293,-56.705,-65.22418480677007,-56.64334646005912,2.928441809263452
a38a,2002-02-23,-65.2293,-56.705,-65.2293,-56.705,-65.22831860705554,-56.693151736620365,0.5626957906396719
a38a,2002-02-24,-65.2293,-56.705,-65.2293,-56.705,-65.22525261548373,-56.69768900409804,0.5644285934917824
a38a,2002-02-25,-65.2293,-56.705,-65.2293,-56.705,-65.212941283775,-56.548599805060775,7.512378627686345
a38a,2002-02-26,-65.2293,-56.705,-65.2293,-56.705,-65.21936553094469,-56.683598291545735,1.4882349953988636
a38a,2002-02-27,-65.2293,-56.705,-65.2609,-56.8335,-65.2247996564438,-56.69591248787549,7.560485864639865
a38a,2002-02-28,-65.2609,-56.8335,-65.2609,-56.8335,-65.25839092906612,-56.8391618049577,0.3837431307885486
a38a,2002-03-01,-65.2609,-56.8335,-65.2609,-56.8335,-65.25984939931406,-56.86519829042038,1.4796845154693101
a38a,2002-03-02,-65.2609,-56.8335,-65.3061,-56.8252,-65.25740697925794,-56.82908575796412,5.4174305413359365
a38a,2002-03-03,-65.3061,-56.8252,-65.3061,-56.8252,-65.32703345589269,-56.827238339745776,2.3296177056809446
a38a,2002-03-04,-65.3061,-56.8252,-65.3061,-56.8252,-65.30264223285847,-56.82340212716301,0.3934537190309403
a38a,2002-03-05,-65.3061,-56.8252,-65.2699,-56.5988,-65.30097691643869,-56.81719362120745,10.725133111332426
a38a,2002-03-06,-65.2699,-56.5988,-65.2699,-56.5988,-65.2565185417564,-56.571575803426796,1.9541239108494088
a38a,2002-03-07,-65.2699,-56.5988,-65.2699,-56.5988,-65.26436979131574,-56.55829634401735,1.9821366501071112
a38a,2002-03-08,-65.2699,-56.5988,-65.2699,-56.5988,-65.2642237255744,-56.58787991904964,0.8102321516468397
a38a,2002-03-09,-65.2699,-56.5988,-65.2699,-56.5988,-65.26630537074949,-56.595125142911286,0.4347301191494972
a38a,2002-03-10,-65.2699,-56.5988,-65.2699,-56.5988,-65.26312656842154,-56.589709799681216,0.863782268485068
a38a,2002-03-11,-65.2699,-56.5988,-65.2279,-56.4904,-65.25855420544063,-56.56809991344775,4.97081378346114
a38a,2002-03-12,-65.2279,-56.4904,-65.2279,-56.4904,-65.20956844564246,-56.47722353908024,2.128879704060372
a38a,2002-03-13,-65.2279,-56.4904,-65.2279,-56.4904,-65.2182188460882,-56.474879672203144,1.2968945934916323
a38a,2002-03-14,-65.2279,-56.4904,-65.1996,-56.3456,-65.21744232649344,-56.46540473344042,5.92786851231931
a38a,2002-03-15,-65.1996,-56.3456,-65.1996,-56.3456,-65.1888331889582,-56.33605595944445,1.2773261542233638
a38a,2002-03-16,-65.1996,-56.3456,-65.1996,-56.3456,-65.19508112020675,-56.33918551495171,0.5848143979302557
a38a,2002-03-17,-65.1996,-56.3456,-65.1996,-56.3456,-65.18359560708038,-56.31409164601405,2.308253965136292
a38a,2002-03-18,-65.1996,-56.3456,-65.1996,-56.3456,-65.19459151926849,-56.33333953376227,0.7982666641349297
a38a,2002-03-19,-65.1996,-56.3456,-65.1996,-56.3456,-65.1955974556038,-56.339833368555134,0.5200326510344968
a38a,2002-03-20,-65.1996,-56.3456,-65.1996,-56.3456,-65.19598620626687,-56.33996588011689,0.4801426706075277
a38a,2002-03-21,-65.1996,-56.3456,-65.1996,-56.3456,-65.19509030549932,-56.33377507958457,0.7454519361624621
a38a,2002-03-22,-65.1996,-56.3456,-65.1996,-56.3456,-65.1958075195682,-56.335642566873645,0.6273451150442694
a38a,2002-03-23,-65.1996,-56.3456,-65.1996,-56.3456,-65.19488596796533,-56.33590736819322,0.6922239198994298
a38a,2002-03-24,-65.1996,-56.3456,-65.173,-56.3255,-65.18830280531539,-56.317934106482994,1.7378520803942077
a38a,2002-03-25,-65.173,-56.3255,-65.173,-56.3255,-65.15098527436308,-56.30498327678167,2.628814530774373
a38a,2002-03-26,-65.173,-56.3255,-65.1369,-56.2493,-65.16512633827271,-56.31405510816978,4.359655331731944
a38a,2002-03-27,-65.1369,-56.2493,-65.0987,-56.1344,-65.12043627349179,-56.212649064131824,4.387764748741423
a38a,2002-03-28,-65.0987,-56.1344,-65.1256,-56.0716,-65.07858596233676,-56.09428550541955,5.334500251008564
a38a,2002-03-29,-65.1256,-56.0716,-65.152,-56.0293,-65.12698629556445,-56.03700884091333,2.8046453134555462
a38a,2002-03-30,-65.152,-56.0293,-65.1827,-56.0226,-65.16679604776763,-56.00198626959707,2.013334049759425
a38a,2002-03-31,-65.1827,-56.0226,-65.1476,-56.0788,-65.20767433747234,-56.05162205772143,6.79936920730948
a38a,2002-04-01,-65.1476,-56.0788,-65.1044,-55.9358,-65.13486729611019,-56.10101333840771,8.4389588384007
a38a,2002-04-02,-65.1044,-55.9358,-65.1061,-55.7429,-65.087307918399,-55.94310089423614,9.604046271286279
a38a,2002-04-03,-65.1061,-55.7429,-65.1233,-55.6173,-65.10019747772677,-55.63102586369625,2.64796843027234
a38a,2002-04-04,-65.1233,-55.6173,-65.1483,-55.5703,-65.12513096798145,-55.54533791662854,2.8282836951424706
a38a,2002-04-05,-65.1483,-55.5703,-65.1833,-55.6202,-65.16519117734354,-55.5621685406534,3.375617046774768
a38a,2002-04-06,-65.1833,-55.6202,-65.177,-55.6147,-65.19900843920227,-55.64400284570205,2.803304172507522
a38a,2002-04-07,-65.177,-55.6147,-65.1632,-55.6026,-65.17104217821075,-55.63266376578625,1.6527128321476112
a38a,2002-04-08,-65.1632,-55.6026,-65.1494,-55.5906,-65.14488923711984,-55.58802538075901,0.5158041250595761
a38a,2002-04-09,-65.1494,-55.5906,-65.1431,-55.5851,-65.13029258297226,-55.574872373481725,1.5022517683066319
a38a,2002-04-10,-65.1431,-55.5851,-65.1431,-55.5851,-65.12925664044425,-55.56556603065761,1.789848333686113
a38a,2002-04-11,-65.1431,-55.5851,-65.2031,-55.4594,-65.11106157349079,-55.53379835312566,10.808282219343273
a38a,2002-04-12,-65.2031,-55.4594,-65.2086,-55.429,-65.20112551099538,-55.418993684834334,0.9531535991903614
a38a,2002-04-13,-65.2086,-55.429,-65.2086,-55.429,-65.21309026375651,-55.40927713218339,1.046329436678293
a38a,2002-04-14,-65.2086,-55.429,-65.2086,-55.429,-65.20362722065147,-55.427628767860085,0.5566324935477169
a38a,2002-04-15,-65.2086,-55.429,-65.2086,-55.429,-65.19511223961672,-55.39552183714838,2.1649723630731383
a38a,2002-04-16,-65.2086,-55.429,-65.2068,-55.4962,-65.20613873371643,-55.42563259780752,3.291347182963155
a38a,2002-04-17,-65.2068,-55.4962,-65.2068,-55.4962,-65.20652725534723,-55.51499850616966,0.8770838639708484
a38a,2002-04-18,-65.2068,-55.4962,-65.2068,-55.4962,-65.20158639312999,-55.49735442923841,0.5822209133034708
a38a,2002-04-19,-65.2068,-55.4962,-65.2068,-55.4962,-65.20056260119686,-55.49410851649611,0.7003916336515058
a38a,2002-04-20,-65.2068,-55.4962,-65.2068,-55.4962,-65.20083418511952,-55.492619069570054,0.6840647082026471
a38a,2002-04-21,-65.2068,-55.4962,-65.2068,-55.4962,-65.2015402522636,-55.489466115347625,0.6638297090079112
a38a,2002-04-22,-65.2068,-55.4962,-65.2068,-55.4962,-65.20163708844487,-55.4926828858211,0.5970593624364958
a38a,2002-04-23,-65.2068,-55.4962,-65.2068,-55.4962,-65.2014764110671,-55.48930354738684,0.6736786474831682
a38a,2002-04-24,-65.2068,-55.4962,-65.2068,-55.4962,-65.20166982090481,-55.49166587209325,0.6083755975897136
a38a,2002-04-25,-65.2068,-55.4962,-65.2068,-55.4962,-65.19913141343595,-55.49039431698682,0.8946605778490023
a38a,2002-04-26,-65.2068,-55.4962,-65.1985,-55.5343,-65.20285036410007,-55.494272647110506,1.9285204118499304
a38a,2002-04-27,-65.1985,-55.5343,-65.1985,-55.5343,-65.18615763749008,-55.56230805243513,1.8949854993149564
a38a,2002-04-28,-65.1985,-55.5343,-65.1985,-55.5343,-65.1906569745218,-55.529429362742036,0.9012182650598275
a38a,2002-04-29,-65.1985,-55.5343,-65.1985,-55.5343,-65.19494177847513,-55.53317201284938,0.3991395147009257
a38a,2002-04-30,-65.1985,-55.5343,-65.1985,-55.5343,-65.181546862185,-55.520791054387814,1.987687191128553
a38a,2002-05-01,-65.1985,-55.5343,-65.1985,-55.5343,-65.18964040902713,-55.51532052611786,1.324564230440345
a38a,2002-05-02,-65.1985,-55.5343,-65.1985,-55.5343,-65.19497498728653,-55.53493833105293,0.3930928910212362
a38a,2002-05-03,-65.1985,-55.5343,-65.1985,-55.5343,-65.19441261318174,-55.533637360496414,0.4555465667564388
a38a,2002-05-04,-65.1985,-55.5343,-65.1985,-55.5343,-65.19417079764656,-55.53042070004025,0.5142743387591292
a38a,2002-05-05,-65.1985,-55.5343,-65.1985,-55.5343,-65.19142287957888,-55.531941161684145,0.7945961551911503
a38a,2002-05-06,-65.1985,-55.5343,-65.1985,-55.5343,-65.1929479936045,-55.530351070516645,0.6442522949137398
a38a,2002-05-07,-65.1985,-55.5343,-65.1985,-55.5343,-65.19356250144257,-55.531678473498914,0.5624791285622339
a38a,2002-05-08,-65.1985,-55.5343,-65.1985,-55.5343,-65.19320251695162,-55.53097438330673,0.6091390155302175
a38a,2002-05-09,-65.1985,-55.5343,-65.0405,-55.3973,-65.18836668500983,-55.51916346035698,17.402726612144445
a38a,2002-05-10,-65.0405,-55.3973,-64.9473,-55.2403,-64.99195315357142,-55.370083457142854,7.8698528974055915
a38a,2002-05-11,-64.9473,-55.2403,-64.9473,-55.2403,-64.86954173738455,-55.17384330994817,9.196683037342007
a38a,2002-05-12,-64.9473,-55.2403,-64.9473,-55.2403,-64.9336854760619,-55.22980363168452,1.5925377084286128
a38a,2002-05-13,-64.9473,-55.2403,-64.8616,-55.142,-64.94322533069047,-55.23783504060347,10.139534365853223
a38a,2002-05-14,-64.8616,-55.142,-64.8616,-55.142,-64.82379593020511,-55.112132739525265,4.434369825609472
a38a,2002-05-15,-64.8616,-55.142,-64.7897,-55.0004,-64.8526043749652,-55.13666284353357,9.51204229314587
a38a,2002-05-16,-64.7897,-55.0004,-64.6722,-55.201,-64.76145652581341,-55.005226657626395,13.599409310204187
a38a,2002-05-17,-64.6722,-55.201,-64.5845,-55.4263,-64.60903113887001,-55.228821441288744,9.806923455377268
a38a,2002-05-18,-64.5845,-55.4263,-64.5845,-55.4263,-64.52137940942224,-55.56654156651058,9.703499875952877
a38a,2002-05-19,-64.5845,-55.4263,-64.5845,-55.4263,-64.5631663948652,-55.4663774385146,3.047651484804443
a38a,2002-05-20,-64.5845,-55.4263,-64.5289,-55.5079,-64.58030056811155,-55.42265014035917,7.018155705505066
a38a,2002-05-21,-64.5289,-55.5079,-64.3024,-55.3082,-64.5103036163433,-55.5445113637286,25.75422119626163
a38a,2002-05-22,-64.3024,-55.3082,-64.3024,-55.3082,-64.2200466059524,-55.2493084558201,9.588683728200238
a38a,2002-05-23,-64.3024,-55.3082,-64.1547,-55.4299,-64.26966397791146,-55.262082583098476,15.14324039986385
a38a,2002-05-24,-64.1547,-55.4299,-64.1547,-55.4299,-64.12930194444445,-55.36384707751323,4.270506127585034
a38a,2002-05-25,-64.1547,-55.4299,-64.1547,-55.4299,-64.12092509601264,-55.43745297405795,3.773423995829779
a38a,2002-05-26,-64.1547,-55.4299,-64.1547,-55.4299,-64.15168882310412,-55.41716959671096,0.702114765067147
a38a,2002-05-27,-64.1547,-55.4299,-64.1404,-55.4875,-64.14223911923914,-55.412060227575665,3.664388288789725
a38a,2002-05-28,-64.1404,-55.4875,-64.1426,-55.4394,-64.13268862812093,-55.49650725068284,2.981149855606543
a38a,2002-05-29,-64.1426,-55.4394,-64.1447,-55.3913,-64.13486311517295,-55.42894331456935,2.1283093404685296
a38a,2002-05-30,-64.1447,-55.3913,-64.1447,-55.3913,-64.14448905269421,-55.36148702596137,1.445889213450777
a38a,2002-05-31,-64.1447,-55.3913,-64.1447,-55.3913,-64.13988498675545,-55.38192235427718,0.7024844424324
a38a,2002-06-01,-64.1447,-55.3913,-64.1447,-55.3913,-64.1404288944529,-55.38363296133909,0.6031613600691846
a38a,2002-06-02,-64.1447,-55.3913,-64.1447,-55.3913,-64.14074116392466,-55.38783567661952,0.47117264493935895
a38a,2002-06-03,-64.1447,-55.3913,-64.1447,-55.3913,-64.14034427344724,-55.38701841140818,0.5269670250900809
a38a,2002-06-04,-64.1447,-55.3913,-64.1447,-55.3913,-64.14147314399162,-55.38157816036221,0.5924684832101808
a38a,2002-06-05,-64.1447,-55.3913,-64.1447,-55.3913,-64.13972601709067,-55.3806890843411,0.7554494141968386
a38a,2002-06-06,-64.1447,-55.3913,-64.1447,-55.3913,-64.14076144752825,-55.38614445020406,0.5042897805559682
a38a,2002-06-07,-64.1447,-55.3913,-64.1447,-55.3913,-64.14130588704249,-55.39021472345004,0.3810602045868192
a38a,2002-06-08,-64.1447,-55.3913,-64.1447,-55.3913,-64.14147008402989,-55.391201826921645,0.35918182318113523
a38a,2002-06-09,-64.1447,-55.3913,-64.1447,-55.3913,-64.14160376952498,-55.39225296334075,0.3473729350532044
a38a,2002-06-10,-64.1447,-55.3913,-64.1447,-55.3913,-64.14133120587637,-55.38911794972354,0.3892523005719268
a38a,2002-06-11,-64.1447,-55.3913,-64.1447,-55.3913,-64.13943134254475,-55.38587911364888,0.642130566493881
a38a,2002-06-12,-64.1447,-55.3913,-64.1447,-55.3913,-64.14049151451606,-55.38576943370191,0.5393744036696743
a38a,2002-06-13,-64.1447,-55.3913,-64.1447,-55.3913,-64.14159899663855,-55.39429404988579,0.3741387424566363
a38a,2002-06-14,-64.1447,-55.3913,-64.1447,-55.3913,-64.1412049879826,-55.391864530590254,0.3895907018481089
a38a,2002-06-15,-64.1447,-55.3913,-64.1447,-55.3913,-64.13958797556644,-55.38444617995043,0.658479233460028
a38a,2002-06-16,-64.1447,-55.3913,-64.1447,-55.3913,-64.13187081602115,-55.379520897193004,1.5366943161066193
a38a,2002-06-17,-64.1447,-55.3913,-64.1083,-55.3811,-64.12873787670713,-55.378532440824245,2.276002679395417
a38a,2002-06-18,-64.1083,-55.3811,-64.1083,-55.3811,-64.08922741940628,-55.36087513060163,2.3372485621551777
a38a,2002-06-19,-64.1083,-55.3811,-64.1083,-55.3811,-64.09969522323979,-55.379948148449074,0.9584412562013879
a38a,2002-06-20,-64.1083,-55.3811,-64.1083,-55.3811,-64.1040000693275,-55.37252899241011,0.6339035556822004
a38a,2002-06-21,-64.1083,-55.3811,-64.1083,-55.3811,-64.10606967189882,-55.369752246170066,0.6042576185088525
a38a,2002-06-22,-64.1083,-55.3811,-64.1083,-55.3811,-64.10473858843518,-55.37652657734529,0.4540308812544516
a38a,2002-06-23,-64.1083,-55.3811,-64.1608,-55.3258,-64.10560950949606,-55.381825347544805,6.71182572327045
a38a,2002-06-24,-64.1608,-55.3258,-64.1608,-55.3258,-64.18546547855388,-55.30089818072071,2.9962380686014516
a38a,2002-06-25,-64.1608,-55.3258,-64.2142,-55.3854,-64.16061618735277,-55.254935658182674,8.683436705313085
a38a,2002-06-26,-64.2142,-55.3854,-64.2142,-55.3854,-64.23125219030959,-55.39168706638726,1.9203347571663785
a38a,2002-06-27,-64.2142,-55.3854,-64.2142,-55.3854,-64.21637122918307,-55.35099002826628,1.6817878214177344
a38a,2002-06-28,-64.2142,-55.3854,-64.2142,-55.3854,-64.20455798636577,-55.370251220791914,1.2986955132245466
a38a,2002-06-29,-64.2142,-55.3854,-64.2142,-55.3854,-64.21179274457303,-55.381069499013705,0.3398983318238591
a38a,2002-06-30,-64.2142,-55.3854,-64.2142,-55.3854,-64.21400899398706,-55.37847295974399,0.3357392472566857
a38a,2002-07-01,-64.2142,-55.3854,-64.304,-55.4068,-64.21222565474325,-55.372877228378755,10.335506385759782
a38a,2002-07-02,-64.304,-55.4068,-64.304,-55.4068,-64.32519834714459,-55.39487874014844,2.426160339962279
a38a,2002-07-03,-64.304,-55.4068,-64.252,-55.3848,-64.30190716016077,-55.40338173419639,5.621414112230115
a38a,2002-07-04,-64.252,-55.3848,-64.252,-55.3848,-64.2329276202935,-55.37862985488562,2.141607215704334
a38a,2002-07-05,-64.252,-55.3848,-64.2093,-55.2815,-64.2290092671083,-55.370829723406615,4.844255180493197
a38a,2002-07-06,-64.2093,-55.2815,-64.2093,-55.2815,-64.17681460563377,-55.219273305364,4.703370263717628
a38a,2002-07-07,-64.2093,-55.2815,-64.2093,-55.2815,-64.19583294474161,-55.27657319379932,1.5163284211542611
a38a,2002-07-08,-64.2093,-55.2815,-64.2093,-55.2815,-64.2053273218068,-55.27624962238862,0.5095740042183988
a38a,2002-07-09,-64.2093,-55.2815,-64.1712,-55.3638,-64.20634338296342,-55.26237400024634,6.2756774341125166
a38a,2002-07-10,-64.1712,-55.3638,-64.1712,-55.3638,-64.15889709527443,-55.37307027376265,1.4398839853607546
a38a,2002-07-11,-64.1712,-55.3638,-64.1712,-55.3638,-64.16383393199644,-55.36377630061722,0.8190701962324448
a38a,2002-07-12,-64.1712,-55.3638,-64.1712,-55.3638,-64.16909896256243,-55.34637992455346,0.8757006307316092
a38a,2002-07-13,-64.1712,-55.3638,-64.1712,-55.3638,-64.16664384962098,-55.34334670149299,1.1129520217459261
a38a,2002-07-14,-64.1712,-55.3638,-64.1712,-55.3638,-64.16376085851267,-55.3539433661,0.9551600056581427
a38a,2002-07-15,-64.1712,-55.3638,-64.1712,-55.3638,-64.16419179344075,-55.35682799099796,0.8493446956332078
a38a,2002-07-16,-64.1712,-55.3638,-64.1712,-55.3638,-64.15398084607791,-55.351328066073535,2.0078120323420636
a38a,2002-07-17,-64.1712,-55.3638,-64.1712,-55.3638,-64.16759878896508,-55.35841399195874,0.4779564319839384
a38a,2002-07-18,-64.1712,-55.3638,-64.1712,-55.3638,-64.16746160972049,-55.35751964900187,0.5151531789455112
a38a,2002-07-19,-64.1712,-55.3638,-64.1039,-55.3471,-64.16640773009001,-55.35437893052904,6.959505316134898
a38a,2002-07-20,-64.1039,-55.3471,-64.048,-55.4086,-64.07651411217597,-55.36100617800918,3.925689551757884
a38a,2002-07-21,-64.048,-55.4086,-64.048,-55.4086,-64.01613306179198,-55.41317197253824,3.5504270810924607
a38a,2002-07-22,-64.048,-55.4086,-64.048,-55.4086,-64.03339225155773,-55.42423777508685,1.7938005709549325
a38a,2002-07-23,-64.048,-55.4086,-64.048,-55.4086,-64.04588918897021,-55.40120064973581,0.4298160368148234
a38a,2002-07-24,-64.048,-55.4086,-64.048,-55.4086,-64.04670384596233,-55.39967698792182,0.4575065315106664
a38a,2002-07-25,-64.048,-55.4086,-64.048,-55.4086,-64.04576971018322,-55.39989663096051,0.49079604243342
a38a,2002-07-26,-64.048,-55.4086,-64.048,-55.4086,-64.04539698796194,-55.40013715576649,0.5033681886113217
a38a,2002-07-27,-64.048,-55.4086,-64.048,-55.4086,-64.04549011834077,-55.39940162085496,0.5274979983485475
a38a,2002-07-28,-64.048,-55.4086,-64.048,-55.4086,-64.0454967825117,-55.39993379891702,0.5052991251715808
a38a,2002-07-29,-64.048,-55.4086,-64.048,-55.4086,-64.04658381450672,-55.40259910523423,0.33176979611609303
a38a,2002-07-30,-64.048,-55.4086,-64.048,-55.4086,-64.04633160269483,-55.40191436055875,0.3745158641048039
a38a,2002-07-31,-64.048,-55.4086,-64.048,-55.4086,-64.04465763790374,-55.3987491738101,0.6065727839835341
a38a,2002-08-01,-64.048,-55.4086,-64.048,-55.4086,-64.04292751321054,-55.39904853016117,0.7308884502861147
a38a,2002-08-02,-64.048,-55.4086,-64.048,-55.4086,-64.04385479425659,-55.39557096464806,0.7838840890572305
a38a,2002-08-03,-64.048,-55.4086,-64.048,-55.4086,-64.04558785699344,-55.39915308906856,0.5322395210344217
a38a,2002-08-04,-64.048,-55.4086,-64.048,-55.4086,-64.04633152888049,-55.40084142125886,0.4206712337761521
a38a,2002-08-05,-64.048,-55.4086,-64.048,-55.4086,-64.04591568660896,-55.40361437100012,0.3355245719586766
a38a,2002-08-06,-64.048,-55.4086,-64.048,-55.4086,-64.04553506681515,-55.399143122190594,0.5356387040777227
a38a,2002-08-07,-64.048,-55.4086,-64.048,-55.4086,-64.04573729485796,-55.39944016062415,0.5118506356836628
a38a,2002-08-08,-64.048,-55.4086,-64.048,-55.4086,-64.0447113229699,-55.399225982292876,0.5846542818175128
a38a,2002-08-09,-64.048,-55.4086,-64.048,-55.4086,-64.04466232101636,-55.399623235972186,0.5732120061441897
a38a,2002-08-10,-64.048,-55.4086,-64.048,-55.4086,-64.04594970665532,-55.40279835376603,0.3628809428794964
a38a,2002-08-11,-64.048,-55.4086,-64.048,-55.4086,-64.04540269149489,-55.399492616126906,0.5289904150365206
a38a,2002-08-12,-64.048,-55.4086,-64.108,-55.4166,-64.04523047547853,-55.39901497412302,7.0318046278508834
a38a,2002-08-13,-64.108,-55.4166,-64.108,-55.4166,-64.14696550811199,-55.42681137337655,4.361005214001906
a38a,2002-08-14,-64.108,-55.4166,-64.108,-55.4166,-64.10707996499454,-55.40774470002151,0.4419891854650711
a38a,2002-08-15,-64.108,-55.4166,-64.108,-55.4166,-64.0998151824868,-55.40646492100552,1.0346760749753925
a38a,2002-08-16,-64.108,-55.4166,-64.108,-55.4166,-64.10566572062156,-55.408930388895286,0.45394934762464
a38a,2002-08-17,-64.108,-55.4166,-64.108,-55.4166,-64.10538573815793,-55.40905937755464,0.4675212252062104
a38a,2002-08-18,-64.108,-55.4166,-64.1426,-55.3547,-64.10340189637014,-55.409343048500034,5.10194434726556
a38a,2002-08-19,-64.1426,-55.3547,-64.1426,-55.3547,-64.14675260014039,-55.344452683541405,0.6783325350180404
a38a,2002-08-20,-64.1426,-55.3547,-64.1327,-55.432,-64.13691613531525,-55.31834594908874,5.533181696985411
a38a,2002-08-21,-64.1327,-55.432,-64.1327,-55.432,-64.12984367522867,-55.43918649153687,0.47163199586402615
a38a,2002-08-22,-64.1327,-55.432,-64.1327,-55.432,-64.12726741343057,-55.43075825865162,0.6070729270943311
a38a,2002-08-23,-64.1327,-55.432,-64.1327,-55.432,-64.1250916289955,-55.419271555722446,1.0474454666887123
a38a,2002-08-24,-64.1327,-55.432,-64.1327,-55.432,-64.13023255466064,-55.42790440919735,0.3387602873227136
a38a,2002-08-25,-64.1327,-55.432,-64.1327,-55.432,-64.12945794242681,-55.423902012868794,0.5332128583584782
a38a,2002-08-26,-64.1327,-55.432,-64.1327,-55.432,-64.12964509931335,-55.424006858769616,0.515531093325873
a38a,2002-08-27,-64.1327,-55.432,-64.1327,-55.432,-64.12984358302839,-55.421642780470876,0.5944528344892813
a38a,2002-08-28,-64.1327,-55.432,-64.1327,-55.432,-64.13010043231678,-55.41919065399594,0.6853863267954902
a38a,2002-08-29,-64.1327,-55.432,-64.1327,-55.432,-64.12978151984765,-55.424618944613925,0.4832662941858044
a38a,2002-08-30,-64.1327,-55.432,-64.1327,-55.432,-64.1293941646854,-55.4223014138546,0.5970997046742746
a38a,2002-08-31,-64.1327,-55.432,-64.1327,-55.432,-64.13070801210671,-55.41576560986758,0.8181614185157295
a38a,2002-09-01,-64.1327,-55.432,-64.1327,-55.432,-64.12831939306291,-55.41479831225914,0.9663220011232981
a38a,2002-09-02,-64.1327,-55.432,-64.1327,-55.432,-64.12654808682842,-55.42407600481815,0.7846970467809113
a38a,2002-09-03,-64.1327,-55.432,-64.1327,-55.432,-64.12779884992777,-55.41872986047788,0.8435198549967846
a38a,2002-09-04,-64.1327,-55.432,-64.1327,-55.432,-64.12658540191799,-55.425165971184114,0.7564544875335989
a38a,2002-09-05,-64.1327,-55.432,-64.1327,-55.432,-64.12632920615648,-55.42387820184052,0.8106247482784871
a38a,2002-09-06,-64.1327,-55.432,-64.1327,-55.432,-64.12828624477532,-55.427268106528174,0.5418279941430864
a38a,2002-09-07,-64.1327,-55.432,-64.2105,-55.3222,-64.13026280891455,-55.425851893515926,10.238086057050877
a38a,2002-09-08,-64.2105,-55.3222,-64.2105,-55.3222,-64.2101502069075,-55.29896083982223,1.1249238919561693
a38a,2002-09-09,-64.2105,-55.3222,-64.2105,-55.3222,-64.20721643778643,-55.299669738731666,1.1495392450748172
a38a,2002-09-10,-64.2105,-55.3222,-64.2105,-55.3222,-64.20866111863187,-55.313192002985886,0.4813808927785172
a38a,2002-09-11,-64.2105,-55.3222,-64.2105,-55.3222,-64.20899592383304,-55.31209639855051,0.5166171391153663
a38a,2002-09-12,-64.2105,-55.3222,-64.2105,-55.3222,-64.2113280745223,-55.31591462849083,0.31769966312328407
a38a,2002-09-13,-64.2105,-55.3222,-64.2105,-55.3222,-64.20829668021658,-55.31172986841973,0.5626739091516907
a38a,2002-09-14,-64.2105,-55.3222,-64.2105,-55.3222,-64.20697799258686,-55.31052629898096,0.687274134773373
a38a,2002-09-15,-64.2105,-55.3222,-64.2181,-55.2408,-64.20718801217353,-55.31503649179125,3.7905181236285497
a38a,2002-09-16,-64.2181,-55.2408,-64.3168,-55.2012,-64.21745405189942,-55.22360513943093,11.099596912704683
a38a,2002-09-17,-64.3168,-55.2012,-64.3168,-55.2012,-64.34428965580632,-55.17701054941183,3.2712425615657206
a38a,2002-09-18,-64.3168,-55.2012,-64.3168,-55.2012,-64.31401358951643,-55.18184959445415,0.9826909985958344
a38a,2002-09-19,-64.3168,-55.2012,-64.3168,-55.2012,-64.31343232747945,-55.206678994682534,0.4582051516715904
a38a,2002-09-20,-64.3168,-55.2012,-64.3168,-55.2012,-64.31399062693278,-55.19725962038082,0.3655802933015782
a38a,2002-09-21,-64.3168,-55.2012,-64.3168,-55.2012,-64.3142809030065,-55.19975139899776,0.28867965290853187
a38a,2002-09-22,-64.3168,-55.2012,-64.3168,-55.2012,-64.31424975859224,-55.199385515366544,0.2967508038499307
a38a,2002-09-23,-64.3168,-55.2012,-64.3168,-55.2012,-64.31068822742046,-55.186629663484894,0.9772393004726112
a38a,2002-09-24,-64.3168,-55.2012,-64.2528,-55.2401,-64.3127469984323,-55.19358339636082,7.033528930292819
a38a,2002-09-25,-64.2528,-55.2401,-64.2528,-55.2401,-64.22236758179316,-55.23872228443459,3.3845855318702807
a38a,2002-09-26,-64.2528,-55.2401,-64.2528,-55.2401,-64.2253772395626,-55.26170051095943,3.2230061295020356
a38a,2002-09-27,-64.2528,-55.2401,-64.2528,-55.2401,-64.24937304683105,-55.23397895431302,0.48232344674629535
a38a,2002-09-28,-64.2528,-55.2401,-64.1557,-55.2443,-64.25066243316378,-55.23550646896223,10.567911014836959
a38a,2002-09-29,-64.1557,-55.2443,-64.1557,-55.2443,-64.12021116131551,-55.245235862940035,3.94643988361867
a38a,2002-09-30,-64.1557,-55.2443,-64.2387,-55.2091,-64.1375122253018,-55.2314629553926,11.303542192928436
a38a,2002-10-01,-64.2387,-55.2091,-64.2387,-55.2091,-64.25555565618694,-55.20967607048638,1.8744700849624856
a38a,2002-10-02,-64.2387,-55.2091,-64.2387,-55.2091,-64.23711661724286,-55.20846350784275,0.1787311617616301
a38a,2002-10-03,-64.2387,-55.2091,-64.2387,-55.2091,-64.23786579950244,-55.213210372738985,0.21923831578102693
a38a,2002-10-04,-64.2387,-55.2091,-64.2387,-55.2091,-64.23875332832826,-55.207437163131644,0.0805797536187691
a38a,2002-10-05,-64.2387,-55.2091,-64.2387,-55.2091,-64.24012098028327,-55.20822649252031,0.16354762490303396
a38a,2002-10-06,-64.2387,-55.2091,-64.2387,-55.2091,-64.2358509738891,-55.204435906281276,0.38881029770204456
a38a,2002-10-07,-64.2387,-55.2091,-64.2387,-55.2091,-64.23813142042714,-55.20322003935701,0.2911169799181403
a38a,2002-10-08,-64.2387,-55.2091,-64.2387,-55.2091,-64.23426452385536,-55.203420288650236,0.5644506722319417
a38a,2002-10-09,-64.2387,-55.2091,-64.2387,-55.2091,-64.23830597693058,-55.21439514828924,0.2596285508628706
a38a,2002-10-10,-64.2387,-55.2091,-64.2387,-55.2091,-64.23738933079228,-55.20848029413105,0.1487853088604509
a38a,2002-10-11,-64.2387,-55.2091,-64.2387,-55.2091,-64.23802067675662,-55.21283915465253,0.19585991553182777
a38a,2002-10-12,-64.2387,-55.2091,-64.2387,-55.2091,-64.23815021454777,-55.211692092887176,0.13939242260331985
a38a,2002-10-13,-64.2387,-55.2091,-64.2387,-55.2091,-64.237336836628,-55.206999175163446,0.18243919430639752
a38a,2002-10-14,-64.2387,-55.2091,-64.2387,-55.2091,-64.23710887017326,-55.20730990783812,0.1969449036584725
a38a,2002-10-15,-64.2387,-55.2091,-64.2387,-55.2091,-64.23681886355978,-55.202675468959285,0.37437954451692634
a38a,2002-10-16,-64.2387,-55.2091,-64.2387,-55.2091,-64.23540345669288,-55.20339465516555,0.4586937124180875
a38a,2002-10-17,-64.2387,-55.2091,-64.2387,-55.2091,-64.23722574222666,-55.20467313947819,0.2695294075917638
a38a,2002-10-18,-64.2387,-55.2091,-64.2387,-55.2091,-64.23751675718508,-55.21056252425322,0.14935458741672053
a38a,2002-10-19,-64.2387,-55.2091,-64.2387,-55.2091,-64.23656243316378,-55.20450646896224,0.32523950683546143
a38a,2002-10-20,-64.2387,-55.2091,-64.2387,-55.2091,-64.2274504024502,-55.219915925101105,1.3557594489314504
a38a,2002-10-21,-64.2387,-55.2091,-64.2387,-55.2091,-64.23661156058566,-55.208838220943335,0.2325682483140936
a38a,2002-10-22,-64.2387,-55.2091,-64.2387,-55.2091,-64.23656869156025,-55.20651072788648,0.26800056910103753
a38a,2002-10-23,-64.2387,-55.2091,-64.2387,-55.2091,-64.23551668519205,-55.202819070767475,0.46630800554765633
a38a,2002-10-24,-64.2387,-55.2091,-64.2387,-55.2091,-64.23528241915895,-55.20304713103124,0.47957609529578
a38a,2002-10-25,-64.2387,-55.2091,-64.2387,-55.2091,-64.23786145635,-55.20410248920551,0.25889617709943213
a38a,2002-10-26,-64.2387,-55.2091,-64.2387,-55.2091,-64.23693508375617,-55.20795934840646,0.2038453939274635
a38a,2002-10-27,-64.2387,-55.2091,-64.2387,-55.2091,-64.2369094505463,-55.202678768072005,0.36871165414591694
a38a,2002-10-28,-64.2387,-55.2091,-64.2387,-55.2091,-64.23753206677155,-55.200746937658394,0.4240692529023113
a38a,2002-10-29,-64.2387,-55.2091,-64.3832,-55.0737,-64.235753936739,-55.195810012899386,17.419859220664964
a38a,2002-10-30,-64.3832,-55.0737,-64.3832,-55.0737,-64.39766969034392,-55.017077717063486,3.1614550198863145
a38a,2002-10-31,-64.3832,-55.0737,-64.3832,-55.0737,-64.3764488764738,-55.05492497553743,1.1740720385996892
a38a,2002-11-01,-64.3832,-55.0737,-64.4418,-55.173,-64.3793510856807,-55.06755263483748,8.594575055474248
a38a,2002-11-02,-64.4418,-55.173,-64.4418,-55.173,-64.45702074455521,-55.197737556017415,2.066878125026109
a38a,2002-11-03,-64.4418,-55.173,-64.2918,-54.8162,-64.44243933346412,-55.178856077547266,24.184632700996332
a38a,2002-11-04,-64.2918,-54.8162,-63.9619,-54.0313,-64.25335992121211,-54.7179004236051,46.49503974110134
a38a,2002-11-05,-63.9619,-54.0313,-63.632,-53.2463,-63.84158115052911,-53.65806751216931,30.87985498301111
a38a,2002-11-06,-63.632,-53.2463,-63.482,-52.8895,-63.43222125396825,-52.83122803492063,6.246737513362851
a38a,2002-11-07,-63.482,-52.8895,-63.482,-52.8895,-63.41444655280183,-52.7846215245671,9.143255967373458
a38a,2002-11-08,-63.482,-52.8895,-63.482,-52.8895,-63.44428819834627,-52.8654229551056,4.360617346201112
a38a,2002-11-09,-63.482,-52.8895,-63.482,-52.8895,-63.46971573157191,-52.888861443319,1.3663163155551337
a38a,2002-11-10,-63.482,-52.8895,-63.482,-52.8895,-63.46257306502828,-52.88824616003113,2.161073917395639
a38a,2002-11-11,-63.482,-52.8895,-63.482,-52.8895,-63.47147023116742,-52.88112617167272,1.2424974134705844
a38a,2002-11-12,-63.482,-52.8895,-63.482,-52.8895,-63.47300628468266,-52.88189111638101,1.0690428318725802
a38a,2002-11-13,-63.482,-52.8895,-63.482,-52.8895,-63.47355123839139,-52.88166843945652,1.016759412719735
a38a,2002-11-14,-63.482,-52.8895,-63.482,-52.8895,-63.469709903510015,-52.89146428076367,1.370072886766735
a38a,2002-11-15,-63.482,-52.8895,-63.482,-52.8895,-63.47049121633261,-52.89144392044689,1.2833536774545011
a38a,2002-11-16,-63.482,-52.8895,-63.482,-52.8895,-63.47171666559708,-52.88319662022877,1.1855186117626166
a38a,2002-11-17,-63.482,-52.8895,-63.482,-52.8895,-63.47247698607323,-52.871344203654985,1.3906918262610062
a38a,2002-11-18,-63.482,-52.8895,-63.482,-52.8895,-63.474053024050384,-52.88070832797331,0.9856077796692231
a38a,2002-11-19,-63.482,-52.8895,-63.482,-52.8895,-63.47197997223359,-52.89857091453001,1.2017747917842425
a38a,2002-11-20,-63.482,-52.8895,-63.482,-52.8895,-63.471881360406556,-52.8843256263107,1.1541048130594864
a38a,2002-11-21,-63.482,-52.8895,-63.482,-52.8895,-63.47177489035383,-52.88394004042769,1.1700190209406818
a38a,2002-11-22,-63.482,-52.8895,-63.482,-52.8895,-63.47203977804531,-52.88484933551629,1.1313451792788023
a38a,2002-11-23,-63.482,-52.8895,-63.482,-52.8895,-63.47255759036853,-52.879952458814586,1.152015723285579
a38a,2002-11-24,-63.482,-52.8895,-63.482,-52.8895,-63.472322240911474,-52.882374235323454,1.1327942656280672
a38a,2002-11-25,-63.482,-52.8895,-63.482,-52.8895,-63.47185115440089,-52.88750632811772,1.1328339401286516
a38a,2002-11-26,-63.482,-52.8895,-63.482,-52.8895,-63.472016167190866,-52.885677309177794,1.1262620841640256
a38a,2002-11-27,-63.482,-52.8895,-63.482,-52.8895,-63.470123032997044,-52.88935378636623,1.3206784320659537
a38a,2002-11-28,-63.482,-52.8895,-63.482,-52.8895,-63.47067196562104,-52.88502026555595,1.2791108493722507
a38a,2002-11-29,-63.482,-52.8895,-63.482,-52.8895,-63.47152890557902,-52.88315065157809,1.206263240534632
a38a,2002-11-30,-63.482,-52.8895,-63.482,-52.8895,-63.470370738399,-52.890286578830384,1.2937046392316094
a38a,2002-12-01,-63.482,-52.8895,-63.482,-52.8895,-63.47002617026653,-52.886406520185176,1.340261183044634
a38a,2002-12-02,-63.482,-52.8895,-63.482,-52.8895,-63.47037066464158,-52.88782143398488,1.2958066138551299
a38a,2002-12-03,-63.482,-52.8895,-63.482,-52.8895,-63.47173442623648,-52.892531949919174,1.1513651884933926
a38a,2002-12-04,-63.482,-52.8895,-63.482,-52.8895,-63.460639318100455,-52.86766200500608,2.611107508712573
a38a,2002-12-05,-63.482,-52.8895,-63.482,-52.8895,-63.471404458694316,-52.887345591929545,1.1830172734018616
a38a,2002-12-06,-63.482,-52.8895,-63.482,-52.8895,-63.471962828155355,-52.883985110784835,1.1491864102270277
a38a,2002-12-07,-63.482,-52.8895,-63.482,-52.8895,-63.472451152912406,-52.87408095385206,1.3090321509316867
a38a,2002-12-08,-63.482,-52.8895,-63.482,-52.8895,-63.43336878939173,-52.844113502897216,5.858957024204727
a38a,2002-12-09,-63.482,-52.8895,-63.482,-52.8895,-63.47415657380161,-52.88383771095792,0.9163456533865252
a38a,2002-12-10,-63.482,-52.8895,-63.482,-52.8895,-63.44686082542974,-52.855527862974014,4.256177829789671
a38a,2002-12-11,-63.482,-52.8895,-63.482,-52.8895,-63.47469868088763,-52.87013241099925,1.2585319710816765
a38a,2002-12-12,-63.482,-52.8895,-63.482,-52.8895,-63.443155689284836,-52.85300827757496,4.684324299151839
a38a,2002-12-13,-63.482,-52.8895,-63.482,-52.8895,-63.47026200499873,-52.88303750243341,1.3440762338755226
a38a,2002-12-14,-63.482,-52.8895,-63.482,-52.8895,-63.44938823935848,-52.80282524048526,5.629149399624566
a38a,2002-12-15,-63.482,-52.8895,-63.482,-52.8895,-63.442873546537335,-52.831234150319744,5.225639036753515
a38a,2002-12-16,-63.482,-52.8895,-63.482,-52.8895,-63.44764625810819,-52.84883382992652,4.321231962716805
a38a,2002-12-17,-63.482,-52.8895,-63.482,-52.8895,-63.46898417697472,-52.874842580944986,1.6200077312741366
a38a,2002-12-18,-63.482,-52.8895,-63.482,-52.8895,-63.470444746916925,-52.8823484370557,1.333056915702081
a38a,2002-12-19,-63.482,-52.8895,-63.482,-52.8895,-63.47321286081855,-52.88533180997378,0.9987646552433636
a38a,2002-12-20,-63.482,-52.8895,-63.482,-52.8895,-63.47063383873432,-52.89331060125285,1.27794552104267
a38a,2002-12-21,-63.482,-52.8895,-63.482,-52.8895,-63.471500029749954,-52.88900600098634,1.1678010731724628
a38a,2002-12-22,-63.482,-52.8895,-63.482,-52.8895,-63.47180812761887,-52.88404838493659,1.1651662308090556
a38a,2002-12-23,-63.482,-52.8895,-63.482,-52.8895,-63.47191025406785,-52.88340583398357,1.162021426531444
a38a,2002-12-24,-63.482,-52.8895,-63.482,-52.8895,-63.47187787294912,-52.883071295606655,1.1699211686654256
a38a,2002-12-25,-63.482,-52.8895,-63.482,-52.8895,-63.47181069016708,-52.8834129511275,1.1726229857967874
a38a,2002-12-26,-63.482,-52.8895,-63.482,-52.8895,-63.47362033032501,-52.881389698039214,1.0150758264760635
a38a,2002-12-27,-63.482,-52.8895,-63.482,-52.8895,-63.471852302216455,-52.88126495717417,1.2001803166074152
a38a,2002-12-28,-63.482,-52.8895,-63.482,-52.8895,-63.47302755441523,-52.87960451349795,1.1121201943187284
a38a,2002-12-29,-63.482,-52.8895,-63.482,-52.8895,-63.47381327292605,-52.88176414476882,0.9880425852953607
a38a,2002-12-30,-63.482,-52.8895,-63.482,-52.8895,-63.47139906005529,-52.88233252815243,1.2313276857891158
a43b,2002-01-05,-68.0951,-55.8521,-68.0951,-55.8521,-68.0930159146646,-55.853068844071686,0.2351993548134307
a43b,2002-01-06,-68.0951,-55.8521,-68.0951,-55.8521,-68.09282246960485,-55.85395256412809,0.2646545233308711
a43b,2002-01-07,-68.0951,-55.8521,-68.0951,-55.8521,-68.09143006231096,-55.85000386061142,0.4172413145466732
a43b,2002-01-08,-68.0951,-55.8521,-68.0951,-55.8521,-68.09227778072668,-55.85018659245203,0.32370018770366094
a43b,2002-01-09,-68.0951,-55.8521,-68.0951,-55.8521,-68.09154472816468,-55.851727883537606,0.39562950224958726
a43b,2002-01-10,-68.0951,-55.8521,-68.0951,-55.8521,-68.09129084799002,-55.8461211740445,0.4908422573895555
a43b,2002-01-11,-68.0951,-55.8521,-68.0951,-55.8521,-68.09219750808639,-55.8500725207203,0.33352270852994315
a43b,2002-01-12,-68.0951,-55.8521,-68.0951,-55.8521,-68.09237470676635,-55.85080164096456,0.3077884845393784
a43b,2002-01-13,-68.0951,-55.8521,-68.0951,-55.8521,-68.09317863168543,-55.85402074220042,0.22802187955898903
a43b,2002-01-14,-68.0951,-55.8521,-68.0951,-55.8521,-68.0929731896855,-55.85304165759632,0.23969526292189727
a43b,2002-01-15,-68.0951,-55.8521,-68.0951,-55.8521,-68.09272938564861,-55.85516055807591,0.2925850876243928
a43b,2002-01-16,-68.0951,-55.8521,-68.0951,-55.8521,-68.09185513277276,-55.850287404778754,0.36856549024985186
a43b,2002-01-17,-68.0951,-55.8521,-68.0951,-55.8521,-68.09294411892515,-55.85314995516558,0.2436480894862521
a43b,2002-01-18,-68.0951,-55.8521,-68.0951,-55.8521,-68.09320836018011,-55.85451848026777,0.23304379654590063
a43b,2002-01-19,-68.0951,-55.8521,-68.0951,-55.8521,-68.09294610351634,-55.85314347054285,0.24338297942676218
a43b,2002-01-20,-68.0951,-55.8521,-67.9293,-56.0645,-68.09226665505913,-55.851193795181146,20.180285672765994
a43b,2002-01-21,-67.9293,-56.0645,-67.9293,-56.0645,-67.87577301150793,-56.134485794444444,6.632918421568869
a43b,2002-01-22,-67.9293,-56.0645,-67.8316,-55.3604,-67.90083380032242,-56.12820890209338,33.075481848639335
a43b,2002-01-23,-67.8316,-55.3604,-67.7723,-55.2751,-67.82616660238094,-55.308470301984116,6.151601812068422
a43b,2002-01-24,-67.7723,-55.2751,-67.7723,-55.2751,-67.73502855120141,-55.253422942494865,4.243672253044138
a43b,2002-01-25,-67.7723,-55.2751,-67.7723,-55.2751,-67.76346192999983,-55.269547720733456,1.0101290705214379
a43b,2002-01-26,-67.7723,-55.2751,-67.7723,-55.2751,-67.76969089957362,-55.279895157505536,0.35335141843575196
a43b,2002-01-27,-67.7723,-55.2751,-67.7723,-55.2751,-67.76969755821531,-55.275002092414354,0.2894076308518294
a43b,2002-01-28,-67.7723,-55.2751,-67.7723,-55.2751,-67.76937877332723,-55.27277435458217,0.33923834677167014
a43b,2002-01-29,-67.7723,-55.2751,-67.781,-55.2787,-67.7700050659048,-55.27897796456398,1.2226367833052736
a43b,2002-01-30,-67.781,-55.2787,-67.7723,-55.2751,-67.78454014332169,-55.28362766888745,1.4074933043202797
a43b,2002-01-31,-67.7723,-55.2751,-67.7723,-55.2751,-67.76129672240032,-55.27489482349809,1.2235390987332382
a43b,2002-02-01,-67.7723,-55.2751,-67.7723,-55.2751,-67.76962486066691,-55.281324924429015,0.39629978768880775
a43b,2002-02-02,-67.7723,-55.2751,-67.7723,-55.2751,-67.7701683247671,-55.27603029819045,0.24024020819242556
a43b,2002-02-03,-67.7723,-55.2751,-67.8793,-55.3937,-67.77016998154683,-55.277315783679825,13.080907215715117
a43b,2002-02-04,-67.8793,-55.3937,-67.8793,-55.3937,-67.8945366626022,-55.41415210657769,1.8982410882994651
a43b,2002-02-05,-67.8793,-55.3937,-67.8793,-55.3937,-67.8829969902228,-55.408940131537804,0.7590341121569776
a43b,2002-02-06,-67.8793,-55.3937,-67.8793,-55.3937,-67.87671439011363,-55.3961063920496,0.30465329596105106
a43b,2002-02-07,-67.8793,-55.3937,-67.8793,-55.3937,-67.87577940579445,-55.394029376759875,0.3917151112694174
a43b,2002-02-08,-67.8793,-55.3937,-67.8793,-55.3937,-67.87621512021401,-55.39553801579926,0.3515514910984816
a43b,2002-02-09,-67.8793,-55.3937,-67.8793,-55.3937,-67.8771659338966,-55.397075624817774,0.27620553194908787
a43b,2002-02-10,-67.8793,-55.3937,-67.7331,-55.4974,-67.87597417885397,-55.39198746678673,16.49240847590337
a43b,2002-02-11,-67.7331,-55.4974,-67.7331,-55.4974,-67.7121902589947,-55.44051970886244,3.3398677231713942
a43b,2002-02-12,-67.7331,-55.4974,-67.5417,-55.5817,-67.71078699210832,-55.46432854301287,19.44685283858743
a43b,2002-02-13,-67.5417,-55.5817,-67.5417,-55.5817,-67.44469804126986,-55.51866130714285,11.114861399217274
a43b,2002-02-14,-67.5417,-55.5817,-67.5417,-55.5817,-67.51481324642619,-55.5606241101992,3.1209808212081924
a43b,2002-02-15,-67.5417,-55.5817,-67.5417,-55.5817,-67.53842191096248,-55.57922133128184,0.37941056197412915
a43b,2002-02-16,-67.5417,-55.5817,-67.585,-55.3948,-67.53909402292304,-55.58147904171369,9.424857763915899
a43b,2002-02-17,-67.585,-55.3948,-67.585,-55.3948,-67.58469666331906,-55.3871831418905,0.32471346814260565
a43b,2002-02-18,-67.585,-55.3948,-67.585,-55.3948,-67.58370175014271,-55.379236993787316,0.6754952535303055
a43b,2002-02-19,-67.585,-55.3948,-67.585,-55.3948,-67.5821843128661,-55.39529337481996,0.31378828310008944
a43b,2002-02-20,-67.585,-55.3948,-67.585,-55.3948,-67.58147049088116,-55.394298001259244,0.3930403452280247
a43b,2002-02-21,-67.585,-55.3948,-67.585,-55.3948,-67.58147181185282,-55.39285311158645,0.4009083869276201
a43b,2002-02-22,-67.585,-55.3948,-67.4276,-55.3633,-67.58215137733532,-55.39769782666325,17.247523986187783
a43b,2002-02-23,-67.4276,-55.3633,-67.4276,-55.3633,-67.37074132592049,-55.35335692276254,6.336657753120317
a43b,2002-02-24,-67.4276,-55.3633,-67.4276,-55.3633,-67.39577059730323,-55.32551784054331,3.8897891327989313
a43b,2002-02-25,-67.4276,-55.3633,-67.4276,-55.3633,-67.42566475572995,-55.36472104020032,0.22357450691013808
a43b,2002-02-26,-67.4276,-55.3633,-67.4276,-55.3633,-67.42624020718426,-55.36172888420221,0.1654061488859679
a43b,2002-02-27,-67.4276,-55.3633,-67.3255,-55.3051,-67.42614993913506,-55.36501794505108,11.481482357263333
a43b,2002-02-28,-67.3255,-55.3051,-67.3255,-55.3051,-67.27584977006474,-55.24829991374504,6.034906320016063
a43b,2002-03-01,-67.3255,-55.3051,-67.3255,-55.3051,-67.3165754559962,-55.31545089624433,1.0870707548406615
a43b,2002-03-02,-67.3255,-55.3051,-67.3255,-55.3051,-67.3223795799074,-55.3084773842193,0.3759697362376602
a43b,2002-03-03,-67.3255,-55.3051,-67.4211,-55.2525,-67.32234307075345,-55.3085457513682,11.239997766587477
a43b,2002-03-04,-67.4211,-55.2525,-67.4211,-55.2525,-67.44039061894613,-55.309574058807755,3.2455922825089956
a43b,2002-03-05,-67.4211,-55.2525,-67.4211,-55.2525,-67.4179130260765,-55.23964450628145,0.6533448736227937
a43b,2002-03-06,-67.4211,-55.2525,-67.297,-55.2787,-67.41769916476363,-55.25196039237403,13.469859795372267
a43b,2002-03-07,-67.297,-55.2787,-67.297,-55.2787,-67.25834043753875,-55.1993925052179,5.484726064107192
a43b,2002-03-08,-67.297,-55.2787,-67.297,-55.2787,-67.26490453540991,-55.268302863269724,3.5966757152585993
a43b,2002-03-09,-67.297,-55.2787,-67.297,-55.2787,-67.29554681469695,-55.28492639510824,0.3122777946907372
a43b,2002-03-10,-67.297,-55.2787,-67.297,-55.2787,-67.29444254271785,-55.283069213238875,0.3406370074999525
a43b,2002-03-11,-67.297,-55.2787,-67.297,-55.2787,-67.2953244898244,-55.28763345710844,0.4262730448613652
a43b,2002-03-12,-67.297,-55.2787,-67.297,-55.2787,-67.30354992403255,-55.34684337911014,3.0133921543352327
a43b,2002-03-13,-67.297,-55.2787,-67.297,-55.2787,-67.29288495543207,-55.2797627669331,0.4598400001501979
a43b,2002-03-14,-67.297,-55.2787,-67.297,-55.2787,-67.2850258392192,-55.28183879527805,1.3382660565109357
a43b,2002-03-15,-67.297,-55.2787,-67.297,-55.2787,-67.29354906120021,-55.279227300652224,0.3843936805030467
a43b,2002-03-16,-67.297,-55.2787,-67.3256,-55.3936,-67.29437562686576,-55.28243799655539,5.8982307687754485
a43b,2002-03-17,-67.3256,-55.3936,-67.3256,-55.3936,-67.32515492674337,-55.384467197296544,0.3945966102018735
a43b,2002-03-18,-67.3256,-55.3936,-67.3131,-55.373,-67.32805620894199,-55.427909872863864,2.8823638894573755
a43b,2002-03-19,-67.3131,-55.373,-67.2897,-55.3348,-67.29833788139973,-55.356186487610785,1.3285904026554378
a43b,2002-03-20,-67.2897,-55.3348,-67.2772,-55.3142,-67.26832795972511,-55.30256118520559,1.105997987944321
a43b,2002-03-21,-67.2772,-55.3142,-67.2772,-55.3142,-67.25922743481631,-55.29384258946676,2.1815026813773732
a43b,2002-03-22,-67.2772,-55.3142,-67.2389,-55.4308,-67.27167351920787,-55.316133995441135,6.130364025391134
a43b,2002-03-23,-67.2389,-55.4308,-67.2389,-55.4308,-67.22383756466091,-55.421058566126874,1.7265323331880227
a43b,2002-03-24,-67.2389,-55.4308,-67.1519,-55.2734,-67.2283671655828,-55.44714360756825,11.330994629598313
a43b,2002-03-25,-67.1519,-55.2734,-67.1519,-55.2734,-67.1212814736856,-55.29045509341674,3.48344579006458
a43b,2002-03-26,-67.1519,-55.2734,-67.1519,-55.2734,-67.13988464696959,-55.26148855863681,1.4316569164565776
a43b,2002-03-27,-67.1519,-55.2734,-67.0526,-55.1183,-67.14236443792292,-55.268367580029945,11.907887932669711
a43b,2002-03-28,-67.0526,-55.1183,-66.9691,-55.1221,-67.01683239869875,-55.121781490225715,5.307618622544443
a43b,2002-03-29,-66.9691,-55.1221,-66.9133,-55.0373,-66.92110388887214,-55.1459592881761,4.815845361022016
a43b,2002-03-30,-66.9133,-55.0373,-66.8784,-55.0312,-66.8743543895199,-55.00342965519371,1.2934264934429673
a43b,2002-03-31,-66.8784,-55.0312,-66.8784,-55.0312,-66.86787209385348,-55.050892828767644,1.452627532768734
a43b,2002-04-01,-66.8784,-55.0312,-66.8567,-54.9622,-66.86556591743091,-55.03083272064789,3.156808751998954
a43b,2002-04-02,-66.8567,-54.9622,-66.8567,-54.9622,-66.84540053418701,-54.936982653048574,1.6714623921574077
a43b,2002-04-03,-66.8567,-54.9622,-66.8567,-54.9622,-66.84942191177969,-54.942110440512096,1.194160128295383
a43b,2002-04-04,-66.8567,-54.9622,-66.8053,-54.9082,-66.84896280484149,-54.96004463604041,5.358914214541485
a43b,2002-04-05,-66.8053,-54.9082,-66.7561,-54.8505,-66.79185551241059,-54.91039777192573,4.765087942721193
a43b,2002-04-06,-66.7561,-54.8505,-66.7353,-54.8462,-66.72781992423077,-54.81457756637323,1.619039290068353
a43b,2002-04-07,-66.7353,-54.8462,-66.7193,-54.8436,-66.71032742059721,-54.84822252528451,1.0181854425192844
a43b,2002-04-08,-66.7193,-54.8436,-66.709,-54.8422,-66.70019282759749,-54.84296328368184,0.9798879239010705
a43b,2002-04-09,-66.709,-54.8422,-66.7054,-54.8418,-66.69601330315942,-54.837077854861974,1.0642152764285429
a43b,2002-04-10,-66.7054,-54.8418,-66.7054,-54.8418,-66.69729491014627,-54.83659920791271,0.9298175684911885
a43b,2002-04-11,-66.7054,-54.8418,-66.7034,-54.7464,-66.69548087278922,-54.84110241221612,4.257417017288413
a43b,2002-04-12,-66.7034,-54.7464,-66.6828,-54.6842,-66.69756031815344,-54.699891224048116,1.780575756474633
a43b,2002-04-13,-66.6828,-54.6842,-66.6828,-54.6842,-66.66974944328078,-54.67579449043933,1.4975951920956434
a43b,2002-04-14,-66.6828,-54.6842,-66.6021,-54.5602,-66.67688530233153,-54.675001722653434,9.735091066822752
a43b,2002-04-15,-66.6021,-54.5602,-66.5344,-54.4922,-66.57163057740914,-54.58269736292988,5.7593799589452495
a43b,2002-04-16,-66.5344,-54.4922,-66.5344,-54.4922,-66.4982734581513,-54.48985290706884,4.018434172838484
a43b,2002-04-17,-66.5344,-54.4922,-66.3519,-54.4077,-66.51142729763568,-54.478429767735946,18.015208889191413
a43b,2002-04-18,-66.3519,-54.4077,-66.3519,-54.4077,-66.28122780786174,-54.387689043742824,7.909054498464664
a43b,2002-04-19,-66.3519,-54.4077,-66.2942,-54.3309,-66.31316917050981,-54.41510487396724,4.313793668210785
a43b,2002-04-20,-66.2942,-54.3309,-66.2632,-54.2965,-66.26697317429397,-54.30799903324994,0.664003849228688
a43b,2002-04-21,-66.2632,-54.2965,-66.2632,-54.2965,-66.23925724953777,-54.27498094199777,2.83134722289426
a43b,2002-04-22,-66.2632,-54.2965,-66.2218,-54.4429,-66.25083859025952,-54.3043922423911,6.995936236802452
a43b,2002-04-23,-66.2218,-54.4429,-66.2218,-54.4429,-66.20265563943593,-54.45795933993652,2.233336357557858
a43b,2002-04-24,-66.2218,-54.4429,-66.2218,-54.4429,-66.21134188130495,-54.46641614087167,1.5698227087109353
a43b,2002-04-25,-66.2218,-54.4429,-66.2218,-54.4429,-66.21168309125204,-54.44741892124472,1.1430541850792337
a43b,2002-04-26,-66.2218,-54.4429,-66.2218,-54.4429,-66.21556517918198,-54.45205351982048,0.8056640059027265
a43b,2002-04-27,-66.2218,-54.4429,-66.1608,-54.2938,-66.215296290307,-54.45042607813261,9.282333041263303
a43b,2002-04-28,-66.1608,-54.2938,-66.1608,-54.2938,-66.14184637446567,-54.282670288595455,2.1661326816613764
a43b,2002-04-29,-66.1608,-54.2938,-66.1608,-54.2938,-66.15174488301939,-54.28794065823389,1.0407596384179736
a43b,2002-04-30,-66.1608,-54.2938,-66.1608,-54.2938,-66.15336416880915,-54.30062631840457,0.8819230501875193
a43b,2002-05-01,-66.1608,-54.2938,-66.1608,-54.2938,-66.15165659231252,-54.29855166736641,1.0388933525009019
a43b,2002-05-02,-66.1608,-54.2938,-66.1608,-54.2938,-66.15079102743077,-54.30528592134766,1.226872643678978
a43b,2002-05-03,-66.1608,-54.2938,-66.0477,-54.1311,-66.1527318440229,-54.30806403656021,14.140487640616785
a43b,2002-05-04,-66.0477,-54.1311,-66.0624,-53.9718,-66.00985391030498,-54.12764541558232,9.147602163632735
a43b,2002-05-05,-66.0624,-53.9718,-66.047,-53.8795,-66.05307539469818,-53.87387717518722,0.7216570220580756
a43b,2002-05-06,-66.047,-53.8795,-66.047,-53.8795,-66.04181176723728,-53.835772046024076,2.0568071075062835
a43b,2002-05-07,-66.047,-53.8795,-65.9654,-54.0188,-66.03692766878375,-53.880808554840115,10.109606359342452
a43b,2002-05-08,-65.9654,-54.0188,-65.9055,-54.1027,-65.93364158553415,-54.02036319928304,4.873039371947773
a43b,2002-05-09,-65.9055,-54.1027,-65.8527,-53.9124,-65.85975860672461,-54.137810265690845,10.282060746564383
a43b,2002-05-10,-65.8527,-53.9124,-65.7992,-53.9797,-65.81935120571634,-53.882943793931176,4.945436067103546
a43b,2002-05-11,-65.7992,-53.9797,-65.7166,-53.9472,-65.77517644787383,-53.984878798825804,6.736948153619632
a43b,2002-05-12,-65.7166,-53.9472,-65.6429,-53.9449,-65.68063744715039,-53.96452386863439,4.291492531838106
a43b,2002-05-13,-65.6429,-53.9449,-65.5344,-54.0402,-65.60795296091588,-53.955853531273306,9.051858975887761
a43b,2002-05-14,-65.5344,-54.0402,-65.4618,-54.05,-65.46080181430314,-54.09619022970347,2.135955897645161
a43b,2002-05-15,-65.4618,-54.05,-65.4052,-54.0321,-65.42294468043268,-54.09877876662924,3.661848484897813
a43b,2002-05-16,-65.4052,-54.0321,-65.4052,-54.0321,-65.36972961239469,-54.04443960128302,3.985310084033418
a43b,2002-05-17,-65.4052,-54.0321,-65.3449,-53.9328,-65.396192554271,-54.040584647196965,7.581378038297131
a43b,2002-05-18,-65.3449,-53.9328,-65.2715,-53.9523,-65.32174483746833,-53.928399594425116,5.696299338906166
a43b,2002-05-19,-65.2715,-53.9523,-65.2715,-53.9523,-65.22827651340012,-53.964810172127955,4.841388630559921
a43b,2002-05-20,-65.2715,-53.9523,-65.2182,-54.0163,-65.25130558253035,-53.95458511510873,4.670621742658794
a43b,2002-05-21,-65.2182,-54.0163,-65.1901,-54.0726,-65.2004080497771,-54.08624896734668,1.3111776043791439
a43b,2002-05-22,-65.1901,-54.0726,-65.1,-53.9667,-65.16241685698718,-54.084254041342774,8.85366862881219
a43b,2002-05-23,-65.1,-53.9667,-65.1,-53.9667,-65.05160279221363,-53.99630629277948,5.557473467018543
a43b,2002-05-24,-65.1,-53.9667,-65.1,-53.9667,-65.03456954048633,-53.891264656113066,8.089296133994385
a43b,2002-05-25,-65.1,-53.9667,-65.039,-54.0156,-65.09260876977862,-53.95553129358518,6.5926342733311705
a43b,2002-05-26,-65.039,-54.0156,-64.9188,-53.9699,-65.01386075646529,-54.01617257916115,10.792172749893304
a43b,2002-05-27,-64.9188,-53.9699,-64.8413,-54.0328,-64.84193291754023,-53.970147772687824,2.9624947847379186
a43b,2002-05-28,-64.8413,-54.0328,-64.6597,-53.9585,-64.79653221851842,-54.061866357446945,15.98671088188916
a43b,2002-05-29,-64.6597,-53.9585,-64.4727,-53.8437,-64.553200853848,-53.91619182879991,9.599822545471888
a43b,2002-05-30,-64.4727,-53.8437,-64.3839,-53.7708,-64.37153397265064,-53.79954513350491,1.9496708855095641
a43b,2002-05-31,-64.3839,-53.7708,-64.2604,-53.6505,-64.32137250506509,-53.74688298474723,8.220770918163602
a43b,2002-06-01,-64.2604,-53.6505,-64.2604,-53.6505,-64.17956305601173,-53.61433579416216,9.157220859703553
a43b,2002-06-02,-64.2604,-53.6505,-64.15,-53.5238,-64.23448538086454,-53.62056435540575,10.497430977089664
a43b,2002-06-03,-64.15,-53.5238,-64.0376,-53.3175,-64.12203635375695,-53.561507432332405,15.126537171384832
a43b,2002-06-04,-64.0376,-53.3175,-64.0376,-53.3175,-63.95825603641089,-53.19942340168612,10.534271376681257
a43b,2002-06-05,-64.0376,-53.3175,-63.979,-53.1752,-64.00143979306819,-53.2980966150825,6.491363439579327
a43b,2002-06-06,-63.979,-53.1752,-63.9631,-53.043,-63.95735153703548,-53.15535088595175,5.521421021496291
a43b,2002-06-07,-63.9631,-53.043,-63.9509,-52.9601,-63.95225778172206,-52.9783851179258,0.9055207969918335
a43b,2002-06-08,-63.9509,-52.9601,-63.9019,-53.1008,-63.93958429095632,-52.924099480792606,9.60037051171047
a43b,2002-06-09,-63.9019,-53.1008,-63.9019,-53.1008,-63.87231676519465,-53.13800795346478,3.7599109926962075
a43b,2002-06-10,-63.9019,-53.1008,-63.8098,-53.062,-63.88629662314208,-53.12350480156039,9.024343104570585
a43b,2002-06-11,-63.8098,-53.062,-63.7549,-53.0521,-63.7646327288448,-53.04824120244464,1.0987320921328807
a43b,2002-06-12,-63.7549,-53.0521,-63.7549,-53.0521,-63.71242023292576,-53.0528581361703,4.723681907880646
a43b,2002-06-13,-63.7549,-53.0521,-63.7549,-53.0521,-63.74092056066798,-53.03877858700258,1.6868840766892237
a43b,2002-06-14,-63.7549,-53.0521,-63.6545,-53.0083,-63.74277871732563,-53.0447534835191,9.979103113662246
a43b,2002-06-15,-63.6545,-53.0083,-63.5092,-52.9314,-63.617789406262645,-53.00307878275245,12.585192191293201
a43b,2002-06-16,-63.5092,-52.9314,-63.4098,-53.1628,-63.408871718814545,-52.92558108325403,11.807384481773763
a43b,2002-06-17,-63.4098,-53.1628,-63.2946,-53.245,-63.336450690211635,-53.32964551613756,6.286613166830638
a43b,2002-06-18,-63.2946,-53.245,-63.1643,-53.3729,-63.21051471592575,-53.29547105320498,6.441282990550234
a43b,2002-06-19,-63.1643,-53.3729,-62.973,-53.4177,-63.06062878588133,-53.39077340468353,9.838123473970986
a43b,2002-06-20,-62.973,-53.4177,-62.8775,-53.428,-62.861280035142975,-53.40588862411545,2.1236745343927725
a43b,2002-06-21,-62.8775,-53.428,-62.8775,-53.428,-62.81896128223191,-53.459328941572494,6.70052873778097
a43b,2002-06-22,-62.8775,-53.428,-62.78,-53.4801,-62.84766508425113,-53.40799814212818,8.368292348348618
a43b,2002-06-23,-62.78,-53.4801,-62.7083,-53.4904,-62.73480057933296,-53.495255503053954,2.957101272044073
a43b,2002-06-24,-62.7083,-53.4904,-62.6113,-53.6601,-62.6483197950642,-53.50238866213371,9.052360355285295
a43b,2002-06-25,-62.6113,-53.6601,-62.5295,-53.7113,-62.53231092867892,-53.73118275647451,1.0666280000254875
a43b,2002-06-26,-62.5295,-53.7113,-62.4104,-53.6979,-62.465438195163415,-53.75997575759787,6.9032395464367555
a43b,2002-06-27,-62.4104,-53.6979,-62.3328,-53.7434,-62.33359075208962,-53.73247692224567,0.5707829159943733
a43b,2002-06-28,-62.3328,-53.7434,-62.274,-53.6935,-62.275515891335424,-53.76668844974745,3.7898943822127378
a43b,2002-06-29,-62.274,-53.6935,-62.1961,-53.7393,-62.23600021851193,-53.69613351781014,4.968939040038336
a43b,2002-06-30,-62.1961,-53.7393,-62.1961,-53.7393,-62.1454813838133,-53.75585668266643,5.693773154782341
a43b,2002-07-01,-62.1961,-53.7393,-62.0074,-53.5767,-62.168653710880555,-53.75117763906644,20.099415049639866
a43b,2002-07-02,-62.0074,-53.5767,-61.9264,-53.5332,-61.928180654761896,-53.50329746428572,1.5771997885672917
a43b,2002-07-03,-61.9264,-53.5332,-61.8656,-53.5138,-61.864724534780144,-53.527088532253,0.7035352056898014
a43b,2002-07-04,-61.8656,-53.5138,-61.8656,-53.5138,-61.821502341764344,-53.488959061423984,5.0737158649805085
a43b,2002-07-05,-61.8656,-53.5138,-61.8656,-53.5138,-61.84510514008054,-53.511192286386944,2.2830252524291272
a43b,2002-07-06,-61.8656,-53.5138,-61.7864,-53.5811,-61.84614869544853,-53.513054762578236,7.5438552713361196
a43b,2002-07-07,-61.7864,-53.5811,-61.7864,-53.5811,-61.7301093447699,-53.64138025316339,7.016977709234336
a43b,2002-07-08,-61.7864,-53.5811,-61.7864,-53.5811,-61.763803039145586,-53.59052783139499,2.5611138898509185
a43b,2002-07-09,-61.7864,-53.5811,-61.6491,-53.361,-61.776149925046816,-53.57706629320212,18.14415747164313
a43b,2002-07-10,-61.6491,-53.361,-61.6491,-53.361,-61.59756179656731,-53.35506295164372,5.7393692717971945
a43b,2002-07-11,-61.6491,-53.361,-61.5844,-53.3056,-61.60637232905255,-53.316410050066594,2.5092296476548976
a43b,2002-07-12,-61.5844,-53.3056,-61.5844,-53.3056,-61.54551620557945,-53.26127774894945,4.919483240381047
a43b,2002-07-13,-61.5844,-53.3056,-61.5844,-53.3056,-61.558605811742254,-53.27819028141181,3.214301082138229
a43b,2002-07-14,-61.5844,-53.3056,-61.5199,-53.3882,-61.56598254328362,-53.37138269386604,5.201042194607878
a43b,2002-07-15,-61.5199,-53.3882,-61.383,-53.6067,-61.48597566403359,-53.46748843299898,13.63441443234289
a43b,2002-07-16,-61.383,-53.6067,-61.383,-53.6067,-61.292801792176874,-53.681303592653265,10.79000189712887
a43b,2002-07-17,-61.383,-53.6067,-61.383,-53.6067,-61.37414034371749,-53.619967170426975,1.2123950492585027
a43b,2002-07-18,-61.383,-53.6067,-61.3216,-53.7197,-61.368726829027594,-53.60532372704644,8.040813454504116
a43b,2002-07-19,-61.3216,-53.7197,-61.2892,-53.7623,-61.3085573041417,-53.75440909848834,2.193292159446306
a43b,2002-07-20,-61.2892,-53.7623,-61.1914,-53.7234,-61.253520906902615,-53.788259152343514,7.730994617878772
a43b,2002-07-21,-61.1914,-53.7234,-61.1115,-53.6372,-61.148449243544434,-53.74936583302707,7.289978305745026
a43b,2002-07-22,-61.1115,-53.6372,-61.042,-53.5263,-61.04828059945296,-53.597731917359795,3.9082070200105794
a43b,2002-07-23,-61.042,-53.5263,-61.0243,-53.4178,-60.98109269421506,-53.48122159672596,5.896595578590472
a43b,2002-07-24,-61.0243,-53.4178,-60.9389,-53.2319,-61.003180723796795,-53.34390376566107,9.36016340129331
a43b,2002-07-25,-60.9389,-53.2319,-60.8824,-52.9281,-60.880206348372994,-53.123901751395664,10.59758332811465
a43b,2002-07-26,-60.8824,-52.9281,-60.8378,-52.7505,-60.83451372440754,-52.722964706278816,1.5361303546587886
a43b,2002-07-27,-60.8378,-52.7505,-60.7936,-52.665,-60.79937002258067,-52.611344233539825,2.980878335142922
a43b,2002-07-28,-60.7936,-52.665,-60.7584,-52.4399,-60.75534979891839,-52.59451634856342,8.405690370151731
a43b,2002-07-29,-60.7584,-52.4399,-60.653,-52.2514,-60.739180974464105,-52.3145978821922,10.181429219449992
a43b,2002-07-30,-60.653,-52.2514,-60.6074,-52.1353,-60.58456047034565,-52.15829477629606,2.832961712763317
a43b,2002-07-31,-60.6074,-52.1353,-60.5655,-51.9778,-60.55942050441061,-52.022063230804406,2.51164585738215
a43b,2002-08-01,-60.5655,-51.9778,-60.5061,-51.8803,-60.5286162728833,-51.85216034704024,2.9393828701851095
a43b,2002-08-02,-60.5061,-51.8803,-60.4511,-51.8255,-60.4588725402981,-51.79759684951165,1.7571936138607542
a43b,2002-08-03,-60.4511,-51.8255,-60.4203,-51.8008,-60.40484371741616,-51.765502223535634,2.5902518776154233
a43b,2002-08-04,-60.4203,-51.8008,-60.3732,-51.7513,-60.38904028100735,-51.76682859479408,1.957204714048657
a43b,2002-08-05,-60.3732,-51.7513,-60.3301,-51.6717,-60.33644387552422,-51.704088276656904,1.917035658200215
a43b,2002-08-06,-60.3301,-51.6717,-60.2954,-51.5599,-60.291806735448596,-51.59474422526125,1.961163136976088
a43b,2002-08-07,-60.2954,-51.5599,-60.2322,-51.4939,-60.26135703469802,-51.44677264479134,4.156245220958391
a43b,2002-08-08,-60.2322,-51.4939,-60.1972,-51.327,-60.18519243506774,-51.41805196764716,5.207062526450735
a43b,2002-08-09,-60.1972,-51.327,-60.1163,-50.9481,-60.16778181874157,-51.206579543789246,15.411644370852168
a43b,2002-08-10,-60.1163,-50.9481,-60.1163,-50.9481,-60.087130354737226,-50.74160656839035,11.895910493620942
a43b,2002-08-11,-60.1163,-50.9481,-60.0055,-51.1373,-60.08164437515987,-50.74433564796357,23.404190580243352
a43b,2002-08-12,-60.0055,-51.1373,-59.9376,-51.1348,-59.97446536652661,-51.169132476558445,4.522939665223772
a43b,2002-08-13,-59.9376,-51.1348,-59.9376,-51.1348,-59.89539315997173,-51.125115964391455,4.724123931922431
a43b,2002-08-14,-59.9376,-51.1348,-59.8203,-51.243,-59.916978614413615,-51.109177781011,13.090549129158928
a43b,2002-08-15,-59.8203,-51.243,-59.7786,-51.267,-59.7709539801426,-51.2242830354175,2.537760216597016
a43b,2002-08-16,-59.7786,-51.267,-59.7627,-51.3724,-59.72274000124316,-51.2336606547986,8.95377840904081
a43b,2002-08-17,-59.7627,-51.3724,-59.6752,-51.3693,-59.741498251224264,-51.40603276423559,7.654498518005882
a43b,2002-08-18,-59.6752,-51.3693,-59.6178,-51.4243,-59.63029185440878,-51.37736473213346,2.9823082001385615
a43b,2002-08-19,-59.6178,-51.4243,-59.5212,-51.5276,-59.57542823457895,-51.4456047577396,7.596829636551306
a43b,2002-08-20,-59.5212,-51.5276,-59.3912,-51.5008,-59.44598054889207,-51.571087747999115,7.274278878609667
a43b,2002-08-21,-59.3912,-51.5008,-59.3912,-51.5008,-59.28524279853557,-51.50618192933075,11.785855220977266
a43b,2002-08-22,-59.3912,-51.5008,-59.3448,-51.2787,-59.35721527444897,-51.42589455449442,8.457105372281388
a43b,2002-08-23,-59.3448,-51.2787,-59.3379,-51.1647,-59.310815087535616,-51.23144956267805,4.8382889912686915
a43b,2002-08-24,-59.3379,-51.1647,-59.3455,-50.9286,-59.31261595070202,-51.063993652305044,8.505766694535
a43b,2002-08-25,-59.3455,-50.9286,-59.3455,-50.9286,-59.331374097216276,-50.780291114022475,8.555372073103205
a43b,2002-08-26,-59.3455,-50.9286,-59.3455,-50.9286,-59.33541628083188,-50.8050826350416,7.092897976906723
a43b,2002-08-27,-59.3455,-50.9286,-59.297,-50.7094,-59.29804142831038,-50.739409493847745,1.7076874597459537
a43b,2002-08-28,-59.297,-50.7094,-59.1998,-50.5385,-59.265823265018874,-50.63379815367145,9.125857069648807
a43b,2002-08-29,-59.1998,-50.5385,-59.1576,-50.5417,-59.122749457703186,-50.39632846888364,9.152337828575787
a43b,2002-08-30,-59.1576,-50.5417,-59.1576,-50.5417,-59.114738146174396,-50.51666469545171,4.975377958972484
a43b,2002-08-31,-59.1576,-50.5417,-59.0975,-50.5169,-59.155311654194044,-50.48178732063721,6.733339536809603
a43b,2002-09-01,-59.0975,-50.5169,-59.0465,-50.3813,-59.062392025119685,-50.45046280930728,4.331516479035984
a43b,2002-09-02,-59.0465,-50.3813,-58.9995,-50.337,-58.992678931997396,-50.23773487019014,5.7358895633614155
a43b,2002-09-03,-58.9995,-50.337,-58.9842,-50.2717,-58.96064012516115,-50.2771227706329,2.638111479375668
a43b,2002-09-04,-58.9842,-50.2717,-58.9689,-50.2,-58.960079414200564,-50.18017151989267,1.5013848549136246
a43b,2002-09-05,-58.9689,-50.2,-58.9689,-50.2,-58.934594815017654,-50.09345556743267,7.203245739131457
a43b,2002-09-06,-58.9689,-50.2,-58.973,-50.0786,-58.95398474786382,-50.13710200858287,3.964794805510625
a43b,2002-09-07,-58.973,-50.0786,-59.0497,-49.9302,-58.970871963602285,-49.97740249887002,9.1724250171525
a43b,2002-09-08,-59.0497,-49.9302,-59.1487,-49.8047,-59.086317862079795,-49.793365570856565,6.9666767583884495
a43b,2002-09-09,-59.1487,-49.8047,-59.2623,-49.6541,-59.202200793650384,-49.66970163336157,6.7413967918580315
a43b,2002-09-10,-59.2623,-49.6541,-59.3909,-49.5449,-59.34127232998838,-49.522458475501224,5.662941565574404
a43b,2002-09-11,-59.3909,-49.5449,-59.5444,-49.2732,-59.48726284220611,-49.48620229471541,13.591623259573465
a43b,2002-09-12,-59.5444,-49.2732,-59.6339,-48.7983,-59.61104437645503,-49.10796691957671,17.597277340839415
a43b,2002-09-13,-59.6339,-48.7983,-59.5382,-48.2235,-59.67278023330459,-48.51859075193266,22.350633700607098
a43b,2002-09-14,-59.5382,-48.2235,-59.3686,-47.8977,-59.48488485030723,-47.84355413183994,13.287982565618522
a43b,2002-09-15,-59.3686,-47.8977,-59.1594,-47.7833,-59.256246869164755,-47.739559672319075,11.052969954165958
a43b,2002-09-16,-59.1594,-47.7833,-58.918,-48.1335,-59.02181500221143,-47.723394000354034,26.18853976499723
a43b,2002-09-17,-58.918,-48.1335,-58.7916,-48.0848,-58.80230275210993,-48.235739759889185,8.776254976901866
a43b,2002-09-18,-58.7916,-48.0848,-58.5106,-48.1179,-58.68686895145503,-47.99634983650793,20.826884393279705
a43b,2002-09-19,-58.5106,-48.1179,-58.2006,-47.9695,-58.383081542857134,-48.07490131190474,21.20544312886147
a43b,2002-09-20,-58.2006,-47.9695,-57.8957,-47.5744,-58.04085395542329,-47.79490151891534,20.72741826332839
a43b,2002-09-21,-57.8957,-47.5744,-57.7322,-47.2656,-57.76139029894179,-47.44357561825393,11.04867938020781
a43b,2002-09-22,-57.7322,-47.2656,-57.6392,-46.8821,-57.67197451283069,-47.14003432962963,15.77136514717088
a43b,2002-09-23,-57.6392,-46.8821,-57.6312,-46.5815,-57.57514797836148,-46.59165810657714,6.262012197347159
a43b,2002-09-24,-57.6312,-46.5815,-57.6967,-46.1033,-57.623286060930944,-46.346146587821465,16.592243850881474
a43b,2002-09-25,-57.6967,-46.1033,-57.6967,-46.1033,-57.72472966613757,-45.76823829166665,20.145105852239315
a43b,2002-09-26,-57.6967,-46.1033,-57.7473,-45.6464,-57.70472069040331,-46.01138756186626,22.182130653011466
a43b,2002-09-27,-57.7473,-45.6464,-57.6468,-45.3575,-57.71819830185186,-45.54034297447089,13.459970096180221
a43b,2002-09-28,-57.6468,-45.3575,-57.6193,-45.148,-57.557667204621964,-45.09873464485588,7.455767630314675
a43b,2002-09-29,-57.6193,-45.148,-57.4961,-45.0516,-57.59263753109277,-44.981232488180126,11.526519897746631
a43b,2002-09-30,-57.4961,-45.0516,-57.2706,-44.8773,-57.424718075711304,-45.007410549396496,18.831173969072974
a43b,2002-10-01,-57.2706,-44.8773,-57.2706,-44.8773,-57.1393648382784,-44.8036552905067,15.25185829484961
a43b,2002-10-02,-57.2706,-44.8773,-56.8879,-44.1902,-57.194092906015676,-44.8513024531714,52.522364619974084
a43b,2002-10-03,-56.8879,-44.1902,-56.5554,-43.4479,-56.79299584375902,-44.08378398038724,46.978747561703216
a43b,2002-10-04,-56.5554,-43.4479,-56.2501,-42.8857,-56.365177408994704,-42.95415692473546,13.474757653061467
a43b,2002-10-05,-56.2501,-42.8857,-56.0719,-42.4241,-56.10593964166667,-42.638100502513225,13.80481840083722
a43b,2002-10-06,-56.0719,-42.4241,-55.9827,-42.177,-55.99572431970899,-42.1658369929894,1.606066843277283
a43b,2002-10-07,-55.9827,-42.177,-55.9298,-41.9562,-55.9020158770478,-41.93041222765049,3.48238851817663
a43b,2002-10-08,-55.9298,-41.9562,-55.8752,-41.751,-55.876591863102135,-41.758705394381735,0.5049572014254418
a43b,2002-10-09,-55.8752,-41.751,-55.7842,-41.3831,-55.81869152803987,-41.57728581230376,12.727905309214215
a43b,2002-10-10,-55.7842,-41.3831,-55.6042,-40.6351,-55.71351218902671,-41.110040209308636,32.17577875297882
a43b,2002-10-11,-55.6042,-40.6351,-55.3498,-40.1537,-55.558835549062046,-40.253332228643586,24.077702666395822
a43b,2002-10-12,-55.3498,-40.1537,-55.1539,-40.0225,-55.17961719219577,-39.84750053822751,11.476778245888935
a43b,2002-10-13,-55.1539,-40.0225,-54.873,-40.0399,-54.99745854880588,-39.95849104165575,14.784042343334223
a43b,2002-10-14,-54.873,-40.0399,-54.6265,-40.0884,-54.69209583249725,-40.06391284390662,7.462032967737309
a43b,2002-10-15,-54.6265,-40.0884,-54.4021,-40.1416,-54.46427205263024,-40.14359008823283,6.914414930940462
a43b,2002-10-16,-54.4021,-40.1416,-54.3672,-39.9464,-54.24040554046092,-40.215066749959306,22.41938342046354
a43b,2002-10-17,-54.3672,-39.9464,-54.3278,-39.7965,-54.37282009232804,-39.75072450542328,5.8190017486152135
a43b,2002-10-18,-54.3278,-39.7965,-54.3278,-39.7965,-54.285514206913724,-39.667200812488176,9.616373868305036
a43b,2002-10-19,-54.3278,-39.7965,-54.2149,-39.5904,-54.30520178184419,-39.75649163152826,14.73757313813926
a43b,2002-10-20,-54.2149,-39.5904,-54.0826,-39.6898,-54.158232012433864,-39.52875460396825,13.449034668379149
a43b,2002-10-21,-54.0826,-39.6898,-54.0826,-39.6898,-53.986216459248965,-39.78082111382514,12.255372948462432
a43b,2002-10-22,-54.0826,-39.6898,-54.1669,-39.5053,-54.01597781912462,-39.58007731821863,17.475966156759235
a43b,2002-10-23,-54.1669,-39.5053,-54.1669,-39.5053,-54.166806321693116,-39.4081315850529,6.325330783666076
a43b,2002-10-24,-54.1669,-39.5053,-54.1669,-39.5053,-54.15929396649124,-39.44378610748683,4.093034803136336
a43b,2002-10-25,-54.1669,-39.5053,-54.1669,-39.5053,-54.15972913233744,-39.47206243606257,2.306071555514373
a43b,2002-10-26,-54.1669,-39.5053,-54.1669,-39.5053,-54.082767289424616,-39.37964253247307,12.432394066998965
a43b,2002-10-27,-54.1669,-39.5053,-54.1669,-39.5053,-54.15870891301435,-39.4335491765564,4.759151789345794
a43b,2002-10-28,-54.1669,-39.5053,-54.3018,-39.4528,-54.091282922229844,-39.34003179963952,24.530887647758426
a43b,2002-10-29,-54.3018,-39.4528,-54.3018,-39.4528,-54.30848293383936,-39.36032871456632,6.045264862825244
a43b,2002-10-30,-54.3018,-39.4528,-54.3018,-39.4528,-54.30030429475248,-39.448887152137615,0.3035104795728771
a43b,2002-10-31,-54.3018,-39.4528,-54.3018,-39.4528,-54.28356029567556,-39.43533631228175,2.3233507768808783
a43b,2002-11-01,-54.3018,-39.4528,-54.4368,-39.3159,-54.27544750686749,-39.384348805975776,18.48168420313025
a43b,2002-11-02,-54.4368,-39.3159,-54.4368,-39.3159,-54.46755584523809,-39.225238668650775,6.785759295453414
a43b,2002-11-03,-54.4368,-39.3159,-54.4368,-39.3159,-54.421292279482344,-39.27052735992277,3.403944195866522
a43b,2002-11-04,-54.4368,-39.3159,-54.4764,-39.2123,-54.411492438203325,-39.29867864402402,9.126084509071724
a43b,2002-11-05,-54.4764,-39.2123,-54.4764,-39.2123,-54.48273634861353,-39.14523598640747,4.389485158446847
a43b,2002-11-06,-54.4764,-39.2123,-54.4764,-39.2123,-54.45421666786241,-39.153390406882636,4.536345799513593
a43b,2002-11-07,-54.4764,-39.2123,-54.4764,-39.2123,-54.442593517972696,-39.18407301276969,4.178462059518722
a43b,2002-11-08,-54.4764,-39.2123,-54.4764,-39.2123,-54.436296184172114,-39.14778038161481,6.105675992627245
a43b,2002-11-09,-54.4764,-39.2123,-54.4764,-39.2123,-54.44812756277718,-39.15925807808367,4.651380382705222
a43b,2002-11-10,-54.4764,-39.2123,-54.4764,-39.2123,-54.43326223164706,-39.177133235782094,5.308115938352035
a43b,2002-11-11,-54.4764,-39.2123,-54.4764,-39.2123,-54.46311255667531,-39.18575168540343,2.264072176323768
a43b,2002-11-12,-54.4764,-39.2123,-54.4764,-39.2123,-54.44945756467233,-39.184862549044794,3.481335763637001
a43b,2002-11-13,-54.4764,-39.2123,-54.4764,-39.2123,-54.463106241998155,-39.18458571551514,2.3221291514048614
a43b,2002-11-14,-54.4764,-39.2123,-54.4764,-39.2123,-54.44021664659874,-39.20289892811107,4.0690340810828305
a43b,2002-11-15,-54.4764,-39.2123,-54.4764,-39.2123,-54.44980715821876,-39.12316899453032,6.475110204719764
a43b,2002-11-16,-54.4764,-39.2123,-54.4764,-39.2123,-54.365641932138644,-39.09822116359351,14.357857564132495
a43b,2002-11-17,-54.4764,-39.2123,-54.4764,-39.2123,-54.3867826677881,-39.12620529141495,11.415327081141418
a43b,2002-11-18,-54.4764,-39.2123,-54.4764,-39.2123,-54.45350661049577,-39.2123685331851,2.5456326195656507
a43b,2002-11-19,-54.4764,-39.2123,-54.4764,-39.2123,-54.45680562752454,-39.129828879803654,5.757769038023972
a43b,2002-11-20,-54.4764,-39.2123,-54.4764,-39.2123,-54.42392990112578,-39.183523123180066,6.123846742172965
a43b,2002-11-21,-54.4764,-39.2123,-54.4764,-39.2123,-54.424701290568194,-39.17975126007727,6.121656515167036
a43b,2002-11-22,-54.4764,-39.2123,-54.4764,-39.2123,-54.45064480470029,-39.19003379363784,3.2050668269955613
a43b,2002-11-23,-54.4764,-39.2123,-54.4764,-39.2123,-54.44992507511472,-39.19269002643517,3.2051003487563126
a43b,2002-11-24,-54.4764,-39.2123,-54.4764,-39.2123,-54.4531619470317,-39.15562699881278,4.482347285142785
a43b,2002-11-25,-54.4764,-39.2123,-54.4764,-39.2123,-54.45778635750158,-39.193176539620936,2.4106189367170408
a43b,2002-11-26,-54.4764,-39.2123,-54.4764,-39.2123,-54.44851197821742,-39.1849314208647,3.570021871526316
a43b,2002-11-27,-54.4764,-39.2123,-54.4764,-39.2123,-54.423016448571424,-39.141259965050466,7.505299513610065
a43b,2002-11-28,-54.4764,-39.2123,-54.4764,-39.2123,-54.359751419081704,-38.97486359412949,20.10568590528624
a43b,2002-11-29,-54.4764,-39.2123,-54.4764,-39.2123,-54.44603224331629,-39.17182247457794,4.271613758161633
a43b,2002-11-30,-54.4764,-39.2123,-54.4764,-39.2123,-54.466053804793425,-39.14345509513325,4.594880768705554
a43b,2002-12-01,-54.4764,-39.2123,-54.4764,-39.2123,-54.461148637144646,-39.165575490928745,3.4630252516921014
a43b,2002-12-02,-54.4764,-39.2123,-54.4764,-39.2123,-54.45110281842866,-39.19383108042649,3.0556886899925777
a43b,2002-12-03,-54.4764,-39.2123,-54.4764,-39.2123,-54.44948526239498,-39.20031939664469,3.091325213082196
a43b,2002-12-04,-54.4764,-39.2123,-54.4105,-39.2359,-54.44787500765035,-39.19275617469921,5.005942441050143
a43b,2002-12-05,-54.4105,-39.2359,-54.4105,-39.2359,-54.35841204822969,-39.2564919948656,5.9434218617585834
a43b,2002-12-06,-54.4105,-39.2359,-54.4105,-39.2359,-54.38556182371204,-39.23007136727233,2.798549134778106
a43b,2002-12-07,-54.4105,-39.2359,-54.4105,-39.2359,-54.349083945238206,-39.1821789297432,7.664266767319407
a43b,2002-12-08,-54.4105,-39.2359,-54.4105,-39.2359,-54.30365808870436,-39.128924583438675,13.754596875635684
a43b,2002-12-09,-54.4105,-39.2359,-54.4105,-39.2359,-54.31387482450731,-39.1192893667733,13.134583766478324
a43b,2002-12-10,-54.4105,-39.2359,-54.4105,-39.2359,-54.38193979138685,-39.20119576705156,3.890053674384263
a43b,2002-12-11,-54.4105,-39.2359,-54.4105,-39.2359,-54.38356034964661,-39.201706238198,3.7246318312054267
a43b,2002-12-12,-54.4105,-39.2359,-54.4105,-39.2359,-54.377865901337664,-39.177941338998096,5.219807379619727
a43b,2002-12-13,-54.4105,-39.2359,-54.4105,-39.2359,-54.38282285713965,-39.20600354835585,3.6354997487094107
a43b,2002-12-14,-54.4105,-39.2359,-54.4105,-39.2359,-54.385653758775526,-39.21765017740836,3.0047495017023236
a43b,2002-12-15,-54.4105,-39.2359,-54.4105,-39.2359,-54.38125798868763,-39.15416766693647,6.210255185491952
a43b,2002-12-16,-54.4105,-39.2359,-54.4105,-39.2359,-54.37910664843078,-39.182372684109225,4.918665220374255
a43b,2002-12-17,-54.4105,-39.2359,-54.4105,-39.2359,-54.37739614455221,-39.16953925040923,5.657397584098024
a43b,2002-12-18,-54.4105,-39.2359,-54.4105,-39.2359,-54.37413127054674,-39.21384585704942,4.288674836688425
a43b,2002-12-19,-54.4105,-39.2359,-54.4105,-39.2359,-54.38421348201894,-39.20765604853045,3.447647437725111
a43b,2002-12-20,-54.4105,-39.2359,-54.4105,-39.2359,-54.392461910718424,-39.17940803524189,4.170529433478704
a43b,2002-12-21,-54.4105,-39.2359,-54.4105,-39.2359,-54.38585368849066,-39.168837945430795,5.133750191491475
a43b,2002-12-22,-54.4105,-39.2359,-54.4105,-39.2359,-54.38605216053335,-39.20293067138718,3.4561208587266057
a43b,2002-12-23,-54.4105,-39.2359,-54.4105,-39.2359,-54.38466530367337,-39.2103258442564,3.3155661512047363
a43b,2002-12-24,-54.4105,-39.2359,-54.4105,-39.2359,-54.376027586577266,-39.165019374151115,5.979140461851692
a43b,2002-12-25,-54.4105,-39.2359,-54.4105,-39.2359,-54.37197033324215,-39.20994650610933,4.602030311317088
a43b,2002-12-26,-54.4105,-39.2359,-54.4105,-39.2359,-54.38116000872573,-39.18464742995258,4.653160167644041
a43b,2002-12-27,-54.4105,-39.2359,-54.4105,-39.2359,-54.292642823205085,-39.139886217659324,14.507244130146754
a43b,2002-12-28,-54.4105,-39.2359,-54.4105,-39.2359,-54.39373452707856,-39.20829744723986,2.5821119035333258
a43b,2002-12-29,-54.4105,-39.2359,-54.4105,-39.2359,-54.38750003561235,-39.21726462286631,2.8276870967002816
a43b,2002-12-30,-54.4105,-39.2359,-54.4105,-39.2359,-54.388657551238445,-39.23018640893952,2.456766673361209
a43c,2002-01-05,-62.4435,-52.1011,-62.5801,-52.0199,-62.43578502050961,-52.08894075096654,16.433754800566565
a43c,2002-01-06,-62.5801,-52.0199,-62.5801,-52.0199,-62.599512964363086,-51.99268636350004,2.5690941022714466
a43c,2002-01-07,-62.5801,-52.0199,-62.5801,-52.0199,-62.5728095535821,-51.97003655796445,2.6792144974992786
a43c,2002-01-08,-62.5801,-52.0199,-62.5801,-52.0199,-62.570168401087955,-52.01442249172841,1.1394169211691845
a43c,2002-01-09,-62.5801,-52.0199,-62.5326,-51.978,-62.54645645292693,-51.97613506662168,1.5437319002587175
a43c,2002-01-10,-62.5326,-51.978,-62.5326,-51.978,-62.50600204506078,-51.94573894167493,3.38929306014083
a43c,2002-01-11,-62.5326,-51.978,-62.5326,-51.978,-62.51870859091607,-51.96242654461926,1.7390300139893133
a43c,2002-01-12,-62.5326,-51.978,-62.526,-51.8218,-62.52325853505606,-51.96659904084956,7.434687579771654
a43c,2002-01-13,-62.526,-51.8218,-62.526,-51.8218,-62.52416508388331,-51.79180026608395,1.5524797990909656
a43c,2002-01-14,-62.526,-51.8218,-62.4768,-51.7049,-62.512767596031715,-51.760985192754674,4.92854541388345
a43c,2002-01-15,-62.4768,-51.7049,-62.4768,-51.7049,-62.44840092142764,-51.66974462836146,3.6384318949972267
a43c,2002-01-16,-62.4768,-51.7049,-62.4911,-51.7696,-62.46070958130484,-51.68394962458626,5.548864811561144
a43c,2002-01-17,-62.4911,-51.7696,-62.4911,-51.7696,-62.492039700802934,-51.78798728496656,0.9501086966195319
a43c,2002-01-18,-62.4911,-51.7696,-62.4911,-51.7696,-62.478520909177846,-51.77577623005945,1.4342634788146007
a43c,2002-01-19,-62.4911,-51.7696,-62.4911,-51.7696,-62.48449256669511,-51.72969194323201,2.1775716232269677
a43c,2002-01-20,-62.4911,-51.7696,-62.4911,-51.7696,-62.475475463754606,-51.76847605138056,1.7383283824154816
a43c,2002-01-21,-62.4911,-51.7696,-62.4911,-51.7696,-62.46629934700208,-51.74154088267218,3.111822974424615
a43c,2002-01-22,-62.4911,-51.7696,-62.4524,-51.8082,-62.481164488733626,-51.74722977514952,4.477923945607746
a43c,2002-01-23,-62.4524,-51.8082,-62.4524,-51.8082,-62.429145596752896,-51.81336742223925,2.5994014270589254
a43c,2002-01-24,-62.4524,-51.8082,-62.4524,-51.8082,-62.44113102901669,-51.81142655871511,1.2639949233398904
a43c,2002-01-25,-62.4524,-51.8082,-62.4522,-51.6874,-62.44486124026168,-51.793039111712915,5.49424101514303
a43c,2002-01-26,-62.4522,-51.6874,-62.4217,-51.673,-62.44850532009528,-51.64864916210453,3.233273382765721
a43c,2002-01-27,-62.4217,-51.673,-62.4217,-51.673,-62.40406714790177,-51.654530903785,2.179167823283369
a43c,2002-01-28,-62.4217,-51.673,-62.4217,-51.673,-62.41117401941536,-51.66030914958796,1.3404790410429253
a43c,2002-01-29,-62.4217,-51.673,-62.3648,-51.7638,-62.41011381062352,-51.66768976824412,7.0656461476605275
a43c,2002-01-30,-62.3648,-51.7638,-62.3305,-51.7617,-62.33907948783189,-51.802856512922574,2.329174444253556
a43c,2002-01-31,-62.3305,-51.7617,-62.3305,-51.7617,-62.29896456809739,-51.7618814845905,3.5065925719919857
a43c,2002-02-01,-62.3305,-51.7617,-62.3448,-51.6642,-62.31861973932338,-51.75692740506571,5.603396714101654
a43c,2002-02-02,-62.3448,-51.6642,-62.3448,-51.6642,-62.345114438904446,-51.61872205332838,2.3474140804089143
a43c,2002-02-03,-62.3448,-51.6642,-62.2714,-51.6353,-62.332568337183396,-51.627937423774256,6.812245333153677
a43c,2002-02-04,-62.2714,-51.6353,-62.2447,-51.5615,-62.23457298941686,-51.63523444848781,3.9814014793860157
a43c,2002-02-05,-62.2447,-51.5615,-62.2447,-51.5615,-62.21343655827291,-51.52794390603148,3.8868274975647945
a43c,2002-02-06,-62.2447,-51.5615,-62.1653,-51.6503,-62.21800023985284,-51.55346648049567,7.718269195322187
a43c,2002-02-07,-62.1653,-51.6503,-62.143,-51.6552,-62.13431973961231,-51.67758506904022,1.5115375160103366
a43c,2002-02-08,-62.143,-51.6552,-62.143,-51.6552,-62.1071802901729,-51.661138762754376,3.994918590702401
a43c,2002-02-09,-62.143,-51.6552,-62.0782,-51.5723,-62.11072562285674,-51.57382184886461,3.617551289691171
a43c,2002-02-10,-62.0782,-51.5723,-62.0782,-51.5723,-62.031586258082534,-51.55735315953788,5.241403192067944
a43c,2002-02-11,-62.0782,-51.5723,-62.0782,-51.5723,-62.05430364088851,-51.541831432529875,3.0950458782623262
a43c,2002-02-12,-62.0782,-51.5723,-62.0782,-51.5723,-62.06121141327488,-51.530486789667435,2.88291250551089
a43c,2002-02-13,-62.0782,-51.5723,-62.1169,-51.5079,-62.05462630808506,-51.54134241070932,7.139999450154779
a43c,2002-02-14,-62.1169,-51.5079,-62.1169,-51.5079,-62.12588372596611,-51.477703523581624,1.8609060375358566
a43c,2002-02-15,-62.1169,-51.5079,-62.1169,-51.5079,-62.10640561217595,-51.48677125790829,1.6029252079040943
a43c,2002-02-16,-62.1169,-51.5079,-62.0606,-51.2838,-62.104790964682,-51.49240233058151,11.920000583778693
a43c,2002-02-17,-62.0606,-51.2838,-62.0351,-51.2498,-62.01467692669691,-51.23177904602073,2.457790498366986
a43c,2002-02-18,-62.0351,-51.2498,-62.0351,-51.2498,-62.005432888354534,-51.208221888676064,3.9480476507696984
a43c,2002-02-19,-62.0351,-51.2498,-62.0351,-51.2498,-62.01781693656436,-51.24470030616513,1.940108788194946
a43c,2002-02-20,-62.0351,-51.2498,-61.9926,-51.2367,-62.024203773245866,-51.23508924287401,3.515184541349982
a43c,2002-02-21,-61.9926,-51.2367,-61.9926,-51.2367,-61.96636405468437,-51.222123815834095,3.015035583289554
a43c,2002-02-22,-61.9926,-51.2367,-61.9926,-51.2367,-61.97844265105982,-51.20668911057311,2.221468861056475
a43c,2002-02-23,-61.9926,-51.2367,-61.9447,-51.0929,-61.97858294743609,-51.22844443417367,8.024215831124101
a43c,2002-02-24,-61.9447,-51.0929,-61.9447,-51.0929,-61.92618927923012,-51.08810197001242,2.0735460845953626
a43c,2002-02-25,-61.9447,-51.0929,-61.9447,-51.0929,-61.92725603886179,-51.05619067294492,2.7294929453674017
a43c,2002-02-26,-61.9447,-51.0929,-61.8654,-50.738,-61.93244249822754,-51.038217151499225,17.4017956804245
a43c,2002-02-27,-61.8654,-50.738,-61.8251,-50.6112,-61.827467309836464,-50.5960761411977,0.8365037602370747
a43c,2002-02-28,-61.8251,-50.6112,-61.8251,-50.6112,-61.79201201832235,-50.54883337931636,4.926441662178261
a43c,2002-03-01,-61.8251,-50.6112,-61.8251,-50.6112,-61.80809779993668,-50.580282127761336,2.4921161772771496
a43c,2002-03-02,-61.8251,-50.6112,-61.7759,-50.4848,-61.81420690523585,-50.60440777452533,7.59310754575782
a43c,2002-03-03,-61.7759,-50.4848,-61.7759,-50.4848,-61.754176969152155,-50.47382618958639,2.4835147230581
a43c,2002-03-04,-61.7759,-50.4848,-61.7612,-50.3986,-61.75908211896026,-50.443735707618515,2.386391656158891
a43c,2002-03-05,-61.7612,-50.3986,-61.7299,-50.2069,-61.74484744243266,-50.36444741563173,8.460109488861432
a43c,2002-03-06,-61.7299,-50.2069,-61.7299,-50.2069,-61.70124139099623,-50.0743649364469,7.675957424247101
a43c,2002-03-07,-61.7299,-50.2069,-61.7299,-50.2069,-61.71476437720928,-50.15332736407265,3.2858422803838225
a43c,2002-03-08,-61.7299,-50.2069,-61.7299,-50.2069,-61.72214421920158,-50.18054157405348,1.6343924453154948
a43c,2002-03-09,-61.7299,-50.2069,-61.7455,-50.1345,-61.72346113084931,-50.18649177800552,3.6743352768223025
a43c,2002-03-10,-61.7455,-50.1345,-61.7255,-50.029,-61.741804640004005,-50.07362779376106,2.9681033512536317
a43c,2002-03-11,-61.7255,-50.029,-61.7255,-50.029,-61.71110776611597,-49.98033027302324,3.0225848589140183
a43c,2002-03-12,-61.7255,-50.029,-61.6965,-49.9407,-61.709292356963836,-50.01211020908471,4.023923527355363
a43c,2002-03-13,-61.6965,-49.9407,-61.6965,-49.9407,-61.67502203174013,-49.899474728006396,3.2297099897819495
a43c,2002-03-14,-61.6965,-49.9407,-61.7068,-49.8229,-61.682604884430404,-49.905135497750905,5.1027471794411605
a43c,2002-03-15,-61.7068,-49.8229,-61.7068,-49.8229,-61.70180039568429,-49.71950694906337,5.478010836142876
a43c,2002-03-16,-61.7068,-49.8229,-61.7068,-49.8229,-61.695040895858064,-49.7850122322688,2.3871866748752075
a43c,2002-03-17,-61.7068,-49.8229,-61.7141,-49.7233,-61.69056738513317,-49.81243940611449,5.378221542586399
a43c,2002-03-18,-61.7141,-49.7233,-61.7184,-49.6238,-61.70799765150111,-49.64823996276513,1.7310217011061482
a43c,2002-03-19,-61.7184,-49.6238,-61.7216,-49.5322,-61.71411244031907,-49.55212191759392,1.339719093902993
a43c,2002-03-20,-61.7216,-49.5322,-61.7229,-49.4919,-61.71884188904853,-49.462239740424366,1.6263709399198854
a43c,2002-03-21,-61.7229,-49.4919,-61.7229,-49.4919,-61.712919040280674,-49.44152712051334,2.8766379839014298
a43c,2002-03-22,-61.7229,-49.4919,-61.7226,-49.3588,-61.71597335214432,-49.45722069307169,5.237215490514119
a43c,2002-03-23,-61.7226,-49.3588,-61.7226,-49.3588,-61.71793545664253,-49.30806104593381,2.7228646149964923
a43c,2002-03-24,-61.7226,-49.3588,-61.6337,-49.2369,-61.71219621219519,-49.33624462961441,10.181336254154854
a43c,2002-03-25,-61.6337,-49.2369,-61.6337,-49.2369,-61.599762180060196,-49.217723794993105,3.90747315189296
a43c,2002-03-26,-61.6337,-49.2369,-61.649,-49.1636,-61.603316685577155,-49.174791064116846,5.114058785084046
a43c,2002-03-27,-61.649,-49.1636,-61.6388,-49.1082,-61.65188483226362,-49.11705135936026,1.5282099889115772
a43c,2002-03-28,-61.6388,-49.1082,-61.6474,-49.0589,-61.61488629175419,-49.05184546011728,3.6345209484179044
a43c,2002-03-29,-61.6474,-49.0589,-61.659,-49.0247,-61.64318635695726,-49.00969234846309,1.928693285908975
a43c,2002-03-30,-61.659,-49.0247,-61.6743,-48.9763,-61.65212567716799,-48.984419857983994,2.5026389453639832
a43c,2002-03-31,-61.6743,-48.9763,-61.6743,-48.9763,-61.67928500990275,-48.93632975610103,2.1803033142923662
a43c,2002-04-01,-61.6743,-48.9763,-61.6743,-48.9763,-61.648862886318874,-48.94025357760361,3.408835634636281
a43c,2002-04-02,-61.6743,-48.9763,-61.7593,-48.7996,-61.66723189246376,-48.93612036890687,12.512245931313993
a43c,2002-04-03,-61.7593,-48.7996,-61.7593,-48.7996,-61.76115060275133,-48.75860037614774,2.166916792469388
a43c,2002-04-04,-61.7593,-48.7996,-61.7444,-48.6496,-61.752208990484945,-48.72081881577793,3.8477622071521806
a43c,2002-04-05,-61.7444,-48.6496,-61.7444,-48.6496,-61.732686654739794,-48.59156998773042,3.321335111159625
a43c,2002-04-06,-61.7444,-48.6496,-61.7335,-48.5986,-61.72771905056084,-48.5539222045237,2.4391344224937734
a43c,2002-04-07,-61.7335,-48.5986,-61.7097,-48.4862,-61.71687770488444,-48.557023917973254,3.8163496321882597
a43c,2002-04-08,-61.7097,-48.4862,-61.6858,-48.3739,-61.68369424709256,-48.393508376139124,1.0603655415970157
a43c,2002-04-09,-61.6858,-48.3739,-61.6749,-48.3229,-61.659990551132076,-48.28824073702475,2.4685710516191133
a43c,2002-04-10,-61.6749,-48.3229,-61.6749,-48.3229,-61.65059118052098,-48.25121485141037,4.649882754999064
a43c,2002-04-11,-61.6749,-48.3229,-61.6501,-48.2263,-61.660634323298716,-48.30074404059829,4.100932459185515
a43c,2002-04-12,-61.6501,-48.2263,-61.6501,-48.2263,-61.62492603601245,-48.18693580205414,3.487010307230549
a43c,2002-04-13,-61.6501,-48.2263,-61.6622,-48.1016,-61.6343061359074,-48.198025919732885,5.962046752181407
a43c,2002-04-14,-61.6622,-48.1016,-61.7284,-48.0738,-61.66134230646565,-48.04295352887729,7.631784186884436
a43c,2002-04-15,-61.7284,-48.0738,-61.7284,-48.0738,-61.775970425621175,-48.024061189662206,5.901831295117897
a43c,2002-04-16,-61.7284,-48.0738,-61.7687,-47.962,-61.71994825928117,-48.06229093031186,7.566919507857797
a43c,2002-04-17,-61.7687,-47.962,-61.7687,-47.962,-61.77789493591915,-47.9178330268208,2.5378488609890213
a43c,2002-04-18,-61.7687,-47.962,-61.7687,-47.962,-61.7638339855406,-47.95291743553372,0.7218220698234858
a43c,2002-04-19,-61.7687,-47.962,-61.8233,-47.9067,-61.76450316889739,-48.00039593920343,8.184894821750069
a43c,2002-04-20,-61.8233,-47.9067,-61.8233,-47.9067,-61.850726302494756,-47.88500950284771,3.2551992491836703
a43c,2002-04-21,-61.8233,-47.9067,-61.8233,-47.9067,-61.81765408874031,-47.88414697787553,1.3403769249123798
a43c,2002-04-22,-61.8233,-47.9067,-61.8233,-47.9067,-61.81120851241494,-47.895046061023095,1.4772526059547177
a43c,2002-04-23,-61.8233,-47.9067,-61.8233,-47.9067,-61.81756304777684,-47.860239655724,2.521669482636568
a43c,2002-04-24,-61.8233,-47.9067,-61.8233,-47.9067,-61.816898387060725,-47.87752373701164,1.689360418826501
a43c,2002-04-25,-61.8233,-47.9067,-61.8233,-47.9067,-61.81344724373094,-47.872551502271904,2.1014514028977103
a43c,2002-04-26,-61.8233,-47.9067,-61.8233,-47.9067,-61.816565987433094,-47.85375629820925,2.879206886258718
a43c,2002-04-27,-61.8233,-47.9067,-61.8233,-47.9067,-61.81662585506133,-47.883707726423864,1.417198471501559
a43c,2002-04-28,-61.8233,-47.9067,-61.8233,-47.9067,-61.807536061887554,-47.926732378659295,2.0443632401554686
a43c,2002-04-29,-61.8233,-47.9067,-61.8233,-47.9067,-61.81307445334245,-47.9069345325928,1.1370956133758312
a43c,2002-04-30,-61.8233,-47.9067,-61.8233,-47.9067,-61.81343127189442,-47.892029131283635,1.340796379976215
a43c,2002-05-01,-61.8233,-47.9067,-61.8233,-47.9067,-61.81469906141859,-47.87770310940681,1.7981376166993905
a43c,2002-05-02,-61.8233,-47.9067,-61.8233,-47.9067,-61.81544541035007,-47.877371803553814,1.7705011225207152
a43c,2002-05-03,-61.8233,-47.9067,-61.8967,-47.7796,-61.811693586913975,-47.90104835739112,11.398505080367233
a43c,2002-05-04,-61.8967,-47.7796,-61.8967,-47.7796,-61.89802092923171,-47.71948127101484,3.152361494443898
a43c,2002-05-05,-61.8967,-47.7796,-61.8967,-47.7796,-61.88839665354215,-47.712888774376495,3.614698437451777
a43c,2002-05-06,-61.8967,-47.7796,-61.8967,-47.7796,-61.885998074887965,-47.76686692273125,1.3642159242783096
a43c,2002-05-07,-61.8967,-47.7796,-61.9841,-47.6318,-61.88515556115296,-47.772553135497475,13.23885438312986
a43c,2002-05-08,-61.9841,-47.6318,-61.9841,-47.6318,-61.98599376650793,-47.586162603925516,2.392855317083962
a43c,2002-05-09,-61.9841,-47.6318,-61.9841,-47.6318,-61.978427202242784,-47.58882211658661,2.3318839130843396
a43c,2002-05-10,-61.9841,-47.6318,-62.0565,-47.5258,-61.960875022198515,-47.63452431440251,12.052231406507698
a43c,2002-05-11,-62.0565,-47.5258,-62.0822,-47.4333,-62.065822095985396,-47.48395072285473,3.2052987140227382
a43c,2002-05-12,-62.0822,-47.4333,-62.0822,-47.4333,-62.08701352347119,-47.3833433610302,2.6551415849395825
a43c,2002-05-13,-62.0822,-47.4333,-62.0822,-47.4333,-62.07647810228807,-47.40574897156509,1.5692628618006033
a43c,2002-05-14,-62.0822,-47.4333,-62.1428,-47.2289,-62.06820828121333,-47.41747465215832,12.846419669823685
a43c,2002-05-15,-62.1428,-47.2289,-62.1606,-47.0805,-62.14659985865894,-47.089785278927565,1.6297363962639657
a43c,2002-05-16,-62.1606,-47.0805,-62.1606,-47.0805,-62.15847758596856,-46.948728766666164,6.846852092914485
a43c,2002-05-17,-62.1606,-47.0805,-62.2135,-46.9043,-62.14639008692438,-47.0460988060203,10.480158140678927
a43c,2002-05-18,-62.2135,-46.9043,-62.2857,-46.7882,-62.21863686210771,-46.864269348545264,8.433083076852375
a43c,2002-05-19,-62.2857,-46.7882,-62.2857,-46.7882,-62.319698943206646,-46.69258662379676,6.221891252173594
a43c,2002-05-20,-62.2857,-46.7882,-62.2571,-46.6947,-62.27685001521647,-46.747903208276114,3.5216211384597256
a43c,2002-05-21,-62.2571,-46.6947,-62.2675,-46.5809,-62.239278074412105,-46.6630139141412,5.283740362512001
a43c,2002-05-22,-62.2675,-46.5809,-62.2769,-46.512,-62.26617301664326,-46.496550894774515,1.4358284338306653
a43c,2002-05-23,-62.2769,-46.512,-62.2769,-46.512,-62.27733744288774,-46.451761460994476,3.11636191405409
a43c,2002-05-24,-62.2769,-46.512,-62.2994,-46.3652,-62.26965570118435,-46.47543429445031,6.590697339709751
a43c,2002-05-25,-62.2994,-46.3652,-62.2994,-46.3652,-62.2938661221432,-46.3498405114039,1.004521986941004
a43c,2002-05-26,-62.2994,-46.3652,-62.2789,-46.1612,-62.285258959297714,-46.29798764802214,7.109748974357541
a43c,2002-05-27,-62.2789,-46.1612,-62.2789,-46.1612,-62.261946167007046,-46.069278860467705,5.115903035086657
a43c,2002-05-28,-62.2789,-46.1612,-62.2789,-46.1612,-62.265499972082,-46.12583313551289,2.35967644069554
a43c,2002-05-29,-62.2789,-46.1612,-62.2789,-46.1612,-62.250803658124816,-46.17050831938187,3.1610866441156045
a43c,2002-05-30,-62.2789,-46.1612,-62.24,-46.0759,-62.22486273325119,-46.0990338259993,2.066240323453961
a43c,2002-05-31,-62.24,-46.0759,-62.24,-46.0759,-62.2168870867504,-46.036942357487845,3.2679006071721295
a43c,2002-06-01,-62.24,-46.0759,-62.24,-46.0759,-62.226528895958396,-46.04066160015657,2.3613572033003702
a43c,2002-06-02,-62.24,-46.0759,-62.24,-46.0759,-62.23215351064894,-46.055992702774006,1.3507482665068111
a43c,2002-06-03,-62.24,-46.0759,-62.24,-46.0759,-62.228782382806635,-46.069137023847105,1.2956047512300144
a43c,2002-06-04,-62.24,-46.0759,-62.24,-46.0759,-62.23076792003007,-46.016920438190624,3.2229458778360813
a43c,2002-06-05,-62.24,-46.0759,-62.2514,-45.988,-62.22795915783741,-46.06318712919355,4.685896472136572
a43c,2002-06-06,-62.2514,-45.988,-62.2514,-45.988,-62.251080954636464,-45.94406706186504,2.2747657355315227
a43c,2002-06-07,-62.2514,-45.988,-62.276,-45.9228,-62.23930525146622,-45.9585072084877,4.479349533278055
a43c,2002-06-08,-62.276,-45.9228,-62.2575,-45.83,-62.28178640950351,-45.886619951943345,3.9843417041166354
a43c,2002-06-09,-62.2575,-45.83,-62.2575,-45.83,-62.24718243847229,-45.777385084852426,2.95561879703456
a43c,2002-06-10,-62.2575,-45.83,-62.2575,-45.83,-62.24222372360021,-45.802529354220326,2.215456491477372
a43c,2002-06-11,-62.2575,-45.83,-62.2575,-45.83,-62.244860631729274,-45.82257225002252,1.4570935652604031
a43c,2002-06-12,-62.2575,-45.83,-62.2575,-45.83,-62.24527132197752,-45.82365922520799,1.3988311837378056
a43c,2002-06-13,-62.2575,-45.83,-62.2575,-45.83,-62.24606953402531,-45.82447781764054,1.3027655755237866
a43c,2002-06-14,-62.2575,-45.83,-62.2575,-45.83,-62.24623859170489,-45.83111733567273,1.2535468258620548
a43c,2002-06-15,-62.2575,-45.83,-62.2575,-45.83,-62.245823862733836,-45.82770888459797,1.3037341656887256
a43c,2002-06-16,-62.2575,-45.83,-62.2575,-45.83,-62.2443538154909,-45.80341355978368,2.0078404249536237
a43c,2002-06-17,-62.2575,-45.83,-62.2575,-45.83,-62.23402133827553,-45.83009135592201,2.610712353944657
a43c,2002-06-18,-62.2575,-45.83,-62.2575,-45.83,-62.24166950668497,-45.82474936022001,1.7811386590845133
a43c,2002-06-19,-62.2575,-45.83,-62.2064,-45.9733,-62.24454492580726,-45.821979848723515,8.91453315997087
a43c,2002-06-20,-62.2064,-45.9733,-62.2064,-45.9733,-62.18940959436101,-46.01083822348937,2.7128436351476677
a43c,2002-06-21,-62.2064,-45.9733,-62.2064,-45.9733,-62.19605272310321,-46.00425340566886,1.9749379179335143
a43c,2002-06-22,-62.2064,-45.9733,-62.153,-46.0183,-62.19433498162703,-45.96362012329732,5.401904771751782
a43c,2002-06-23,-62.153,-46.0183,-62.153,-46.0183,-62.120845341549824,-46.03159343365371,3.641563739313489
a43c,2002-06-24,-62.153,-46.0183,-62.1342,-45.8034,-62.1294610086732,-45.994248351653766,9.933673184305007
a43c,2002-06-25,-62.1342,-45.8034,-62.0998,-45.7965,-62.1207707069436,-45.71911667109114,4.651674588459829
a43c,2002-06-26,-62.0998,-45.7965,-62.0998,-45.7965,-62.07151008959878,-45.746316558704336,4.088981116109989
a43c,2002-06-27,-62.0998,-45.7965,-62.1289,-45.6203,-62.08903951250276,-45.77338743264329,9.113422746980039
a43c,2002-06-28,-62.1289,-45.6203,-62.1289,-45.6203,-62.11750644466925,-45.570702649246414,2.8730589158241906
a43c,2002-06-29,-62.1289,-45.6203,-62.1289,-45.6203,-62.11626648214881,-45.54938969262389,3.9453814243916034
a43c,2002-06-30,-62.1289,-45.6203,-62.1289,-45.6203,-62.11779624842416,-45.59313963734098,1.8757600679615598
a43c,2002-07-01,-62.1289,-45.6203,-62.1289,-45.6203,-62.10901952855749,-45.60496757081921,2.3499838933121313
a43c,2002-07-02,-62.1289,-45.6203,-62.0373,-45.5864,-62.100786816729986,-45.5800913864241,7.067054701618823
a43c,2002-07-03,-62.0373,-45.5864,-62.0373,-45.5864,-62.00285689599339,-45.60552303085305,3.9576969190713864
a43c,2002-07-04,-62.0373,-45.5864,-62.0373,-45.5864,-62.01325619225902,-45.54834233280738,3.3299203733529468
a43c,2002-07-05,-62.0373,-45.5864,-62.0373,-45.5864,-62.0291914616793,-45.56586898885888,1.3996907802993506
a43c,2002-07-06,-62.0373,-45.5864,-62.0373,-45.5864,-62.02505892659678,-45.55317668864069,2.2033014623871225
a43c,2002-07-07,-62.0373,-45.5864,-62.0373,-45.5864,-62.02665837766423,-45.58137733277732,1.2119360386922415
a43c,2002-07-08,-62.0373,-45.5864,-62.0373,-45.5864,-62.02248546484053,-45.57649099195143,1.7264568363215744
a43c,2002-07-09,-62.0373,-45.5864,-62.0373,-45.5864,-62.026077140143315,-45.58068195334525,1.2830561096091644
a43c,2002-07-10,-62.0373,-45.5864,-62.0373,-45.5864,-62.01939076117358,-45.57710660815451,2.049552190261593
a43c,2002-07-11,-62.0373,-45.5864,-62.0373,-45.5864,-62.02133375286148,-45.54783215542403,2.682854573629511
a43c,2002-07-12,-62.0373,-45.5864,-62.1094,-45.3929,-62.02068483883055,-45.55348335592055,12.933869087502257
a43c,2002-07-13,-62.1094,-45.3929,-62.0695,-45.265,-62.103330436649834,-45.30103807704546,4.203585390097264
a43c,2002-07-14,-62.0695,-45.265,-62.0695,-45.265,-62.04793481287736,-45.15300613076013,6.308630941677946
a43c,2002-07-15,-62.0695,-45.265,-62.0695,-45.265,-62.038135905633894,-45.19403441847376,5.083157965184574
a43c,2002-07-16,-62.0695,-45.265,-61.9577,-45.2904,-62.03813868546229,-45.2796118287861,8.962088392170294
a43c,2002-07-17,-61.9577,-45.2904,-61.9237,-45.3631,-61.91619558230811,-45.26947162177501,4.971044102610605
a43c,2002-07-18,-61.9237,-45.3631,-61.9237,-45.3631,-61.89192116807085,-45.40500149299265,4.159357436045194
a43c,2002-07-19,-61.9237,-45.3631,-61.9237,-45.3631,-61.91397957268748,-45.35438088653302,1.1732608447679989
a43c,2002-07-20,-61.9237,-45.3631,-61.9401,-45.044,-61.91285049254777,-45.35676803572528,16.644871199452094
a43c,2002-07-21,-61.9401,-45.044,-61.9401,-45.044,-61.92272838310486,-44.9907557488456,3.3899351392084123
a43c,2002-07-22,-61.9401,-45.044,-61.9278,-45.1635,-61.92102217908021,-44.91582636335687,12.983224966786322
a43c,2002-07-23,-61.9278,-45.1635,-61.9278,-45.1635,-61.92376498153641,-45.21144896337472,2.5489674481993156
a43c,2002-07-24,-61.9278,-45.1635,-61.9278,-45.1635,-61.92148420374764,-45.17922434727947,1.0818244909373214
a43c,2002-07-25,-61.9278,-45.1635,-61.9278,-45.1635,-61.915513346321326,-45.15152199960551,1.5031748357222374
a43c,2002-07-26,-61.9278,-45.1635,-61.9278,-45.1635,-61.919899873199974,-45.143779785643744,1.3552692095299133
a43c,2002-07-27,-61.9278,-45.1635,-61.9278,-45.1635,-61.91758023913454,-45.14490488139231,1.4961460360805041
a43c,2002-07-28,-61.9278,-45.1635,-61.9278,-45.1635,-61.91871760964625,-45.13617256457687,1.7507982019220858
a43c,2002-07-29,-61.9278,-45.1635,-61.9278,-45.1635,-61.91454866504572,-45.15909022445783,1.4914472002335233
a43c,2002-07-30,-61.9278,-45.1635,-61.9278,-45.1635,-61.9149605382497,-45.15686340062979,1.4693284370855633
a43c,2002-07-31,-61.9278,-45.1635,-61.9278,-45.1635,-61.91675570965215,-45.15738458326706,1.2690901023542411
a43c,2002-08-01,-61.9278,-45.1635,-61.9278,-45.1635,-61.92024348864832,-45.14434480297885,1.3080201866544943
a43c,2002-08-02,-61.9278,-45.1635,-61.9278,-45.1635,-61.910996817352874,-45.11137677534239,3.306656482786076
a43c,2002-08-03,-61.9278,-45.1635,-61.8676,-45.0748,-61.91703345595885,-45.13640161576606,6.374063727018513
a43c,2002-08-04,-61.8676,-45.0748,-61.8676,-45.0748,-61.83028683816353,-45.02367314731305,4.940509862647066
a43c,2002-08-05,-61.8676,-45.0748,-61.8676,-45.0748,-61.853662960599635,-45.05813350475265,1.7792024962739625
a43c,2002-08-06,-61.8676,-45.0748,-61.8676,-45.0748,-61.854854704311855,-45.06459777167791,1.5148353296071049
a43c,2002-08-07,-61.8676,-45.0748,-61.8696,-44.8305,-61.855767032896765,-45.065077966688875,12.39659002064704
a43c,2002-08-08,-61.8696,-44.8305,-61.8696,-44.8305,-61.86744155893745,-44.74171306316862,4.661105762833031
a43c,2002-08-09,-61.8696,-44.8305,-61.8696,-44.8305,-61.84656541614812,-44.67857403822009,8.369447157503174
a43c,2002-08-10,-61.8696,-44.8305,-61.8696,-44.8305,-61.85591817230188,-44.76474255190365,3.7688798017954297
a43c,2002-08-11,-61.8696,-44.8305,-61.8807,-44.4486,-61.842135469002464,-44.71705813417955,14.716587127234774
a43c,2002-08-12,-61.8807,-44.4486,-61.8277,-44.5875,-61.86468169384319,-44.38948797570947,11.17318337834759
a43c,2002-08-13,-61.8277,-44.5875,-61.8277,-44.5875,-61.80405579926209,-44.62092442759126,3.161270265863394
a43c,2002-08-14,-61.8277,-44.5875,-61.8277,-44.5875,-61.81668411943514,-44.611910735850614,1.7729257825536895
a43c,2002-08-15,-61.8277,-44.5875,-61.7709,-44.5472,-61.81917805499893,-44.540973880082475,5.378237420174907
a43c,2002-08-16,-61.7709,-44.5472,-61.7422,-44.5882,-61.7384150784262,-44.533764492211674,2.896621000517197
a43c,2002-08-17,-61.7422,-44.5882,-61.6938,-44.5159,-61.71087946238344,-44.6052803017393,5.079799514067308
a43c,2002-08-18,-61.6938,-44.5159,-61.6365,-44.3545,-61.66466954391689,-44.45825123643368,6.310409029587611
a43c,2002-08-19,-61.6365,-44.3545,-61.6365,-44.3545,-61.588030113396066,-44.25684666319421,7.463224311527148
a43c,2002-08-20,-61.6365,-44.3545,-61.5314,-44.2679,-61.60141517719579,-44.27307902049341,7.790159654640888
a43c,2002-08-21,-61.5314,-44.2679,-61.5314,-44.2679,-61.49785943625819,-44.253886179049914,3.802867923420585
a43c,2002-08-22,-61.5314,-44.2679,-61.5093,-44.1864,-61.49520570987754,-44.223397776959956,2.5117774138441256
a43c,2002-08-23,-61.5093,-44.1864,-61.5093,-44.1864,-61.48636327183795,-44.13411153120924,3.7686349342000036
a43c,2002-08-24,-61.5093,-44.1864,-61.4698,-44.1774,-61.49351884979848,-44.16983445095872,2.667823458126399
a43c,2002-08-25,-61.4698,-44.1774,-61.4698,-44.1774,-61.43971602813807,-44.16137138010731,3.4519004610592687
a43c,2002-08-26,-61.4698,-44.1774,-61.4698,-44.1774,-61.44910799744935,-44.15078725153603,2.700529749447876
a43c,2002-08-27,-61.4698,-44.1774,-61.3367,-44.0632,-61.42894341455279,-44.1129758069643,10.594028946889418
a43c,2002-08-28,-61.3367,-44.0632,-61.3367,-44.0632,-61.281146947064464,-44.016188788523635,6.667544902235397
a43c,2002-08-29,-61.3367,-44.0632,-61.2415,-43.8994,-61.277689340848816,-44.05228993803203,9.11137148005765
a43c,2002-08-30,-61.2415,-43.8994,-61.2415,-43.8994,-61.207476636832055,-43.876886812435885,3.9705121578182423
a43c,2002-08-31,-61.2415,-43.8994,-61.1626,-43.8397,-61.204719441436794,-43.78483978420877,5.529943699739401
a43c,2002-09-01,-61.1626,-43.8397,-61.1469,-43.7518,-61.124065126041074,-43.81695995046209,4.322134886485935
a43c,2002-09-02,-61.1469,-43.7518,-61.1059,-43.6157,-61.108544470415495,-43.62091015360795,0.40598376150000853
a43c,2002-09-03,-61.1059,-43.6157,-61.1059,-43.6157,-61.068257944044845,-43.50985479491226,7.063900447880809
a43c,2002-09-04,-61.1059,-43.6157,-61.1059,-43.6157,-61.08586021850074,-43.59031229706443,2.6128937383048068
a43c,2002-09-05,-61.1059,-43.6157,-61.1059,-43.6157,-61.0939940830536,-43.60970396692474,1.3625258372000781
a43c,2002-09-06,-61.1059,-43.6157,-61.0175,-43.5326,-61.09470906917314,-43.61185926255891,9.586366767722044
a43c,2002-09-07,-61.0175,-43.5326,-61.1733,-43.5608,-60.99029605522056,-43.52873723016563,20.422008445783096
a43c,2002-09-08,-61.1733,-43.5608,-61.1449,-43.4587,-61.25302993670239,-43.494191832137346,12.17290127183981
a43c,2002-09-09,-61.1449,-43.4587,-61.1449,-43.4587,-61.13632344880295,-43.41585859346753,2.489209767976859
a43c,2002-09-10,-61.1449,-43.4587,-61.1214,-43.3577,-61.1242827942041,-43.437440173525204,4.294007539119035
a43c,2002-09-11,-61.1214,-43.3577,-61.1214,-43.3577,-61.1065931649028,-43.31158187002916,2.9744616419521566
a43c,2002-09-12,-61.1214,-43.3577,-61.0887,-43.3427,-61.10146560351496,-43.335941691832744,1.4652092007743691
a43c,2002-09-13,-61.0887,-43.3427,-61.0552,-43.2702,-61.06501395960962,-43.33462120966385,3.633987615792698
a43c,2002-09-14,-61.0552,-43.2702,-61.0049,-43.3377,-61.03072070265475,-43.23476483324589,6.245077940359942
a43c,2002-09-15,-61.0049,-43.3377,-60.9665,-43.159,-60.978495475670904,-43.372946766426935,11.620308226432927
a43c,2002-09-16,-60.9665,-43.159,-60.9665,-43.159,-60.92719556084083,-43.08312773360177,5.99051068643474
a43c,2002-09-17,-60.9665,-43.159,-60.9024,-43.3376,-60.943034437838215,-43.0912615906351,14.057901769518725
a43c,2002-09-18,-60.9024,-43.3376,-60.9099,-43.2263,-60.880687960656594,-43.34987890559893,7.431376576119103
a43c,2002-09-19,-60.9099,-43.2263,-60.9099,-43.2263,-60.90376211844682,-43.216024447830904,0.8800328159143567
a43c,2002-09-20,-60.9099,-43.2263,-60.9099,-43.2263,-60.896155147420615,-43.180297163434204,2.919514613628742
a43c,2002-09-21,-60.9099,-43.2263,-60.9099,-43.2263,-60.89997310584584,-43.22182870779426,1.1299856959567625
a43c,2002-09-22,-60.9099,-43.2263,-60.8628,-43.3008,-60.90004839227799,-43.220244510164264,6.012825434072343
a43c,2002-09-23,-60.8628,-43.3008,-60.8628,-43.3008,-60.822899950911875,-43.31794478202073,4.532864113204664
a43c,2002-09-24,-60.8628,-43.3008,-60.8628,-43.3008,-60.85326142125811,-43.31072549058382,1.1890419473124554
a43c,2002-09-25,-60.8628,-43.3008,-60.8628,-43.3008,-60.853684843653845,-43.290433091400104,1.158629607698124
a43c,2002-09-26,-60.8628,-43.3008,-60.8628,-43.3008,-60.85584307982293,-43.284556790366565,1.1713130269243002
a43c,2002-09-27,-60.8628,-43.3008,-60.8479,-43.2023,-60.85571939320832,-43.289765885115514,4.81626118021654
a43c,2002-09-28,-60.8479,-43.2023,-60.8048,-43.2975,-60.83338899103339,-43.14505207602059,8.855266172753163
a43c,2002-09-29,-60.8048,-43.2975,-60.8048,-43.2975,-60.78484915615761,-43.341157745369856,3.245337575416087
a43c,2002-09-30,-60.8048,-43.2975,-60.7641,-43.1903,-60.79678821820425,-43.29795859939071,6.8819500415144095
a43c,2002-10-01,-60.7641,-43.1903,-60.7241,-43.0394,-60.73863060236368,-43.14687461934622,6.062012227654829
a43c,2002-10-02,-60.7241,-43.0394,-60.7241,-43.0394,-60.690326348879864,-42.91415811734291,7.7801339191809
a43c,2002-10-03,-60.7241,-43.0394,-60.7241,-43.0394,-60.71371641269707,-43.024813208680825,1.4008681997695114
a43c,2002-10-04,-60.7241,-43.0394,-60.6704,-43.2087,-60.71021478869621,-43.033213255585025,10.52837717896492
a43c,2002-10-05,-60.6704,-43.2087,-60.6704,-43.2087,-60.656710370447506,-43.22133051380172,1.6705136200185007
a43c,2002-10-06,-60.6704,-43.2087,-60.6704,-43.2087,-60.663292164650876,-43.23279062057162,1.5319134506580252
a43c,2002-10-07,-60.6704,-43.2087,-60.5635,-43.1515,-60.6555504204178,-43.20251154313888,10.607318849094543
a43c,2002-10-08,-60.5635,-43.1515,-60.5319,-43.2795,-60.530997041341685,-43.173163278685735,5.817683695750147
a43c,2002-10-09,-60.5319,-43.2795,-60.5319,-43.2795,-60.49696709735903,-43.39309550105045,7.330840612240853
a43c,2002-10-10,-60.5319,-43.2795,-60.4965,-43.305,-60.52107452056923,-43.312943337207,2.766941117608823
a43c,2002-10-11,-60.4965,-43.305,-60.4981,-43.3951,-60.46724604715695,-43.33620868873072,4.709514763117907
a43c,2002-10-12,-60.4981,-43.3951,-60.4981,-43.3951,-60.491362885996644,-43.443159768704476,2.736477655474287
a43c,2002-10-13,-60.4981,-43.3951,-60.468,-43.452,-60.488419323407925,-43.419570663646795,2.883144488406834
a43c,2002-10-14,-60.468,-43.452,-60.468,-43.452,-60.44560859871801,-43.467155772939094,2.624814140704804
a43c,2002-10-15,-60.468,-43.452,-60.468,-43.452,-60.44870854268616,-43.463638378781866,2.2380012803653395
a43c,2002-10-16,-60.468,-43.452,-60.468,-43.452,-60.46101593057296,-43.440091140028386,1.0145063145968085
a43c,2002-10-17,-60.468,-43.452,-60.468,-43.452,-60.45548272590349,-43.449435441433536,1.3989395867194307
a43c,2002-10-18,-60.468,-43.452,-60.468,-43.452,-60.45876586952344,-43.430499031386404,1.563146900115059
a43c,2002-10-19,-60.468,-43.452,-60.468,-43.452,-60.45887412487066,-43.434646982571905,1.3908880413730325
a43c,2002-10-20,-60.468,-43.452,-60.468,-43.452,-60.4569594213366,-43.44239701593398,1.3357611958198843
a43c,2002-10-21,-60.468,-43.452,-60.468,-43.452,-60.45824888659395,-43.44298310118751,1.1916230015969507
a43c,2002-10-22,-60.468,-43.452,-60.468,-43.452,-60.436646674104566,-43.42299807188178,3.8319275829583783
a43c,2002-10-23,-60.468,-43.452,-60.4418,-43.5294,-60.46159876229239,-43.43720802366792,5.514044483730674
a43c,2002-10-24,-60.4418,-43.5294,-60.4004,-43.6312,-60.41683655316252,-43.59126009494338,2.854804511284624
a43c,2002-10-25,-60.4004,-43.6312,-60.4004,-43.6312,-60.36892020932563,-43.6779906133265,4.343208801389382
a43c,2002-10-26,-60.4004,-43.6312,-60.4004,-43.6312,-60.3880525033809,-43.64362984860554,1.5333978389822704
a43c,2002-10-27,-60.4004,-43.6312,-60.4004,-43.6312,-60.39073753032134,-43.603171942918664,1.8774440308725544
a43c,2002-10-28,-60.4004,-43.6312,-60.4076,-43.7862,-60.391066222202525,-43.63552347571573,8.477646360201323
a43c,2002-10-29,-60.4076,-43.7862,-60.4076,-43.7862,-60.40184169531368,-43.80867620045541,1.3904938294272264
a43c,2002-10-30,-60.4076,-43.7862,-60.4076,-43.7862,-60.39810696492685,-43.81522276811259,1.9117443432602415
a43c,2002-10-31,-60.4076,-43.7862,-60.4076,-43.7862,-60.402144697548806,-43.729011266973146,3.198600444695741
a43c,2002-11-01,-60.4076,-43.7862,-60.4076,-43.7862,-60.4009981589101,-43.76608091912237,1.3265104134114185
a43c,2002-11-02,-60.4076,-43.7862,-60.4076,-43.7862,-60.40354807753307,-43.82818485965893,2.349185209143448
a43c,2002-11-03,-60.4076,-43.7862,-60.4062,-43.6603,-60.39990434119865,-43.76152465849995,5.603027998865426
a43c,2002-11-04,-60.4062,-43.6603,-60.4062,-43.6603,-60.39904999657598,-43.59445834311006,3.7023555037675595
a43c,2002-11-05,-60.4062,-43.6603,-60.4062,-43.6603,-60.394476986572876,-43.62597449825705,2.29204107279178
a43c,2002-11-06,-60.4062,-43.6603,-60.4062,-43.6603,-60.39318223417164,-43.63677677627612,1.940242769560874
a43c,2002-11-07,-60.4062,-43.6603,-60.4062,-43.6603,-60.37792226939404,-43.643909500501024,3.270731205405666
a43c,2002-11-08,-60.4062,-43.6603,-60.4062,-43.6603,-60.38709630393282,-43.64095933476696,2.375080266497891
a43c,2002-11-09,-60.4062,-43.6603,-60.4062,-43.6603,-60.38866786882882,-43.65177934030248,2.004877705301938
a43c,2002-11-10,-60.4062,-43.6603,-60.2618,-43.7888,-60.39365430043399,-43.61787764660292,17.42069926018618
a43c,2002-11-11,-60.2618,-43.7888,-60.2618,-43.7888,-60.248702497751324,-43.76454826441798,1.9776384295746257
a43c,2002-11-12,-60.2618,-43.7888,-60.2618,-43.7888,-60.24332142677549,-43.75016450956832,2.960687158271195
a43c,2002-11-13,-60.2618,-43.7888,-60.2308,-43.8338,-60.25081237622009,-43.77553158634598,3.9107895543784137
a43c,2002-11-14,-60.2308,-43.8338,-60.2308,-43.8338,-60.205724715783504,-43.849075702091284,2.9130917213469805
a43c,2002-11-15,-60.2308,-43.8338,-60.2308,-43.8338,-60.22321508655339,-43.831580559800386,0.8522605324890127
a43c,2002-11-16,-60.2308,-43.8338,-60.1868,-44.0383,-60.213765803296596,-43.82304679314262,12.267097014364328
a43c,2002-11-17,-60.1868,-44.0383,-60.1868,-44.0383,-60.180825557915064,-44.08325658006936,2.5728176105926726
a43c,2002-11-18,-60.1868,-44.0383,-60.1747,-44.1085,-60.18204772229179,-44.061429920283786,2.7280726684199665
a43c,2002-11-19,-60.1747,-44.1085,-60.1625,-44.1786,-60.15687263873142,-44.13229373098633,2.6373777660906654
a43c,2002-11-20,-60.1625,-44.1786,-60.1625,-44.1786,-60.14778215125423,-44.22407933726487,3.001984855607277
a43c,2002-11-21,-60.1625,-44.1786,-60.1625,-44.1786,-60.15148854207826,-44.19745797097107,1.6087390036904785
a43c,2002-11-22,-60.1625,-44.1786,-60.1625,-44.1786,-60.155473770567546,-44.16532389012545,1.0723757557681197
a43c,2002-11-23,-60.1625,-44.1786,-60.1625,-44.1786,-60.15286476426838,-44.17312691929533,1.1133668844970699
a43c,2002-11-24,-60.1625,-44.1786,-60.1625,-44.1786,-60.154065778133635,-44.17515373166799,0.9570319423831087
a43c,2002-11-25,-60.1625,-44.1786,-60.1625,-44.1786,-60.15331140231055,-44.17167122918448,1.091285692958156
a43c,2002-11-26,-60.1625,-44.1786,-60.1625,-44.1786,-60.1524416656543,-44.18086500200036,1.125435800448422
a43c,2002-11-27,-60.1625,-44.1786,-60.1625,-44.1786,-60.15439043218274,-44.16872997008875,1.05422250408652
a43c,2002-11-28,-60.1625,-44.1786,-60.1625,-44.1786,-60.14491101789536,-44.15444688673088,2.3689015779225944
a43c,2002-11-29,-60.1625,-44.1786,-60.1625,-44.1786,-60.150077842732514,-44.17359276108755,1.4087961287691635
a43c,2002-11-30,-60.1625,-44.1786,-60.0481,-44.1909,-60.15101459890807,-44.175133857003686,11.476902162935728
a43c,2002-12-01,-60.0481,-44.1909,-60.0481,-44.1909,-60.008234262861116,-44.19842408404401,4.452528473989087
a43c,2002-12-02,-60.0481,-44.1909,-60.0481,-44.1909,-60.020132717287844,-44.15843189746323,3.594830422542981
a43c,2002-12-03,-60.0481,-44.1909,-59.8764,-44.012,-60.04259721445986,-44.14619357092667,19.93290817696209
a43c,2002-12-04,-59.8764,-44.012,-59.8764,-44.012,-59.82533281230158,-43.90543170833334,8.225940109516692
a43c,2002-12-05,-59.8764,-44.012,-59.8764,-44.012,-59.80304658366954,-43.952667953256594,8.804319424401529
a43c,2002-12-06,-59.8764,-44.012,-59.8764,-44.012,-59.868987159940545,-43.98486291257527,1.7243262009025675
a43c,2002-12-07,-59.8764,-44.012,-59.6627,-43.862,-59.86174954070355,-43.984108994420694,23.165415204170696
a43c,2002-12-08,-59.6627,-43.862,-59.4121,-43.6118,-59.56175148611112,-43.738193622619036,18.105971003730602
a43c,2002-12-09,-59.4121,-43.6118,-59.1705,-43.3894,-59.2840589607737,-43.5552734364193,15.763789163325262
a43c,2002-12-10,-59.1705,-43.3894,-59.1705,-43.3894,-59.03997111256613,-43.30860774537038,15.229520622368462
a43c,2002-12-11,-59.1705,-43.3894,-59.0968,-43.1432,-59.08620343094925,-43.35228578633968,12.00040373461768
a43c,2002-12-12,-59.0968,-43.1432,-59.0968,-43.1432,-59.05448657779379,-43.10063421623812,5.2965831035662285
a43c,2002-12-13,-59.0968,-43.1432,-59.0968,-43.1432,-59.0579439629479,-43.02839125830454,7.855230877005497
a43c,2002-12-14,-59.0968,-43.1432,-59.0968,-43.1432,-59.09126861868084,-43.12074500079933,1.4223370657265495
a43c,2002-12-15,-59.0968,-43.1432,-58.9153,-42.6262,-59.087695304249394,-43.124655299182024,34.38433598172158
a43c,2002-12-16,-58.9153,-42.6262,-58.915,-42.3996,-58.88662842445888,-42.53348980007215,8.31186552932208
a43c,2002-12-17,-58.915,-42.3996,-58.915,-42.3996,-58.900324657795395,-42.2442531229741,9.068531286555725
a43c,2002-12-18,-58.915,-42.3996,-58.9097,-42.2536,-58.88567078804994,-42.2261889483687,3.1013204921053883
a43c,2002-12-19,-58.9097,-42.2536,-58.9847,-41.9901,-58.909419128694175,-42.18377243064262,13.909415832067793
a43c,2002-12-20,-58.9847,-41.9901,-58.9597,-41.7865,-59.02271836402691,-41.818336484592834,7.2407562336105835
a43c,2002-12-21,-58.9597,-41.7865,-58.9396,-41.6285,-58.93256494540077,-41.64897351261368,1.4113195048590053
a43c,2002-12-22,-58.9396,-41.6285,-58.9234,-41.4831,-58.91078672538232,-41.493410477882264,1.522314118722204
a43c,2002-12-23,-58.9234,-41.4831,-58.9234,-41.4831,-58.90001860624179,-41.35397529296296,7.8565272981064345
a43c,2002-12-24,-58.9234,-41.4831,-58.938,-41.3044,-58.91550821945121,-41.42525295607169,7.373049999370481
a43c,2002-12-25,-58.938,-41.3044,-58.938,-41.3044,-58.93055201678229,-41.210918251886085,5.427439308007495
a43c,2002-12-26,-58.938,-41.3044,-58.938,-41.3044,-58.93792616785175,-41.24826685647827,3.2205252564480853
a43c,2002-12-27,-58.938,-41.3044,-58.938,-41.3044,-58.92414122947366,-41.28864237600877,1.786730738716133
a43c,2002-12-28,-58.938,-41.3044,-58.9873,-41.0053,-58.92180069699859,-41.28180039604891,17.44867128876682
a43c,2002-12-29,-58.9873,-41.0053,-58.9873,-41.0053,-59.002646832996625,-40.9017913652477,6.169470209283879
a43c,2002-12-30,-58.9873,-41.0053,-59.0123,-40.9078,-59.002809949590244,-40.90331136008433,1.086091714216216
a43d,2002-01-05,-71.2389,-58.6489,-71.2389,-58.6489,-71.237684769098,-58.65286367839063,0.19584288608805986
a43d,2002-01-06,-71.2389,-58.6489,-71.2389,-58.6489,-71.23613486566434,-58.648006718445004,0.3091243120337893
a43d,2002-01-07,-71.2389,-58.6489,-71.2389,-58.6489,-71.23703321610749,-58.651025408578775,0.22105732259158217
a43d,2002-01-08,-71.2389,-58.6489,-71.2389,-58.6489,-71.23354645097743,-58.650765954811874,0.5990171613670706
a43d,2002-01-09,-71.2389,-58.6489,-71.2389,-58.6489,-71.23778511527593,-58.657040452060954,0.3164292064847386
a43d,2002-01-10,-71.2389,-58.6489,-71.2389,-58.6489,-71.23642431420164,-58.648335626926595,0.27602272493613633
a43d,2002-01-11,-71.2389,-58.6489,-71.2389,-58.6489,-71.23436399868075,-58.64252889119257,0.553467931095961
a43d,2002-01-12,-71.2389,-58.6489,-71.2389,-58.6489,-71.23640372871486,-58.648469739481726,0.2779989309765722
a43d,2002-01-13,-71.2389,-58.6489,-71.2389,-58.6489,-71.23654394976812,-58.648464239057034,0.2624439914124051
a43d,2002-01-14,-71.2389,-58.6489,-71.2389,-58.6489,-71.23675249490606,-58.6489228702325,0.2387930722750383
a43d,2002-01-15,-71.2389,-58.6489,-71.2389,-58.6489,-71.23711375630448,-58.65099779155028,0.21231900293377054
a43d,2002-01-16,-71.2389,-58.6489,-71.2389,-58.6489,-71.2363987130722,-58.64830854988175,0.27893366657301855
a43d,2002-01-17,-71.2389,-58.6489,-71.2389,-58.6489,-71.23568382672029,-58.649661790076834,0.35865854149523374
a43d,2002-01-18,-71.2389,-58.6489,-71.2389,-58.6489,-71.23662494685152,-58.6489879656373,0.25299393014749316
a43d,2002-01-19,-71.2389,-58.6489,-71.2389,-58.6489,-71.23607974943977,-58.64879371763497,0.3136205914132116
a43d,2002-01-20,-71.2389,-58.6489,-71.2389,-58.6489,-71.23656509949278,-58.648953497455494,0.2596361406858761
a43d,2002-01-21,-71.2389,-58.6489,-71.2389,-58.6489,-71.23718694836339,-58.65130390510231,0.20898615149416905
a43d,2002-01-22,-71.2389,-58.6489,-71.2389,-58.6489,-71.23709855629838,-58.65097380395429,0.21360156789704085
a43d,2002-01-23,-71.2389,-58.6489,-71.2389,-58.6489,-71.23635230191657,-58.648019649040975,0.2850354549163467
a43d,2002-01-24,-71.2389,-58.6489,-71.2389,-58.6489,-71.2373318990356,-58.65198531780504,0.20634665485895076
a43d,2002-01-25,-71.2389,-58.6489,-71.2389,-58.6489,-71.23629226851983,-58.64912897542466,0.29008213129869265
a43d,2002-01-26,-71.2389,-58.6489,-71.2389,-58.6489,-71.23710426498359,-58.64927055658218,0.2001159407380005
a43d,2002-01-27,-71.2389,-58.6489,-71.2389,-58.6489,-71.2361076662806,-58.648695503197416,0.31057947354715854
a43d,2002-01-28,-71.2389,-58.6489,-71.2389,-58.6489,-71.23712172657231,-58.65101260174754,0.21167863622048852
a43d,2002-01-29,-71.2389,-58.6489,-71.2389,-58.6489,-71.23626887897983,-58.649414149643036,0.2931446301674374
a43d,2002-01-30,-71.2389,-58.6489,-71.2389,-58.6489,-71.23624262475442,-58.647961335984604,0.29738764024915215
a43d,2002-01-31,-71.2389,-58.6489,-71.2389,-58.6489,-71.23693948641619,-58.64987623434314,0.2207774208038303
a43d,2002-02-01,-71.2389,-58.6489,-71.2389,-58.6489,-71.23556892080903,-58.649247998599876,0.37060816619175563
a43d,2002-02-02,-71.2389,-58.6489,-71.2389,-58.6489,-71.23657171990355,-58.64737924045589,0.26454454391494364
a43d,2002-02-03,-71.2389,-58.6489,-71.2389,-58.6489,-71.23614889902261,-58.65116969340191,0.3164958171967013
a43d,2002-02-04,-71.2389,-58.6489,-71.2389,-58.6489,-71.23419044286535,-58.64272096608464,0.5684042808566754
a43d,2002-02-05,-71.2389,-58.6489,-71.2389,-58.6489,-71.23715855337082,-58.65097064102662,0.2073177511748113
a43d,2002-02-06,-71.2389,-58.6489,-71.2389,-58.6489,-71.23668427542471,-58.64876534674583,0.24642439409516226
a43d,2002-02-07,-71.2389,-58.6489,-71.2389,-58.6489,-71.22886927077501,-58.65159581066666,1.119527314370945
a43d,2002-02-08,-71.2389,-58.6489,-71.2389,-58.6489,-71.2371227539411,-58.65081219906156,0.20911954625359605
a43d,2002-02-09,-71.2389,-58.6489,-71.2389,-58.6489,-71.2362168518963,-58.64860004858254,0.29854526484929433
a43d,2002-02-10,-71.2389,-58.6489,-71.2389,-58.6489,-71.23759093708624,-58.65601407023175,0.29312385933935814
a43d,2002-02-11,-71.2389,-58.6489,-71.2389,-58.6489,-71.23747971505928,-58.65232394894335,0.19984126656586737
a43d,2002-02-12,-71.2389,-58.6489,-71.2389,-58.6489,-71.23707442532523,-58.64769397613222,0.20752654770889067
a43d,2002-02-13,-71.2389,-58.6489,-71.2389,-58.6489,-71.2286171305105,-58.656275764887866,1.1734504555274583
a43d,2002-02-14,-71.2389,-58.6489,-71.2389,-58.6489,-71.23004326966473,-58.657285437563445,1.0294903795481523
a43d,2002-02-15,-71.2389,-58.6489,-71.2389,-58.6489,-71.23727900660988,-58.65101567136719,0.19548397430062495
a43d,2002-02-16,-71.2389,-58.6489,-71.2389,-58.6489,-71.23717167492052,-58.65129583878135,0.21041764289698206
a43d,2002-02-17,-71.2389,-58.6489,-71.2389,-58.6489,-71.23693995268624,-58.64927768884738,0.21836551144300848
a43d,2002-02-18,-71.2389,-58.6489,-71.2389,-58.6489,-71.23556892080903,-58.649247998599876,0.37060816619175563
a43d,2002-02-19,-71.2389,-58.6489,-71.2389,-58.6489,-71.23682815917762,-58.64978993385773,0.23256643627955617
a43d,2002-02-20,-71.2389,-58.6489,-71.2389,-58.6489,-71.23734372585334,-58.64982576837535,0.17618871636085565
a43d,2002-02-21,-71.2389,-58.6489,-71.2389,-58.6489,-71.23591646703467,-58.652181672063705,0.35190405482352555
a43d,2002-02-22,-71.2389,-58.6489,-71.2389,-58.6489,-71.2249867653174,-58.655597823075595,1.5655277405614294
a43d,2002-02-23,-71.2389,-58.6489,-71.2389,-58.6489,-71.23659460273304,-58.64887203490298,0.25635043111330436
a43d,2002-02-24,-71.2389,-58.6489,-71.2389,-58.6489,-71.23584718748364,-58.649202742229264,0.3396299082165691
a43d,2002-02-25,-71.2389,-58.6489,-71.2389,-58.6489,-71.23724655454993,-58.651365605002965,0.20390786180013548
a43d,2002-02-26,-71.2389,-58.6489,-71.2389,-58.6489,-71.23674080244218,-58.64932539009975,0.24057336713933725
a43d,2002-02-27,-71.2389,-58.6489,-71.2389,-58.6489,-71.23708766997909,-58.65056711847703,0.21015722342690074
a43d,2002-02-28,-71.2389,-58.6489,-71.2389,-58.6489,-71.23711916807198,-58.65138549641752,0.2170566364315524
a43d,2002-03-01,-71.2389,-58.6489,-71.2389,-58.6489,-71.23624213571946,-58.649018754194415,0.2955715413435574
a43d,2002-03-02,-71.2389,-58.6489,-71.2389,-58.6489,-71.23628199671631,-58.65467606842799,0.3569602029630528
a43d,2002-03-03,-71.2389,-58.6489,-71.2389,-58.6489,-71.23724960172741,-58.651055295273125,0.19904733026847354
a43d,2002-03-04,-71.2389,-58.6489,-71.2389,-58.6489,-71.237244022745,-58.65101543056666,0.19907322665489866
a43d,2002-03-05,-71.2389,-58.6489,-71.2389,-58.6489,-71.23717561361188,-58.653782107060124,0.25933095691570557
a43d,2002-03-06,-71.2389,-58.6489,-71.2389,-58.6489,-71.23629519087837,-58.648747536870076,0.28969288341961835
a43d,2002-03-07,-71.2389,-58.6489,-71.2389,-58.6489,-71.23158266352863,-58.65542287325252,0.8464430334367905
a43d,2002-03-08,-71.2389,-58.6489,-71.2389,-58.6489,-71.23052564465782,-58.664047046099796,1.077345642407175
a43d,2002-03-09,-71.2389,-58.6489,-71.2389,-58.6489,-71.23656454318855,-58.64968824937071,0.2612166959043166
a43d,2002-03-10,-71.2389,-58.6489,-71.2389,-58.6489,-71.2370828602278,-58.651186239330855,0.21797392991710782
a43d,2002-03-11,-71.2389,-58.6489,-71.2389,-58.6489,-71.2312926902548,-58.66382281596182,1.0002325318105396
a43d,2002-03-12,-71.2389,-58.6489,-71.2389,-58.6489,-71.23687192521001,-58.65174594056046,0.24741770174383146
a43d,2002-03-13,-71.2389,-58.6489,-71.2389,-58.6489,-71.23636990747973,-58.64755454464108,0.2854191422999663
a43d,2002-03-14,-71.2389,-58.6489,-71.2389,-58.6489,-71.23693780292565,-58.65171070022103,0.24022967627842196
a43d,2002-03-15,-71.2389,-58.6489,-71.2389,-58.6489,-71.23117843322308,-58.65529386975126,0.8885380149976212
a43d,2002-03-16,-71.2389,-58.6489,-71.2389,-58.6489,-71.23016858780404,-58.656632940653,1.0095247402846406
a43d,2002-03-17,-71.2389,-58.6489,-71.2389,-58.6489,-71.23686173514078,-58.650424030180304,0.23310680657324015
a43d,2002-03-18,-71.2389,-58.6489,-71.2389,-58.6489,-71.23640372871486,-58.648469739481726,0.2779989309765722
a43d,2002-03-19,-71.2389,-58.6489,-71.2389,-58.6489,-71.23712811064463,-58.65071235386503,0.20741323069041845
a43d,2002-03-20,-71.2389,-58.6489,-71.2389,-58.6489,-71.23566537809906,-58.6491382297734,0.3597744537283051
a43d,2002-03-21,-71.2389,-58.6489,-71.2389,-58.6489,-71.23674993445317,-58.649340131549565,0.23959403561178588
a43d,2002-03-22,-71.2389,-58.6489,-71.2389,-58.6489,-71.23000538284703,-58.660166954095644,1.0680010416373913
a43d,2002-03-23,-71.2389,-58.6489,-71.2389,-58.6489,-71.23700305239973,-58.65136631275021,0.22863131034256012
a43d,2002-03-24,-71.2389,-58.6489,-71.2389,-58.6489,-71.23726190147795,-58.651402873583066,0.20295485221245207
a43d,2002-03-25,-71.2389,-58.6489,-71.2389,-58.6489,-71.2369392098867,-58.65087944857241,0.22923540341743887
a43d,2002-03-26,-71.2389,-58.6489,-71.2389,-58.6489,-71.23072416947238,-58.65851064161056,0.9719385327896769
a43d,2002-03-27,-71.2389,-58.6489,-71.2389,-58.6489,-71.23013152563932,-58.657879520492145,1.0265559776530264
a43d,2002-03-28,-71.2389,-58.6489,-71.2389,-58.6489,-71.20312335245725,-58.69722582005349,4.338010087181042
a43d,2002-03-29,-71.2389,-58.6489,-71.2389,-58.6489,-71.23017244667678,-58.659515264511555,1.042102197942458
a43d,2002-03-30,-71.2389,-58.6489,-71.2389,-58.6489,-71.23035790956307,-58.65804851184308,1.0046303535498131
a43d,2002-03-31,-71.2389,-58.6489,-71.2389,-58.6489,-71.23702187948753,-58.65076180229937,0.21919593433742965
a43d,2002-04-01,-71.2389,-58.6489,-71.2389,-58.6489,-71.23679593247262,-58.65078191730929,0.24345058936904998
a43d,2002-04-02,-71.2389,-58.6489,-71.2389,-58.6489,-71.23725583633596,-58.65097687357394,0.19733562637068053
a43d,2002-04-03,-71.2389,-58.6489,-71.2389,-58.6489,-71.22514387129878,-58.68948947676543,2.109106144878127
a43d,2002-04-04,-71.2389,-58.6489,-71.2389,-58.6489,-71.2312110927782,-58.663115448643964,0.9947494911931523
a43d,2002-04-05,-71.2389,-58.6489,-71.2389,-58.6489,-71.23619759045368,-58.652348827862994,0.3248255187534461
a43d,2002-04-06,-71.2389,-58.6489,-71.2416,-58.6536,-71.23708129367152,-58.650963588888004,0.5112265804915318
a43d,2002-04-07,-71.2416,-58.6536,-71.2476,-58.664,-71.24136228595766,-58.65756959607704,0.7307116949318698
a43d,2002-04-08,-71.2476,-58.664,-71.2536,-58.6745,-71.25114729231585,-58.68041445718487,0.345048911043947
a43d,2002-04-09,-71.2536,-58.6745,-71.2563,-58.6792,-71.25718319029315,-58.69044126221368,0.41348261372438555
a43d,2002-04-10,-71.2563,-58.6792,-71.2563,-58.6792,-71.24937175048555,-58.70430956210373,1.1826769958753773
a43d,2002-04-11,-71.2563,-58.6792,-71.2563,-58.6792,-71.24743710883938,-58.699327145167956,1.22010418522756
a43d,2002-04-12,-71.2563,-58.6792,-71.2563,-58.6792,-71.25347974943976,-58.67909371763497,0.31362055024217034
a43d,2002-04-13,-71.2563,-58.6792,-71.2563,-58.6792,-71.25386955942372,-58.678795714476166,0.2706385020096536
a43d,2002-04-14,-71.2563,-58.6792,-71.2563,-58.6792,-71.25446418976081,-58.68102138591004,0.21425675986341394
a43d,2002-04-15,-71.2563,-58.6792,-71.2563,-58.6792,-71.25375828979662,-58.678146074558796,0.2851233655702152
a43d,2002-04-16,-71.2563,-58.6792,-71.2563,-58.6792,-71.25415249490605,-58.67922287023251,0.23879306977122766
a43d,2002-04-17,-71.2563,-58.6792,-71.2563,-58.6792,-71.25447465508849,-58.68093622055454,0.21223892341537723
a43d,2002-04-18,-71.2563,-58.6792,-71.2563,-58.6792,-71.25409013976417,-58.67915824906194,0.24572977563550272
a43d,2002-04-19,-71.2563,-58.6792,-71.2563,-58.6792,-71.25435769818688,-58.680059105141154,0.21814487945057473
a43d,2002-04-20,-71.2563,-58.6792,-71.2563,-58.6792,-71.25386766205739,-58.67880768049194,0.27082670945775145
a43d,2002-04-21,-71.2563,-58.6792,-71.2563,-58.6792,-71.25421178991859,-58.67975569560744,0.23304584111045648
a43d,2002-04-22,-71.2563,-58.6792,-71.2404,-58.6048,-71.25366212046987,-58.67947221232792,3.0496295010511183
a43d,2002-04-23,-71.2404,-58.6048,-71.2404,-58.6048,-71.23128322627883,-58.59002577204497,1.1432093033068138
a43d,2002-04-24,-71.2404,-58.6048,-71.2404,-58.6048,-71.23057201747972,-58.59910561801905,1.111641231096013
a43d,2002-04-25,-71.2404,-58.6048,-71.2404,-58.6048,-71.23634986786773,-58.60883910110276,0.47295422665570924
a43d,2002-04-26,-71.2404,-58.6048,-71.2404,-58.6048,-71.23875530343665,-58.60697193624753,0.19869252023999823
a43d,2002-04-27,-71.2404,-58.6048,-71.2404,-58.6048,-71.23809516517044,-58.60455891543663,0.25643092030058406
a43d,2002-04-28,-71.2404,-58.6048,-71.2404,-58.6048,-71.23825249490605,-58.604822870232496,0.23879307205911438
a43d,2002-04-29,-71.2404,-58.6048,-71.2404,-58.6048,-71.23808357274706,-58.60389666947842,0.2595929088223262
a43d,2002-04-30,-71.2404,-58.6048,-71.2404,-58.6048,-71.23841832136223,-58.60508229172109,0.22058374354321378
a43d,2002-05-01,-71.2404,-58.6048,-71.2404,-58.6048,-71.23846274110223,-58.607290167695595,0.23309516876133754
a43d,2002-05-02,-71.2404,-58.6048,-71.2404,-58.6048,-71.2380204411796,-58.60586391905943,0.2673164914619733
a43d,2002-05-03,-71.2404,-58.6048,-71.2404,-58.6048,-71.2381645300551,-58.60497738628054,0.24865385079751076
a43d,2002-05-04,-71.2404,-58.6048,-71.2404,-58.6048,-71.23781787409071,-58.608141571856464,0.3109958405528613
a43d,2002-05-05,-71.2404,-58.6048,-71.2404,-58.6048,-71.23768863536868,-58.604709064731736,0.30150753035853733
a43d,2002-05-06,-71.2404,-58.6048,-71.2404,-58.6048,-71.23796424852834,-58.60560846474999,0.2723820464475817
a43d,2002-05-07,-71.2404,-58.6048,-71.2404,-58.6048,-71.23761666884943,-58.6026905667224,0.3185537830515439
a43d,2002-05-08,-71.2404,-58.6048,-71.2404,-58.6048,-71.23213940952778,-58.608414671474705,0.9275901086952304
a43d,2002-05-09,-71.2404,-58.6048,-71.2404,-58.6048,-71.2321343312407,-58.6115336282958,0.9501328866694982
a43d,2002-05-10,-71.2404,-58.6048,-71.2404,-58.6048,-71.20103311366749,-58.639635340055364,4.551544487634638
a43d,2002-05-11,-71.2404,-58.6048,-71.2404,-58.6048,-71.23029317460556,-58.6168535318034,1.203692900819104
a43d,2002-05-12,-71.2404,-58.6048,-71.2404,-58.6048,-71.23630845075793,-58.60035610868189,0.48192022385204314
a43d,2002-05-13,-71.2404,-58.6048,-71.2404,-58.6048,-71.23170700112145,-58.61090674063351,0.9909889975930107
a43d,2002-05-14,-71.2404,-58.6048,-71.2404,-58.6048,-71.23308066428655,-58.6105971657158,0.8398700237828935
a43d,2002-05-15,-71.2404,-58.6048,-71.2404,-58.6048,-71.23778663750173,-58.604054015363616,0.29181469907347624
a43d,2002-05-16,-71.2404,-58.6048,-71.2404,-58.6048,-71.23875530343665,-58.60697193624753,0.19869252023999823
a43d,2002-05-17,-71.2404,-58.6048,-71.2404,-58.6048,-71.23858263859327,-58.60689416816828,0.21551231702074236
a43d,2002-05-18,-71.2404,-58.6048,-71.2404,-58.6048,-71.23881336300454,-58.61012069486473,0.25948250538720125
a43d,2002-05-19,-71.2404,-58.6048,-71.2404,-58.6048,-71.2380830914094,-58.604263548769254,0.25834180086612646
a43d,2002-05-20,-71.2404,-58.6048,-71.2404,-58.6048,-71.23856045268624,-58.6052654388474,0.20522444297218914
a43d,2002-05-21,-71.2404,-58.6048,-71.2404,-58.6048,-71.2387705484152,-58.606930087127466,0.19654849405739033
a43d,2002-05-22,-71.2404,-58.6048,-71.2404,-58.6048,-71.2379003342655,-58.604363124744765,0.27838890904023955
a43d,2002-05-23,-71.2404,-58.6048,-71.2491,-58.4464,-71.23768306029865,-58.60358442881973,5.761661109912688
a43d,2002-05-24,-71.2491,-58.4464,-71.2491,-58.4464,-71.24608622786819,-58.421760303792354,0.9423889941199083
a43d,2002-05-25,-71.2491,-58.4464,-71.2491,-58.4464,-71.24743197749788,-58.43575096827479,0.42343880544463175
a43d,2002-05-26,-71.2491,-58.4464,-71.2491,-58.4464,-71.24727296483118,-58.44862038789066,0.21811074535006608
a43d,2002-05-27,-71.2491,-58.4464,-71.2491,-58.4464,-71.21317803064707,-58.48626376935695,4.24132419739209
a43d,2002-05-28,-71.2491,-58.4464,-71.2491,-58.4464,-71.21010528298719,-58.485930473004345,4.560870603288354
a43d,2002-05-29,-71.2491,-58.4464,-71.2491,-58.4464,-71.21181718036357,-58.498199912644054,4.54106530650175
a43d,2002-05-30,-71.2491,-58.4464,-71.269,-58.428,-71.2115262092008,-58.492698023448966,6.796696613057237
a43d,2002-05-31,-71.269,-58.428,-71.269,-58.428,-71.27135090321902,-58.43842405441302,0.4548221960040531
a43d,2002-06-01,-71.269,-58.428,-71.283,-58.2904,-71.26091558163445,-58.44837189395108,6.1513472920322165
a43d,2002-06-02,-71.283,-58.2904,-71.283,-58.2904,-71.28466454891239,-58.236949575159656,1.9160853941160256
a43d,2002-06-03,-71.283,-58.2904,-71.283,-58.2904,-71.27254761941789,-58.29371406344822,1.1682551051652137
a43d,2002-06-04,-71.283,-58.2904,-71.283,-58.2904,-71.28115405552222,-58.292299897304986,0.2161658717996423
a43d,2002-06-05,-71.283,-58.2904,-71.3016,-58.2367,-71.28133769683114,-58.292351597562245,3.0026753041043626
a43d,2002-06-06,-71.3016,-58.2367,-71.3016,-58.2367,-71.30769175353198,-58.22957993691324,0.7233490275026305
a43d,2002-06-07,-71.3016,-58.2367,-71.3016,-58.2367,-71.298928477134,-58.23535835085167,0.30088571587150775
a43d,2002-06-08,-71.3016,-58.2367,-71.3016,-58.2367,-71.29965576275751,-58.23818699934009,0.22259367871423297
a43d,2002-06-09,-71.3016,-58.2367,-71.3845,-58.1317,-71.2992491038008,-58.235460834961685,10.172745478414026
a43d,2002-06-10,-71.3845,-58.1317,-71.3578,-58.2113,-71.3899700736462,-58.16834435089771,3.888870734871307
a43d,2002-06-11,-71.3578,-58.2113,-71.3321,-58.14,-71.3588116565295,-58.225409245883554,4.248528897440318
a43d,2002-06-12,-71.3321,-58.14,-71.3321,-58.14,-71.3160070689311,-58.12564539031612,1.8610152564923648
a43d,2002-06-13,-71.3321,-58.14,-71.3321,-58.14,-71.31839087100039,-58.15443839295179,1.6087310638941539
a43d,2002-06-14,-71.3321,-58.14,-71.3321,-58.14,-71.32936977143372,-58.13885828593541,0.3062954027496029
a43d,2002-06-15,-71.3321,-58.14,-71.3321,-58.14,-71.33038276912727,-58.14203552223462,0.20423020612643963
a43d,2002-06-16,-71.3321,-58.14,-71.3321,-58.14,-71.32073980016418,-58.163417705461754,1.5135219053908815
a43d,2002-06-17,-71.3321,-58.14,-71.3321,-58.14,-71.32238042723279,-58.151195827181795,1.151920563662145
a43d,2002-06-18,-71.3321,-58.14,-71.3321,-58.14,-71.32261570887333,-58.15642084629451,1.2057913284867068
a43d,2002-06-19,-71.3321,-58.14,-71.3321,-58.14,-71.32927688379444,-58.137960823431825,0.3221981186767994
a43d,2002-06-20,-71.3321,-58.14,-71.3321,-58.14,-71.33051967677287,-58.142419530365686,0.19569174092580158
a43d,2002-06-21,-71.3321,-58.14,-71.3321,-58.14,-71.32980354666255,-58.13983810809317,0.25541896844398765
a43d,2002-06-22,-71.3321,-58.14,-71.3321,-58.14,-71.33038296290847,-58.14195301359,0.2031867033072486
a43d,2002-06-23,-71.3321,-58.14,-71.3321,-58.14,-71.33010262058373,-58.143225815260436,0.25002161337763246
a43d,2002-06-24,-71.3321,-58.14,-71.3321,-58.14,-71.32938514747815,-58.13964784670797,0.3021379443547635
a43d,2002-06-25,-71.3321,-58.14,-71.3321,-58.14,-71.3196793736053,-58.157125044311556,1.5097029650322065
a43d,2002-06-26,-71.3321,-58.14,-71.3321,-58.14,-71.33048198629959,-58.141918274087274,0.19243478363459635
a43d,2002-06-27,-71.3321,-58.14,-71.3321,-58.14,-71.33041251954162,-58.142648176295495,0.20998292015461695
a43d,2002-06-28,-71.3321,-58.14,-71.3321,-58.14,-71.32405026988218,-58.14932375003602,0.9546478199952549
a43d,2002-06-29,-71.3321,-58.14,-71.3321,-58.14,-71.33023077068258,-58.14198959664316,0.21958156616398208
a43d,2002-06-30,-71.3321,-58.14,-71.3321,-58.14,-71.32340512276785,-58.138637330311724,0.9680424720904421
a43d,2002-07-01,-71.3321,-58.14,-71.3321,-58.14,-71.33016105825361,-58.14068711820465,0.2169831899952609
a43d,2002-07-02,-71.3321,-58.14,-71.3321,-58.14,-71.33061112376991,-58.14446055609892,0.2293788476037035
a43d,2002-07-03,-71.3321,-58.14,-71.3321,-58.14,-71.32952571325006,-58.13903994336141,0.2882801406033018
a43d,2002-07-04,-71.3321,-58.14,-71.3321,-58.14,-71.33047509756624,-58.1418665897469,0.19250854466149128
a43d,2002-07-05,-71.3321,-58.14,-71.3321,-58.14,-71.32338007806408,-58.148393961682245,1.0146130971723275
a43d,2002-07-06,-71.3321,-58.14,-71.3321,-58.14,-71.3227133005534,-58.15378922590786,1.153430727655566
a43d,2002-07-07,-71.3321,-58.14,-71.3321,-58.14,-71.32939550802077,-58.14283961242688,0.3172566619663387
a43d,2002-07-08,-71.3321,-58.14,-71.3321,-58.14,-71.33060734903835,-58.13483835012039,0.24758857058199757
a43d,2002-07-09,-71.3321,-58.14,-71.3321,-58.14,-71.32950597565905,-58.14290356866418,0.30639855885377015
a43d,2002-07-10,-71.3321,-58.14,-71.3321,-58.14,-71.32936192053452,-58.139814720667175,0.3045319614874482
a43d,2002-07-11,-71.3321,-58.14,-71.3321,-58.14,-71.32947217378464,-58.13995803228522,0.2922047615357621
a43d,2002-07-12,-71.3321,-58.14,-71.3321,-58.14,-71.33001363197951,-58.14388524078804,0.27008308945399273
a43d,2002-07-13,-71.3321,-58.14,-71.3321,-58.14,-71.33032107039223,-58.14229304939174,0.21398434018116713
a43d,2002-07-14,-71.3321,-58.14,-71.3321,-58.14,-71.33008582982804,-58.14375477503849,0.26080944157013325
a43d,2002-07-15,-71.3321,-58.14,-71.3321,-58.14,-71.32126341940454,-58.16183161026103,1.4338960566957861
a43d,2002-07-16,-71.3321,-58.14,-71.3321,-58.14,-71.31948228023032,-58.149291544923614,1.4414982070127835
a43d,2002-07-17,-71.3321,-58.14,-71.3321,-58.14,-71.32968874119213,-58.14102979034939,0.27061360034344994
a43d,2002-07-18,-71.3321,-58.14,-71.3321,-58.14,-71.3295262663487,-58.139106445022946,0.2879480198203466
a43d,2002-07-19,-71.3321,-58.14,-71.3321,-58.14,-71.32229203996354,-58.14611265909522,1.1120944901141545
a43d,2002-07-20,-71.3321,-58.14,-71.3321,-58.14,-71.33046647429866,-58.14189786232549,0.19379395820501577
a43d,2002-07-21,-71.3321,-58.14,-71.3321,-58.14,-71.33046578302024,-58.141827811175176,0.19301137939473023
a43d,2002-07-22,-71.3321,-58.14,-71.3321,-58.14,-71.32895658668443,-58.13522605075164,0.38864787171576337
a43d,2002-07-23,-71.3321,-58.14,-71.2762,-58.4475,-71.33025860810177,-58.14290697464631,12.410024441489492
a43d,2002-07-24,-71.2762,-58.4475,-71.2762,-58.4475,-71.25686805965128,-58.49630322043291,2.7673832209953773
a43d,2002-07-25,-71.2762,-58.4475,-71.2762,-58.4475,-71.26155695264599,-58.51240157101947,2.8322947110544856
a43d,2002-07-26,-71.2762,-58.4475,-71.2762,-58.4475,-71.27439032925594,-58.44957355120478,0.21440745789384177
a43d,2002-07-27,-71.2762,-58.4475,-71.3088,-58.5495,-71.27454683518773,-58.4502934085028,5.198677880149323
a43d,2002-07-28,-71.3088,-58.5495,-71.3088,-58.5495,-71.31820766650655,-58.56816435690894,1.2395267741946343
a43d,2002-07-29,-71.3088,-58.5495,-71.3088,-58.5495,-71.31168038915439,-58.5792268555536,1.1065833370549987
a43d,2002-07-30,-71.3088,-58.5495,-71.3088,-58.5495,-71.30548648875329,-58.54958710371022,0.36845871599831775
a43d,2002-07-31,-71.3088,-58.5495,-71.3088,-58.5495,-71.30548760188364,-58.5496008034263,0.3683393839851487
a43d,2002-08-01,-71.3088,-58.5495,-71.3088,-58.5495,-71.30548150159888,-58.54919866821707,0.3691564124103685
a43d,2002-08-02,-71.3088,-58.5495,-71.3088,-58.5495,-71.3065744302726,-58.5480873594509,0.25254045538995445
a43d,2002-08-03,-71.3088,-58.5495,-71.3088,-58.5495,-71.3055033734654,-58.54892087674011,0.3671486765894387
a43d,2002-08-04,-71.3088,-58.5495,-71.3088,-58.5495,-71.30621084451448,-58.55231294527974,0.3048538327865599
a43d,2002-08-05,-71.3088,-58.5495,-71.3088,-58.5495,-71.30634441495266,-58.54874622359813,0.27436673779349513
a43d,2002-08-06,-71.3088,-58.5495,-71.3088,-58.5495,-71.30622830273893,-58.547456445801885,0.295087289040452
a43d,2002-08-07,-71.3088,-58.5495,-71.3088,-58.5495,-71.30609949768123,-58.54757710666294,0.3080018924940777
a43d,2002-08-08,-71.3088,-58.5495,-71.3088,-58.5495,-71.30631628101645,-58.548647654992095,0.27784227746099494
a43d,2002-08-09,-71.3088,-58.5495,-71.3088,-58.5495,-71.30658812838985,-58.54805618398629,0.25127318038913793
a43d,2002-08-10,-71.3088,-58.5495,-71.3088,-58.5495,-71.30567268055462,-58.54938943779081,0.34776437766374435
a43d,2002-08-11,-71.3088,-58.5495,-71.3088,-58.5495,-71.30681584338163,-58.54990846562647,0.2211078065107289
a43d,2002-08-12,-71.3088,-58.5495,-71.3088,-58.5495,-71.30617583686258,-58.54782723975168,0.2978205584469052
a43d,2002-08-13,-71.3088,-58.5495,-71.3088,-58.5495,-71.30701503001633,-58.55165799652414,0.2128570606059038
a43d,2002-08-14,-71.3088,-58.5495,-71.3088,-58.5495,-71.30610788779653,-58.547755105528466,0.30573946474080627
a43d,2002-08-15,-71.3088,-58.5495,-71.2964,-58.3738,-71.2998168691745,-58.56187547760169,6.716398142418168
a43d,2002-08-16,-71.2964,-58.3738,-71.2964,-58.3738,-71.29400541535531,-58.3563629298789,0.6764067188812923
a43d,2002-08-17,-71.2964,-58.3738,-71.2964,-58.3738,-71.29269143264352,-58.34615428673867,1.0686325583875411
a43d,2002-08-18,-71.2964,-58.3738,-71.2964,-58.3738,-71.29278581248656,-58.370098930246,0.4229967018963266
a43d,2002-08-19,-71.2964,-58.3738,-71.2964,-58.3738,-71.2939255301989,-58.37284082932962,0.27726624109975906
a43d,2002-08-20,-71.2964,-58.3738,-71.2964,-58.3738,-71.25636687849381,-58.39005818524234,4.489147339947619
a43d,2002-08-21,-71.2964,-58.3738,-71.2964,-58.3738,-71.29387677407712,-58.37054261267039,0.30366406545575225
a43d,2002-08-22,-71.2964,-58.3738,-71.2964,-58.3738,-71.27738166376969,-58.39197575313065,2.2119167322498177
a43d,2002-08-23,-71.2964,-58.3738,-71.2964,-58.3738,-71.28620618282179,-58.37947129571094,1.151407528224841
a43d,2002-08-24,-71.2964,-58.3738,-71.2964,-58.3738,-71.29333469070524,-58.37229051449489,0.3450710742004981
a43d,2002-08-25,-71.2964,-58.3738,-71.2964,-58.3738,-71.29373281614156,-58.37378514000568,0.2965777868812507
a43d,2002-08-26,-71.2964,-58.3738,-71.2964,-58.3738,-71.28810176261761,-58.378063902505005,0.9351691475693046
a43d,2002-08-27,-71.2964,-58.3738,-71.2964,-58.3738,-71.29375319192545,-58.373700560742094,0.29433299038045635
a43d,2002-08-28,-71.2964,-58.3738,-71.2964,-58.3738,-71.29364021579893,-58.37339391692578,0.3072154723810981
a43d,2002-08-29,-71.2964,-58.3738,-71.2964,-58.3738,-71.29403146319925,-58.37348544205179,0.2636080326608305
a43d,2002-08-30,-71.2964,-58.3738,-71.2964,-58.3738,-71.29429085108869,-58.374512756269795,0.23589984938637337
a43d,2002-08-31,-71.2964,-58.3738,-71.2964,-58.3738,-71.29398201470167,-58.37426054621355,0.2693687937424165
a43d,2002-09-01,-71.2964,-58.3738,-71.2964,-58.3738,-71.29483501295216,-58.37545664432375,0.1837720631427176
a43d,2002-09-02,-71.2964,-58.3738,-71.2964,-58.3738,-71.28806157531552,-58.384507943364696,1.0027599277126915
a43d,2002-09-03,-71.2964,-58.3738,-71.2964,-58.3738,-71.28707257517645,-58.38677643064901,1.1357386691158902
a43d,2002-09-04,-71.2964,-58.3738,-71.2964,-58.3738,-71.28869108602056,-58.380603151937294,0.8908688392117615
a43d,2002-09-05,-71.2964,-58.3738,-71.2964,-58.3738,-71.29457615573993,-58.37662561502043,0.2264529641176033
a43d,2002-09-06,-71.2964,-58.3738,-71.2964,-58.3738,-71.29393428748499,-58.37313048058178,0.2752122425266713
a43d,2002-09-07,-71.2964,-58.3738,-71.2964,-58.3738,-71.29389143807356,-58.3728464216791,0.28100434925404766
a43d,2002-09-08,-71.2964,-58.3738,-71.2964,-58.3738,-71.29408456480337,-58.37358063655006,0.2575834494500804
a43d,2002-09-09,-71.2964,-58.3738,-71.2964,-58.3738,-71.29370355899205,-58.37191188090728,0.30729732278171945
a43d,2002-09-10,-71.2964,-58.3738,-71.2964,-58.3738,-71.29488657210368,-58.37612184471119,0.1875494397256185
a43d,2002-09-11,-71.2964,-58.3738,-71.2964,-58.3738,-71.29480175303303,-58.375407517179326,0.18673272477909342
a43d,2002-09-12,-71.2964,-58.3738,-71.2858,-58.2019,-71.29308648875329,-58.37388710371022,6.188039832475264
a43d,2002-09-13,-71.2858,-58.2019,-71.2858,-58.2019,-71.2862211138175,-58.19206581806293,0.3539577665041155
a43d,2002-09-14,-71.2858,-58.2019,-71.2741,-58.3825,-71.2819701043268,-58.167868989034275,7.710196789082557
a43d,2002-09-15,-71.2741,-58.3825,-71.2741,-58.3825,-71.26743737680937,-58.389457160296615,0.7813842113556626
a43d,2002-09-16,-71.2741,-58.3825,-71.2741,-58.3825,-71.26570833587492,-58.402555760604656,1.176225309695765
a43d,2002-09-17,-71.2741,-58.3825,-71.2741,-58.3825,-71.27141857725007,-58.38075831520973,0.3045751154511262
a43d,2002-09-18,-71.2741,-58.3825,-71.2741,-58.3825,-71.27140355899205,-58.38061188090728,0.3073142890656699
a43d,2002-09-19,-71.2741,-58.3825,-71.2741,-58.3825,-71.271616557288,-58.38177165057482,0.2773677423967253
a43d,2002-09-20,-71.2741,-58.3825,-71.2741,-58.3825,-71.27195686868826,-58.388190506900756,0.3131454349774205
a43d,2002-09-21,-71.2741,-58.3825,-71.2741,-58.3825,-71.2719873339287,-58.38234549053969,0.23498249930831475
a43d,2002-09-22,-71.2741,-58.3825,-71.2741,-58.3825,-71.2724212551392,-58.38066400204218,0.19784083975733577
a43d,2002-09-23,-71.2741,-58.3825,-71.2741,-58.3825,-71.27212455437436,-58.38486451195783,0.23532076334628038
a43d,2002-09-24,-71.2741,-58.3825,-71.2741,-58.3825,-71.26499574801737,-58.394186845753126,1.094980392419761
a43d,2002-09-25,-71.2741,-58.3825,-71.2741,-58.3825,-71.27201164877897,-58.38509819461103,0.25005397974348875
a43d,2002-09-26,-71.2741,-58.3825,-71.2741,-58.3825,-71.27239860228534,-58.38449747710132,0.20217978787556817
a43d,2002-09-27,-71.2741,-58.3825,-71.2741,-58.3825,-71.27211749888697,-58.38444235426036,0.23109283167517233
a43d,2002-09-28,-71.2741,-58.3825,-71.2741,-58.3825,-71.27170545677595,-58.38302846905714,0.2669286364745488
a43d,2002-09-29,-71.2741,-58.3825,-71.2741,-58.3825,-71.27156382558766,-58.38160690072914,0.28380641360994935
a43d,2002-09-30,-71.2741,-58.3825,-71.2741,-58.3825,-71.27160256238822,-58.38172026911005,0.27909407451638907
a43d,2002-10-01,-71.2741,-58.3825,-71.2741,-58.3825,-71.27255926163467,-58.384186494459215,0.18159356615641722
a43d,2002-10-02,-71.2741,-58.3825,-71.2741,-58.3825,-71.27210528202187,-58.38509292401929,0.2403436466176577
a43d,2002-10-03,-71.2741,-58.3825,-71.2741,-58.3825,-71.27162683460796,-58.38163933117343,0.27671464732930473
a43d,2002-10-04,-71.2741,-58.3825,-71.2741,-58.3825,-71.271798547457,-58.38242708956875,0.2559230838273661
a43d,2002-10-05,-71.2741,-58.3825,-71.2741,-58.3825,-71.27215339509908,-58.38482686453126,0.2318451365034531
a43d,2002-10-06,-71.2741,-58.3825,-71.2741,-58.3825,-71.26452585054906,-58.39008622733337,1.098518526191746
a43d,2002-10-07,-71.2741,-58.3825,-71.2741,-58.3825,-71.26516315892636,-58.38554891681591,0.9996768549010455
a43d,2002-10-08,-71.2741,-58.3825,-71.2741,-58.3825,-71.26606448443893,-58.38881648682141,0.9215329155080856
a43d,2002-10-09,-71.2741,-58.3825,-71.2741,-58.3825,-71.26564189007927,-58.388807952741715,0.9670921957752189
a43d,2002-10-10,-71.2741,-58.3825,-71.2741,-58.3825,-71.26388705864937,-58.38106750997288,1.1367786396304203
a43d,2002-10-11,-71.2741,-58.3825,-71.2741,-58.3825,-71.27236558950648,-58.38492356658692,0.21137621192659717
a43d,2002-10-12,-71.2741,-58.3825,-71.2741,-58.3825,-71.27213022019845,-58.38477239149387,0.23357028693635484
a43d,2002-10-13,-71.2741,-58.3825,-71.2741,-58.3825,-71.27243599520878,-58.384186387818644,0.19457685210152212
a43d,2002-10-14,-71.2741,-58.3825,-71.2741,-58.3825,-71.271853581673,-58.381711530353186,0.2513713276255688
a43d,2002-10-15,-71.2741,-58.3825,-71.2741,-58.3825,-71.27221674155594,-58.3851238284318,0.2294039526723473
a43d,2002-10-16,-71.2741,-58.3825,-71.2741,-58.3825,-71.26647009639899,-58.389516442962886,0.8846217161898907
a43d,2002-10-17,-71.2741,-58.3825,-71.2741,-58.3825,-71.26592896990768,-58.38665414995745,0.9206047597288413
a43d,2002-10-18,-71.2741,-58.3825,-71.2741,-58.3825,-71.27155178159228,-58.38255143361607,0.2833549085012303
a43d,2002-10-19,-71.2741,-58.3825,-71.2741,-58.3825,-71.27162129665912,-58.38180884459206,0.27672151397834094
a43d,2002-10-20,-71.2741,-58.3825,-71.2741,-58.3825,-71.27162671091708,-58.381635497938305,0.27674354429188597
a43d,2002-10-21,-71.2741,-58.3825,-71.2741,-58.3825,-71.26600740437577,-58.38651438943337,0.9111999228384425
a43d,2002-10-22,-71.2741,-58.3825,-71.2741,-58.3825,-71.26359361705292,-58.3892367479901,1.192765545481446
a43d,2002-10-23,-71.2741,-58.3825,-71.2741,-58.3825,-71.26709339828169,-58.4003086162288,1.0056335384874233
a43d,2002-10-24,-71.2741,-58.3825,-71.2741,-58.3825,-71.26390698749108,-58.38555888108644,1.1386620363429014
a43d,2002-10-25,-71.2741,-58.3825,-71.2741,-58.3825,-71.26566221405794,-58.384868610951685,0.942043023072786
a43d,2002-10-26,-71.2741,-58.3825,-71.2741,-58.3825,-71.27119660613778,-58.38260732010275,0.3228654018622436
a43d,2002-10-27,-71.2741,-58.3825,-71.2741,-58.3825,-71.27256365305577,-58.38391805905813,0.17817701375677986
a43d,2002-10-28,-71.2741,-58.3825,-71.2741,-58.3825,-71.27180538129858,-58.38209288019365,0.25556358596588225
a43d,2002-10-29,-71.2741,-58.3825,-71.2741,-58.3825,-71.27245728153972,-58.384280380922036,0.19340407364324586
a43d,2002-10-30,-71.2741,-58.3825,-71.2741,-58.3825,-71.27242802494095,-58.3841715776214,0.19525757675265298
a43d,2002-10-31,-71.2741,-58.3825,-71.2741,-58.3825,-71.27263101169821,-58.385088600036966,0.18767312703543126
a43d,2002-11-01,-71.2741,-58.3825,-71.2741,-58.3825,-71.27214963633907,-58.38611249050393,0.252319204896282
a43d,2002-11-02,-71.2741,-58.3825,-71.2741,-58.3825,-71.26649398827064,-58.388747202381836,0.874669901190017
a43d,2002-11-03,-71.2741,-58.3825,-71.2741,-58.3825,-71.27129097391814,-58.38125512238656,0.3154954227517586
a43d,2002-11-04,-71.2741,-58.3825,-71.2741,-58.3825,-71.27246176862208,-58.38460942908253,0.19711504494176202
a43d,2002-11-05,-71.2741,-58.3825,-71.2741,-58.3825,-71.27197006285031,-58.38226197534284,0.2369905968388755
a43d,2002-11-06,-71.2741,-58.3825,-71.2741,-58.3825,-71.26498952175764,-58.39496584432422,1.1065136776946058
a43d,2002-11-07,-71.2741,-58.3825,-71.2741,-58.3825,-71.23398065748754,-58.39065337237042,4.470571880688957
a43d,2002-11-08,-71.2741,-58.3825,-71.2741,-58.3825,-71.26632757569396,-58.39594258651054,0.9885887897834935
a43d,2002-11-09,-71.2741,-58.3825,-71.2741,-58.3825,-71.27116299892609,-58.378314694355694,0.3591382308288916
a43d,2002-11-10,-71.2741,-58.3825,-71.2741,-58.3825,-71.27225825379537,-58.385290182809825,0.22773245831243544
a43d,2002-11-11,-71.2741,-58.3825,-71.2741,-58.3825,-71.27142442373129,-58.382096144915096,0.29785965944665044
a43d,2002-11-12,-71.2741,-58.3825,-71.2741,-58.3825,-71.27162129665912,-58.38180884459206,0.27672151397834094
a43d,2002-11-13,-71.2741,-58.3825,-71.2741,-58.3825,-71.27226151156346,-58.382751067579775,0.2046269813101613
a43d,2002-11-14,-71.2741,-58.3825,-71.2741,-58.3825,-71.27226525111487,-58.38429231727298,0.21381337659454006
a43d,2002-11-15,-71.2741,-58.3825,-71.2741,-58.3825,-71.27156695617444,-58.38250799235547,0.2816617668951636
a43d,2002-11-16,-71.2741,-58.3825,-71.2741,-58.3825,-71.27163066068066,-58.38170333148588,0.27604708577761716
a43d,2002-11-17,-71.2741,-58.3825,-71.2741,-58.3825,-71.27194165009547,-58.38206774673674,0.24049315911295363
a43d,2002-11-18,-71.2741,-58.3825,-71.2741,-58.3825,-71.27228665185784,-58.38537082429926,0.2261868389529782
a43d,2002-11-19,-71.2741,-58.3825,-71.2741,-58.3825,-71.27258483109816,-58.38415631954072,0.17855403565519293
a43d,2002-11-20,-71.2741,-58.3825,-71.2741,-58.3825,-71.27179332141462,-58.38127491215428,0.26019309145722386
a43d,2002-11-21,-71.2741,-58.3825,-71.2741,-58.3825,-71.2722709325781,-58.385299446568396,0.22661113567571575
a43d,2002-11-22,-71.2741,-58.3825,-71.2741,-58.3825,-71.27251131845549,-58.384989337150586,0.19774726943106388
a43d,2002-11-23,-71.2741,-58.3825,-71.2741,-58.3825,-71.27263046391475,-58.384333909560524,0.17603253875320127
a43d,2002-11-24,-71.2741,-58.3825,-71.2741,-58.3825,-71.27252100740729,-58.384512689809966,0.18970941025630117
a43d,2002-11-25,-71.2741,-58.3825,-71.2741,-58.3825,-71.27188041389284,-58.38243796408189,0.2468166508270222
a43d,2002-11-26,-71.2741,-58.3825,-71.2741,-58.3825,-71.2716310947001,-58.38168632013364,0.27606232564457894
a43d,2002-11-27,-71.2741,-58.3825,-71.2741,-58.3825,-71.27243599520878,-58.384186387818644,0.19457685210152212
a43d,2002-11-28,-71.2741,-58.3825,-71.2741,-58.3825,-71.27201822598057,-58.38227468595329,0.23162242173264946
a43d,2002-11-29,-71.2741,-58.3825,-71.2741,-58.3825,-71.2723706550179,-58.38423799244313,0.20205648143847135
a43d,2002-11-30,-71.2741,-58.3825,-71.2741,-58.3825,-71.27226873568868,-58.38504252253438,0.22294133329969568
a43d,2002-12-01,-71.2741,-58.3825,-71.2741,-58.3825,-71.27216138987012,-58.382688694687715,0.2156688419116358
a43d,2002-12-02,-71.2741,-58.3825,-71.2741,-58.3825,-71.27288779446367,-58.382904457846266,0.13556224561146474
a43d,2002-12-03,-71.2741,-58.3825,-71.2741,-58.3825,-71.27217584241416,-58.38473076077605,0.22829720995194747
a43d,2002-12-04,-71.2741,-58.3825,-71.2741,-58.3825,-71.2722637848607,-58.38376008537958,0.20907465835688355
a43d,2002-12-05,-71.2741,-58.3825,-71.2741,-58.3825,-71.27215997820868,-58.38332535971041,0.21772361341989813
a43d,2002-12-06,-71.2741,-58.3825,-71.2741,-58.3825,-71.2714772519627,-58.38050609422632,0.30019795834805213
a43d,2002-12-07,-71.2741,-58.3825,-71.2741,-58.3825,-71.27260555653729,-58.38422922059533,0.17727057572072008
a43d,2002-12-08,-71.2741,-58.3825,-71.2741,-58.3825,-71.27159511174834,-58.38078125853065,0.2852095244917309
a43d,2002-12-09,-71.2741,-58.3825,-71.2741,-58.3825,-71.27237564595104,-58.38498831577624,0.21131768969783798
a43d,2002-12-10,-71.2741,-58.3825,-71.2741,-58.3825,-71.2725023005431,-58.38511284265995,0.20065484713754247
a43d,2002-12-11,-71.2741,-58.3825,-71.2961,-58.2376,-71.27255268851661,-58.38506014705723,5.8767999066203265
a43d,2002-12-12,-71.2961,-58.2376,-71.2961,-58.2376,-71.2907309022248,-58.22780655347009,0.6916728199119817
a43d,2002-12-13,-71.2961,-58.2376,-71.2961,-58.2376,-71.2933424499103,-58.24541411072178,0.41432690322452786
a43d,2002-12-14,-71.2961,-58.2376,-71.2961,-58.2376,-71.2945099537623,-58.240500668965666,0.20483877911432635
a43d,2002-12-15,-71.2961,-58.2376,-71.2961,-58.2376,-71.28723912026935,-58.24189723481692,0.997134040870878
a43d,2002-12-16,-71.2961,-58.2376,-71.2961,-58.2376,-71.28676747473196,-58.243739368239744,1.0605798503594184
a43d,2002-12-17,-71.2961,-58.2376,-71.2961,-58.2376,-71.29379960453717,-58.23726943025051,0.25606378400965696
a43d,2002-12-18,-71.2961,-58.2376,-71.2961,-58.2376,-71.29399054824124,-58.238169573456844,0.23543805594478912
a43d,2002-12-19,-71.2961,-58.2376,-71.2961,-58.2376,-71.29421255617652,-58.23956538175685,0.22126679781025313
a43d,2002-12-20,-71.2961,-58.2376,-71.2961,-58.2376,-71.29351626896107,-58.236557381279454,0.2896935604387813
a43d,2002-12-21,-71.2961,-58.2376,-71.2961,-58.2376,-71.29368077445173,-58.23407065120216,0.29699130187988015
a43d,2002-12-22,-71.2961,-58.2376,-71.2961,-58.2376,-71.29368855821964,-58.23743390331053,0.26820550095462714
a43d,2002-12-23,-71.2961,-58.2376,-71.2961,-58.2376,-71.29438402266636,-58.238674686964174,0.19461834974111067
a43d,2002-12-24,-71.2961,-58.2376,-71.2961,-58.2376,-71.2939340231827,-58.23789803981796,0.24108001509743773
a43d,2002-12-25,-71.2961,-58.2376,-71.2961,-58.2376,-71.29356833362611,-58.23686850047281,0.28271443893359993
a43d,2002-12-26,-71.2961,-58.2376,-71.2961,-58.2376,-71.29334962715636,-58.23738195258113,0.3059263376850152
a43d,2002-12-27,-71.2961,-58.2376,-71.2961,-58.2376,-71.29387587540107,-58.238612930935616,0.24993525449646484
a43d,2002-12-28,-71.2961,-58.2376,-71.2961,-58.2376,-71.29437420043988,-58.23955692754362,0.20419424176239312
a43d,2002-12-29,-71.2961,-58.2376,-71.2961,-58.2376,-71.29423605006389,-58.23869996385223,0.2109406833376029
a43d,2002-12-30,-71.2961,-58.2376,-71.2961,-58.2376,-71.29275225999118,-58.23773533507298,0.37228298836441004
a48,2002-03-18,-65.0507,-58.4448,-65.0371,-58.4816,-65.04675214487861,-58.433457055909926,2.50084465182237
a48,2002-03-19,-65.0371,-58.4816,-65.0117,-58.5498,-65.02514762273418,-58.49710396423163,2.8913273326518403
a48,2002-03-20,-65.0117,-58.5498,-64.9981,-58.5866,-64.99276873841421,-58.563559917811986,1.2345492991812415
a48,2002-03-21,-64.9981,-58.5866,-64.9981,-58.5866,-64.9776001386385,-58.594877540546776,2.3124618583056544
a48,2002-03-22,-64.9981,-58.5866,-65.0426,-58.3762,-64.98706266753383,-58.5649031736221,10.802111621924116
a48,2002-03-23,-65.0426,-58.3762,-65.0426,-58.3762,-65.03888462152791,-58.31317861053836,2.985767470287682
a48,2002-03-24,-65.0426,-58.3762,-65.0426,-58.3762,-65.03228792364435,-58.32227398778468,2.778256580439136
a48,2002-03-25,-65.0426,-58.3762,-65.0426,-58.3762,-65.03673093799894,-58.35838854429707,1.0603833549286532
a48,2002-03-26,-65.0426,-58.3762,-65.0426,-58.3762,-65.03813550079118,-58.364682389548676,0.7338297907906401
a48,2002-03-27,-65.0426,-58.3762,-65.0426,-58.3762,-65.02733486330352,-58.315234244897084,3.326819856275472
a48,2002-03-28,-65.0426,-58.3762,-65.0426,-58.3762,-65.0319011491416,-58.33700561579897,2.190499162184371
a48,2002-03-29,-65.0426,-58.3762,-65.0138,-58.4754,-65.03648417190274,-58.35997786021494,5.977214917507867
a48,2002-03-30,-65.0138,-58.4754,-65.0138,-58.4754,-64.99524178861854,-58.49206007767981,2.207055546183591
a48,2002-03-31,-65.0138,-58.4754,-64.9338,-58.5772,-65.01186279203051,-58.505760977381044,9.30800149139078
a48,2002-04-01,-64.9338,-58.5772,-64.9484,-58.8635,-64.91152874747222,-58.590063300975416,13.519906456789284
a48,2002-04-02,-64.9484,-58.8635,-64.9508,-58.9625,-64.9435962441799,-58.99780052566139,1.845100499506153
a48,2002-04-03,-64.9508,-58.9625,-64.9844,-59.142,-64.95339401934076,-59.07184235089254,4.773015498396567
a48,2002-04-04,-64.9844,-59.142,-64.9828,-59.1359,-65.00369466281059,-59.270355612322504,6.733599710680483
a48,2002-04-05,-64.9828,-59.1359,-64.9828,-59.1359,-64.97232152453435,-59.161424339353374,1.6729366364043714
a48,2002-04-06,-64.9828,-59.1359,-64.9784,-59.1461,-64.97700940516268,-59.11339724126074,1.5458362302804807
a48,2002-04-07,-64.9784,-59.1461,-64.9688,-59.1685,-64.96961530639125,-59.141300386222525,1.2828718887018618
a48,2002-04-08,-64.9688,-59.1685,-64.9592,-59.1908,-64.94808343111318,-59.15625304168407,2.0427311644452106
a48,2002-04-09,-64.9592,-59.1908,-64.9548,-59.201,-64.94662987086612,-59.19764185214666,0.9221312635108917
a48,2002-04-10,-64.9548,-59.201,-64.9548,-59.201,-64.9331059383583,-59.16960250684252,2.8293418287347936
a48,2002-04-11,-64.9548,-59.201,-64.9548,-59.201,-64.921425728692,-59.141677697111234,4.645360971275443
a48,2002-04-12,-64.9548,-59.201,-64.9751,-59.3678,-64.95069672241169,-59.18769218938684,8.899338905545537
a48,2002-04-13,-64.9751,-59.3678,-64.9751,-59.3678,-64.9732249011869,-59.379550614689876,0.5907487245280622
a48,2002-04-14,-64.9751,-59.3678,-64.9751,-59.3678,-64.97471982499549,-59.3834780484235,0.7386610909912881
a48,2002-04-15,-64.9751,-59.3678,-64.9471,-59.4378,-64.96744913373092,-59.336432927310824,5.280517177548992
a48,2002-04-16,-64.9471,-59.4378,-64.9471,-59.4378,-64.93424007225984,-59.439414083587366,1.431977946581337
a48,2002-04-17,-64.9471,-59.4378,-64.903,-59.4483,-64.93320157947157,-59.41872000333716,3.6362114033773
a48,2002-04-18,-64.903,-59.4483,-64.903,-59.4483,-64.87107629786354,-59.45264891570474,3.5556816132187756
a48,2002-04-19,-64.903,-59.4483,-64.903,-59.4483,-64.89212789319166,-59.42738504402445,1.5604232802762812
a48,2002-04-20,-64.903,-59.4483,-64.903,-59.4483,-64.8993830512319,-59.432056248925974,0.8653103916638109
a48,2002-04-21,-64.903,-59.4483,-64.903,-59.4483,-64.89880545384662,-59.434591785076634,0.7972479553014066
a48,2002-04-22,-64.903,-59.4483,-64.903,-59.4483,-64.89901462082554,-59.43638995653478,0.7155149014781677
a48,2002-04-23,-64.903,-59.4483,-64.903,-59.4483,-64.88959779954311,-59.409652342735995,2.3547783246260523
a48,2002-04-24,-64.903,-59.4483,-64.8611,-59.3767,-64.89861785430884,-59.43426155849863,4.978630810540632
a48,2002-04-25,-64.8611,-59.3767,-64.8611,-59.3767,-64.84387825509151,-59.36467417661757,1.9975030047591011
a48,2002-04-26,-64.8611,-59.3767,-64.8611,-59.3767,-64.84808748081271,-59.34414346715087,2.1118263931354178
a48,2002-04-27,-64.8611,-59.3767,-64.8611,-59.3767,-64.85129082665726,-59.346027988527624,1.813739659424442
a48,2002-04-28,-64.8611,-59.3767,-64.8611,-59.3767,-64.85667257345901,-59.36197651902813,0.8521504840969635
a48,2002-04-29,-64.8611,-59.3767,-64.8611,-59.3767,-64.85661216785445,-59.361920894592316,0.858185591371972
a48,2002-04-30,-64.8611,-59.3767,-64.8611,-59.3767,-64.85672231698122,-59.36235107130034,0.8345313516021033
a48,2002-05-01,-64.8611,-59.3767,-64.8274,-59.2432,-64.85607594682536,-59.35911620926848,6.33972952095399
a48,2002-05-02,-64.8274,-59.2432,-64.8274,-59.2432,-64.81606613415178,-59.22123897605215,1.6332728139701427
a48,2002-05-03,-64.8274,-59.2432,-64.8274,-59.2432,-64.82100148962918,-59.2140031371524,1.5535637937870246
a48,2002-05-04,-64.8274,-59.2432,-64.8274,-59.2432,-64.82401405853689,-59.23071734755558,0.7002494224311056
a48,2002-05-05,-64.8274,-59.2432,-64.8274,-59.2432,-64.82268550585191,-59.22254695282774,1.1086694932091976
a48,2002-05-06,-64.8274,-59.2432,-64.8274,-59.2432,-64.82281857417284,-59.224903510565724,1.0042367936452044
a48,2002-05-07,-64.8274,-59.2432,-64.8274,-59.2432,-64.82374737395601,-59.2285701960332,0.8023727450294879
a48,2002-05-08,-64.8274,-59.2432,-64.8274,-59.2432,-64.82186064563729,-59.223855512143615,1.1030188229765197
a48,2002-05-09,-64.8274,-59.2432,-64.756,-59.0237,-64.81657167970732,-59.20434135756821,10.889497465665542
a48,2002-05-10,-64.756,-59.0237,-64.756,-59.0237,-64.71986731577496,-59.00304117620311,4.135642248364087
a48,2002-05-11,-64.756,-59.0237,-64.756,-59.0237,-64.71675341611484,-58.95836975827572,5.353193888742602
a48,2002-05-12,-64.756,-59.0237,-64.756,-59.0237,-64.74147846322217,-58.9695484594388,3.0340222353986808
a48,2002-05-13,-64.756,-59.0237,-64.756,-59.0237,-64.74692454933175,-58.99164512461361,1.8247867064838403
a48,2002-05-14,-64.756,-59.0237,-64.756,-59.0237,-64.70914029073826,-58.95214194125191,6.2197383509713475
a48,2002-05-15,-64.756,-59.0237,-64.7448,-59.0335,-64.7505886885859,-59.0104808474633,1.267539522441283
a48,2002-05-16,-64.7448,-59.0335,-64.7689,-59.0603,-64.72772181010845,-59.03108585092971,4.783915594962207
a48,2002-05-17,-64.7689,-59.0603,-64.7587,-59.0544,-64.77320095122445,-59.057030187342605,1.6172455777054893
a48,2002-05-18,-64.7587,-59.0544,-64.7598,-59.0349,-64.743663968286,-59.0535916503144,2.0013124035838077
a48,2002-05-19,-64.7598,-59.0349,-64.7573,-59.0587,-64.75249537659096,-58.99915555607035,2.8739108447874018
a48,2002-05-20,-64.7573,-59.0587,-64.7598,-59.0349,-64.75159754417108,-59.06006892056082,1.5021576884560177
a48,2002-05-21,-64.7598,-59.0349,-64.7539,-59.0575,-64.75018391764011,-59.00008457602888,2.7543103869531627
a48,2002-05-22,-64.7539,-59.0575,-64.7527,-59.0188,-64.74396645871566,-59.0565751132977,2.038107832976697
a48,2002-05-23,-64.7527,-59.0188,-64.7514,-58.9802,-64.7504493624542,-59.01342313320323,1.5793364660617315
a48,2002-05-24,-64.7514,-58.9802,-64.745,-58.9891,-64.74795967578514,-58.94555888889023,2.091576752544195
a48,2002-05-25,-64.745,-58.9891,-64.7552,-58.995,-64.73169565147218,-58.97732263753929,2.744832219622942
a48,2002-05-26,-64.7552,-58.995,-64.7399,-58.9356,-64.75206027590146,-58.96701921970383,2.0124487609963024
a48,2002-05-27,-64.7399,-58.9356,-64.7221,-58.9215,-64.73129143484367,-58.89385897078262,1.663266772155312
a48,2002-05-28,-64.7221,-58.9215,-64.7327,-58.8095,-64.69965554714298,-58.8917854007034,5.363997011072548
a48,2002-05-29,-64.7327,-58.8095,-64.7433,-58.683,-64.72628294102523,-58.731832210471296,2.9918873085803246
a48,2002-05-30,-64.7433,-58.683,-64.6957,-58.647,-64.74864476134142,-58.623622075133085,5.9909192639775375
a48,2002-05-31,-64.6957,-58.647,-64.6894,-58.656,-64.671932031037,-58.57339319461826,4.382248092323139
a48,2002-06-01,-64.6894,-58.656,-64.7161,-58.6585,-64.66270579683608,-58.62482303806476,6.149226012073082
a48,2002-06-02,-64.7161,-58.6585,-64.7045,-58.6142,-64.73076997087738,-58.654663535946526,3.496456215953293
a48,2002-06-03,-64.7045,-58.6142,-64.6729,-58.6592,-64.69510848433848,-58.584178754822574,4.338502660127883
a48,2002-06-04,-64.6729,-58.6592,-64.6941,-58.629,-64.65315549670149,-58.65687298292994,4.741936561468629
a48,2002-06-05,-64.6941,-58.629,-64.6966,-58.6053,-64.69596397593995,-58.62096033127702,0.7476340414055608
a48,2002-06-06,-64.6966,-58.6053,-64.6966,-58.6053,-64.69789156221998,-58.582485634171405,1.0937194826353889
a48,2002-06-07,-64.6966,-58.6053,-64.7195,-58.6072,-64.692805424288,-58.59339074385221,3.039940312329645
a48,2002-06-08,-64.7195,-58.6072,-64.7055,-58.5866,-64.71742722765437,-58.56573159751075,1.6557483939962208
a48,2002-06-09,-64.7055,-58.5866,-64.702,-58.6047,-64.69049306200175,-58.56279892750885,2.3670427181080034
a48,2002-06-10,-64.702,-58.6047,-64.7045,-58.5809,-64.68906779884061,-58.60734192498316,2.12692633363172
a48,2002-06-11,-64.7045,-58.5809,-64.7083,-58.5956,-64.6907820297405,-58.53709146569298,3.394824060932385
a48,2002-06-12,-64.7083,-58.5956,-64.7083,-58.5956,-64.70703888964144,-58.59242469254134,0.2059594651689439
a48,2002-06-13,-64.7083,-58.5956,-64.7122,-58.6104,-64.70415955230399,-58.57759534946655,1.7966552969878555
a48,2002-06-14,-64.7122,-58.6104,-64.735,-58.5981,-64.71189620882,-58.6101032224619,2.6314770845278286
a48,2002-06-15,-64.735,-58.5981,-64.6996,-58.6284,-64.73880646283165,-58.56371594964308,5.332966522244204
a48,2002-06-16,-64.6996,-58.6284,-64.7182,-58.5005,-64.68675957544977,-58.62108885724834,6.712183762644565
a48,2002-06-17,-64.7182,-58.5005,-64.7255,-58.4972,-64.70841699233496,-58.44019753566906,3.3070307015288876
a48,2002-06-18,-64.7255,-58.4972,-64.7255,-58.4972,-64.70214057785829,-58.43482257694174,3.9400658345372968
a48,2002-06-19,-64.7255,-58.4972,-64.7255,-58.4972,-64.72054476743023,-58.4765323152337,1.1254044861025034
a48,2002-06-20,-64.7255,-58.4972,-64.7255,-58.4972,-64.72129920579397,-58.480192752275684,0.9328576814166961
a48,2002-06-21,-64.7255,-58.4972,-64.7255,-58.4972,-64.71266119422204,-58.4435621435826,2.919874730775828
a48,2002-06-22,-64.7255,-58.4972,-64.7255,-58.4972,-64.72049404990287,-58.47847864324416,1.048789051333036
a48,2002-06-23,-64.7255,-58.4972,-64.7255,-58.4972,-64.72156498531433,-58.4851480488486,0.7203326051254091
a48,2002-06-24,-64.7255,-58.4972,-64.7255,-58.4972,-64.7206568508391,-58.47923410691769,1.0087854975941555
a48,2002-06-25,-64.7255,-58.4972,-64.7255,-58.4972,-64.72027882538855,-58.47691517547281,1.1245713561715744
a48,2002-06-26,-64.7255,-58.4972,-64.7255,-58.4972,-64.72088164315875,-58.47810899624595,1.0417931839126424
a48,2002-06-27,-64.7255,-58.4972,-64.7255,-58.4972,-64.72083819286244,-58.47750977098728,1.0689746195971752
a48,2002-06-28,-64.7255,-58.4972,-64.7255,-58.4972,-64.70530575676852,-58.44517234746533,3.3388392482320013
a48,2002-06-29,-64.7255,-58.4972,-64.7255,-58.4972,-64.72032962603124,-58.48814238928358,0.7179682756172183
a48,2002-06-30,-64.7255,-58.4972,-64.7255,-58.4972,-64.72073095344918,-58.48819806858549,0.681093340150114
a48,2002-07-01,-64.7255,-58.4972,-64.7255,-58.4972,-64.72200739284754,-58.48763957350107,0.5973783191382298
a48,2002-07-02,-64.7255,-58.4972,-64.7255,-58.4972,-64.7207854829506,-58.47946511657179,0.9918931791186498
a48,2002-07-03,-64.7255,-58.4972,-64.7255,-58.4972,-64.72149747494399,-58.48463950276468,0.7441241710400963
a48,2002-07-04,-64.7255,-58.4972,-64.7255,-58.4972,-64.72185479572747,-58.483403408286605,0.7703050801960232
a48,2002-07-05,-64.7255,-58.4972,-64.7303,-58.3814,-64.70734437357734,-58.43767185516677,3.6954106190850142
a48,2002-07-06,-64.7303,-58.3814,-64.7109,-58.3077,-64.72094215663354,-58.30074879011127,1.164414896714433
a48,2002-07-07,-64.7109,-58.3077,-64.6901,-58.2851,-64.69052785044012,-58.23310480749039,2.4721542750912753
a48,2002-07-08,-64.6901,-58.2851,-64.6901,-58.2851,-64.66812382108617,-58.261845893889614,2.682230853758177
a48,2002-07-09,-64.6901,-58.2851,-64.6901,-58.2851,-64.67534580120304,-58.24750886805029,2.426230536312255
a48,2002-07-10,-64.6901,-58.2851,-64.7455,-58.2528,-64.68591661144646,-58.26643847476407,6.656957363360131
a48,2002-07-11,-64.7455,-58.2528,-64.7455,-58.2528,-64.76304799387178,-58.234114721885206,2.143040241848092
a48,2002-07-12,-64.7455,-58.2528,-64.7534,-58.1527,-64.73900237579726,-58.234939550919194,4.217061388436704
a48,2002-07-13,-64.7534,-58.1527,-64.7455,-58.2528,-64.74448505280331,-58.0924425625054,7.60836331238912
a48,2002-07-14,-64.7455,-58.2528,-64.7455,-58.2528,-64.73305587524412,-58.229844572239074,1.7610163864503738
a48,2002-07-15,-64.7455,-58.2528,-64.7282,-58.1893,-64.7308584911027,-58.25841957153946,3.2942721783342592
a48,2002-07-16,-64.7282,-58.1893,-64.7282,-58.1893,-64.71378305621184,-58.123808545517164,3.4986286766510273
a48,2002-07-17,-64.7282,-58.1893,-64.7282,-58.1893,-64.72177392894783,-58.168534724002356,1.2175749290860227
a48,2002-07-18,-64.7282,-58.1893,-64.7282,-58.1893,-64.72397480836601,-58.17555876674345,0.8039262438868849
a48,2002-07-19,-64.7282,-58.1893,-64.7282,-58.1893,-64.71917028705225,-58.15889453915909,1.7584445313098098
a48,2002-07-20,-64.7282,-58.1893,-64.7282,-58.1893,-64.72375888460948,-58.18384518813525,0.5576109718370936
a48,2002-07-21,-64.7282,-58.1893,-64.7282,-58.1893,-64.71823542257206,-58.152682878459274,2.061615781706805
a48,2002-07-22,-64.7282,-58.1893,-64.7282,-58.1893,-64.72409093894271,-58.17650215169823,0.7601982301051551
a48,2002-07-23,-64.7282,-58.1893,-64.7282,-58.1893,-64.72281943113508,-58.170209220045436,1.0860041835464922
a48,2002-07-24,-64.7282,-58.1893,-64.7282,-58.1893,-64.72391050222463,-58.17620481193411,0.7835770156555638
a48,2002-07-25,-64.7282,-58.1893,-64.7255,-58.1812,-64.72395573057344,-58.176377810918524,0.2861820044623644
a48,2002-07-26,-64.7255,-58.1812,-64.7216,-58.1665,-64.72130613133584,-58.17819686076969,0.5563552491670493
a48,2002-07-27,-64.7216,-58.1665,-64.7231,-58.205,-64.71505135937275,-58.14595887632683,2.943038161715741
a48,2002-07-28,-64.7231,-58.205,-64.7153,-58.1756,-64.72204949986697,-58.22114988090428,2.289542006911713
a48,2002-07-29,-64.7153,-58.1756,-64.7222,-58.2674,-64.70791705564909,-58.17363768782633,4.727846727012706
a48,2002-07-30,-64.7222,-58.2674,-64.7566,-58.0501,-64.71790920234199,-58.2811083309072,11.776397778551917
a48,2002-07-31,-64.7566,-58.0501,-64.7566,-58.0501,-64.74977119589948,-58.03137512169313,1.1684298331493546
a48,2002-08-01,-64.7566,-58.0501,-64.7566,-58.0501,-64.7442879745009,-57.86580514533756,8.847934682618
a48,2002-08-02,-64.7566,-58.0501,-64.7566,-58.0501,-64.75016712081523,-58.03074864082285,1.1635936379145697
a48,2002-08-03,-64.7566,-58.0501,-64.7566,-58.0501,-64.74995499620474,-58.030096632786666,1.2024860122135668
a48,2002-08-04,-64.7566,-58.0501,-64.7566,-58.0501,-64.7502631923707,-58.029988517664776,1.1858534752037055
a48,2002-08-05,-64.7566,-58.0501,-64.7566,-58.0501,-64.75121227864524,-58.035301249571006,0.9227571404051308
a48,2002-08-06,-64.7566,-58.0501,-64.7566,-58.0501,-64.75069784946236,-58.03249562511884,1.0619690722848885
a48,2002-08-07,-64.7566,-58.0501,-64.7566,-58.0501,-64.75020890677735,-58.0309922643481,1.1516287633301583
a48,2002-08-08,-64.7566,-58.0501,-64.7566,-58.0501,-64.75003258902304,-58.031243155787124,1.1545908645196605
a48,2002-08-09,-64.7566,-58.0501,-64.7566,-58.0501,-64.7507235042303,-58.03181974571389,1.085630267566076
a48,2002-08-10,-64.7566,-58.0501,-64.7566,-58.0501,-64.75085668318953,-58.033270501007905,1.0221990597251729
a48,2002-08-11,-64.7566,-58.0501,-64.7566,-58.0501,-64.75037755253015,-58.03076989908223,1.1485498972244914
a48,2002-08-12,-64.7566,-58.0501,-64.7566,-58.0501,-64.75024640358403,-58.03039554461833,1.171508260233969
a48,2002-08-13,-64.7566,-58.0501,-64.7566,-58.0501,-64.75136385585722,-58.036418766972275,0.871770384407318
a48,2002-08-14,-64.7566,-58.0501,-64.7566,-58.0501,-64.7513551540632,-58.03536529696423,0.9101871963545106
a48,2002-08-15,-64.7566,-58.0501,-64.7566,-58.0501,-64.7371433724311,-58.00166694609507,3.155851918304609
a48,2002-08-16,-64.7566,-58.0501,-64.7566,-58.0501,-64.7510281643617,-58.03316329621029,1.0144149973147991
a48,2002-08-17,-64.7566,-58.0501,-64.7566,-58.0501,-64.75139467373302,-58.03534256223868,0.908207995444266
a48,2002-08-18,-64.7566,-58.0501,-64.7566,-58.0501,-64.74991964148334,-58.03028339806046,1.197944463989413
a48,2002-08-19,-64.7566,-58.0501,-64.7566,-58.0501,-64.75050840035499,-58.03049537625603,1.1503396974519762
a48,2002-08-20,-64.7566,-58.0501,-64.7566,-58.0501,-64.74538463949987,-58.022708067154184,1.8008869008907986
a48,2002-08-21,-64.7566,-58.0501,-64.7566,-58.0501,-64.74971845399033,-58.03963632486514,0.9120264643152914
a48,2002-08-22,-64.7566,-58.0501,-64.7566,-58.0501,-64.74938212349011,-58.028264810630404,1.310181219683041
a48,2002-08-23,-64.7566,-58.0501,-64.7566,-58.0501,-64.7492233471623,-58.02661002590639,1.3834523359490492
a48,2002-08-24,-64.7566,-58.0501,-64.7566,-58.0501,-64.75034927815716,-58.04129712488178,0.8107944722620178
a48,2002-08-25,-64.7566,-58.0501,-64.7566,-58.0501,-64.75145868740263,-58.037688975380746,0.8205312804876931
a48,2002-08-26,-64.7566,-58.0501,-64.7566,-58.0501,-64.7495574210275,-58.027366871874705,1.332544840654002
a48,2002-08-27,-64.7566,-58.0501,-64.7566,-58.0501,-64.75047810694632,-58.029824882094076,1.178133927255303
a48,2002-08-28,-64.7566,-58.0501,-64.7566,-58.0501,-64.7505257014629,-58.032154456657935,1.0865331593521064
a48,2002-08-29,-64.7566,-58.0501,-64.7566,-58.0501,-64.75077135280831,-58.0320283856212,1.0745267840088328
a48,2002-08-30,-64.7566,-58.0501,-64.7566,-58.0501,-64.75066674343724,-58.03312176322329,1.0409743915729708
a48,2002-08-31,-64.7566,-58.0501,-64.7566,-58.0501,-64.75068455268527,-58.034735624818865,0.9816399808133064
a48,2002-09-01,-64.7566,-58.0501,-64.7566,-58.0501,-64.74771714469135,-58.03142489570443,1.3266984014951713
a48,2002-09-02,-64.7566,-58.0501,-64.7566,-58.0501,-64.74421864769373,-58.013757304313316,2.206100019478637
a48,2002-09-03,-64.7566,-58.0501,-64.7566,-58.0501,-64.74924237197972,-58.02545984558523,1.4265317971323255
a48,2002-09-04,-64.7566,-58.0501,-64.7566,-58.0501,-64.74690613120646,-58.01753292532544,1.8835526958368953
a48,2002-09-05,-64.7566,-58.0501,-64.7566,-58.0501,-64.74919505367654,-58.02593430932339,1.4112212026945814
a48,2002-09-06,-64.7566,-58.0501,-64.7566,-58.0501,-64.75024578217608,-58.03397871123964,1.041054160764633
a48,2002-09-07,-64.7566,-58.0501,-64.7798,-57.959,-64.75083539964709,-58.03406963766527,4.799728650892311
a48,2002-09-08,-64.7798,-57.959,-64.7798,-57.959,-64.78554815571552,-57.919526318323676,1.976275898027743
a48,2002-09-09,-64.7798,-57.959,-64.7657,-57.8641,-64.77635701549504,-57.93371044092039,3.505572632316463
a48,2002-09-10,-64.7657,-57.8641,-64.7657,-57.8641,-64.75142971173877,-57.803849074640155,3.2680187901772824
a48,2002-09-11,-64.7657,-57.8641,-64.7657,-57.8641,-64.75898732580877,-57.83543613260932,1.5504642134290498
a48,2002-09-12,-64.7657,-57.8641,-64.7657,-57.8641,-64.76242551857914,-57.85062783983162,0.7351792740838525
a48,2002-09-13,-64.7657,-57.8641,-64.7841,-57.7695,-64.76164770724469,-57.84980620166324,4.551664206828753
a48,2002-09-14,-64.7841,-57.7695,-64.7717,-57.8769,-64.78638973408157,-57.71902570462515,7.656549402720202
a48,2002-09-15,-64.7717,-57.8769,-64.7795,-57.9811,-64.76487792218983,-57.84999179231556,6.4228526823590855
a48,2002-09-16,-64.7795,-57.9811,-64.7795,-57.9811,-64.77808284518622,-58.01282853819146,1.5115893902667163
a48,2002-09-17,-64.7795,-57.9811,-64.7795,-57.9811,-64.77944315998874,-58.01093952798999,1.4138271304373824
a48,2002-09-18,-64.7795,-57.9811,-64.7795,-57.9811,-64.77547970927574,-57.96652670774917,0.8226106373428931
a48,2002-09-19,-64.7795,-57.9811,-64.7705,-57.8703,-64.77411813808526,-57.95887996519653,4.217314150020883
a48,2002-09-20,-64.7705,-57.8703,-64.7807,-57.8758,-64.76063092141663,-57.84857725538643,2.5777298109446165
a48,2002-09-21,-64.7807,-57.8758,-64.7807,-57.8758,-64.78137252683526,-57.85427552465072,1.0225204021101622
a48,2002-09-22,-64.7807,-57.8758,-64.7807,-57.8758,-64.77563683257766,-57.85683832735073,1.0602799622042216
a48,2002-09-23,-64.7807,-57.8758,-64.7807,-57.8758,-64.7766544183237,-57.85963310216707,0.8883402302373586
a48,2002-09-24,-64.7807,-57.8758,-64.7807,-57.8758,-64.77505910160234,-57.85256437903644,1.267118321967328
a48,2002-09-25,-64.7807,-57.8758,-64.7807,-57.8758,-64.76972779343909,-57.83812105797446,2.1625562355514463
a48,2002-09-26,-64.7807,-57.8758,-64.7804,-57.7676,-64.75409811001796,-57.81943003906861,3.819633218843671
a48,2002-09-27,-64.7804,-57.7676,-64.7883,-57.7969,-64.77032612888094,-57.722112541659115,4.068260266889195
a48,2002-09-28,-64.7883,-57.7969,-64.7807,-57.8758,-64.78998733332489,-57.79558031368241,3.9378505807866784
a48,2002-09-29,-64.7807,-57.8758,-64.7807,-57.8758,-64.77481644938118,-57.89497710917428,1.1196890376859048
a48,2002-09-30,-64.7807,-57.8758,-64.7807,-57.8758,-64.77571218067743,-57.86440727354223,0.7739560576439901
a48,2002-10-01,-64.7807,-57.8758,-64.7807,-57.8758,-64.77674775429472,-57.86119808428896,0.819641351692294
a48,2002-10-02,-64.7807,-57.8758,-64.7807,-57.8758,-64.77540103778382,-57.85541342429656,1.1314993385135335
a48,2002-10-03,-64.7807,-57.8758,-64.7807,-57.8758,-64.776988669447,-57.862525597763124,0.7522633574131052
a48,2002-10-04,-64.7807,-57.8758,-64.7663,-57.7475,-64.7773111378248,-57.863385473658326,5.627095326207279
a48,2002-10-05,-64.7663,-57.7475,-64.7663,-57.7475,-64.75963358776251,-57.73035739088459,1.1000006427664202
a48,2002-10-06,-64.7663,-57.7475,-64.7663,-57.7475,-64.75659497698952,-57.70526217487554,2.2748450497634893
a48,2002-10-07,-64.7663,-57.7475,-64.7663,-57.7475,-64.7550467806886,-57.702656558594526,2.46706758925693
a48,2002-10-08,-64.7663,-57.7475,-64.7663,-57.7475,-64.75016989976193,-57.692272220281524,3.1741080609557573
a48,2002-10-09,-64.7663,-57.7475,-64.7663,-57.7475,-64.76268235436275,-57.73439243606114,0.7402293598703724
a48,2002-10-10,-64.7663,-57.7475,-64.7663,-57.7475,-64.76294972282025,-57.736001275710564,0.6602517433835267
a48,2002-10-11,-64.7663,-57.7475,-64.7663,-57.7475,-64.76234466147353,-57.73273335909016,0.8267392844701937
a48,2002-10-12,-64.7663,-57.7475,-64.7663,-57.7475,-64.75704710307105,-57.713177885772325,1.9252534445760956
a48,2002-10-13,-64.7663,-57.7475,-64.7663,-57.7475,-64.76151382712759,-57.72721109210181,1.09927143821092
a48,2002-10-14,-64.7663,-57.7475,-64.7663,-57.7475,-64.76282657218793,-57.7357792054361,0.6766922394293511
a48,2002-10-15,-64.7663,-57.7475,-64.7663,-57.7475,-64.761460558174,-57.72786186992592,1.0753328779240843
a48,2002-10-16,-64.7663,-57.7475,-64.7663,-57.7475,-64.7589684856193,-57.71850515306451,1.5982034352828147
a48,2002-10-17,-64.7663,-57.7475,-64.7663,-57.7475,-64.76244413188444,-57.73311642822979,0.8054769721636355
a48,2002-10-18,-64.7663,-57.7475,-64.7663,-57.7475,-64.76299231775269,-57.736855652043204,0.6244263643938264
a48,2002-10-19,-64.7663,-57.7475,-64.7663,-57.7475,-64.76234939151696,-57.732955391202125,0.8175628335043936
a48,2002-10-20,-64.7663,-57.7475,-64.7663,-57.7475,-64.76294032161628,-57.73699849593383,0.6224201465974523
a48,2002-10-21,-64.7663,-57.7475,-64.7663,-57.7475,-64.76280036773187,-57.736196392357186,0.6622572122209314
a48,2002-10-22,-64.7663,-57.7475,-64.7663,-57.7475,-64.76107357444046,-57.72659417410277,1.1489273706507217
a48,2002-10-23,-64.7663,-57.7475,-64.7663,-57.7475,-64.75609548936346,-57.70893420088075,2.151965121815072
a48,2002-10-24,-64.7663,-57.7475,-64.7663,-57.7475,-64.75892834618325,-57.716247046601865,1.693324389289116
a48,2002-10-25,-64.7663,-57.7475,-64.7663,-57.7475,-64.76260725422249,-57.73004078550974,0.9239430320430689
a48,2002-10-26,-64.7663,-57.7475,-64.7663,-57.7475,-64.76291114374254,-57.7349597050098,0.703859561163509
a48,2002-10-27,-64.7663,-57.7475,-64.7663,-57.7475,-64.7614661201112,-57.72903707330124,1.0271512972269603
a48,2002-10-28,-64.7663,-57.7475,-64.7663,-57.7475,-64.75873165709369,-57.729077699776724,1.2128747557543593
a48,2002-10-29,-64.7663,-57.7475,-64.7663,-57.7475,-64.75734129147729,-57.73086510069851,1.2705771232052079
a48,2002-10-30,-64.7663,-57.7475,-64.681,-57.67,-64.76145825716166,-57.72832213810814,9.365348038138318
a48,2002-10-31,-64.681,-57.67,-64.681,-57.67,-64.65584441291135,-57.67050246560716,2.797275806834993
a48,2002-11-01,-64.681,-57.67,-64.681,-57.67,-64.65390522578257,-57.582855424842506,5.125135499279294
a48,2002-11-02,-64.681,-57.67,-64.681,-57.67,-64.67112225788001,-57.645712582335065,1.5939808574241885
a48,2002-11-03,-64.681,-57.67,-64.681,-57.67,-64.67634678246569,-57.650866979125766,1.0467412932535918
a48,2002-11-04,-64.681,-57.67,-64.681,-57.67,-64.6760582342003,-57.654239622088966,0.9293764312265381
a48,2002-11-05,-64.681,-57.67,-64.681,-57.67,-64.67747690340777,-57.657572296816525,0.7090628016534827
a48,2002-11-06,-64.681,-57.67,-64.681,-57.67,-64.67172114190647,-57.64171637333732,1.6953250747989395
a48,2002-11-07,-64.681,-57.67,-64.681,-57.67,-64.6762292299916,-57.65151467478876,1.026772087621881
a48,2002-11-08,-64.681,-57.67,-64.681,-57.67,-64.66805697663492,-57.62751451945874,2.480919956448603
a48,2002-11-09,-64.681,-57.67,-64.681,-57.67,-64.67782131277998,-57.65846035661666,0.6527558757722801
a48,2002-11-10,-64.681,-57.67,-64.6027,-57.2217,-64.67664147509637,-57.6515471783396,22.061133886879116
a48,2002-11-11,-64.6027,-57.2217,-64.6027,-57.2217,-64.58068433650794,-57.14891828042326,4.24858881306908
a48,2002-11-12,-64.6027,-57.2217,-64.6027,-57.2217,-64.57971136012955,-57.179069840512,3.266663697976005
a48,2002-11-13,-64.6027,-57.2217,-64.6027,-57.2217,-64.59889415564518,-57.2038943128602,0.9488270749332645
a48,2002-11-14,-64.6027,-57.2217,-64.6027,-57.2217,-64.59965966003811,-57.21074912586724,0.6221510550808205
a48,2002-11-15,-64.6027,-57.2217,-64.6027,-57.2217,-64.60019369226418,-57.21260907574785,0.515414724753747
a48,2002-11-16,-64.6027,-57.2217,-64.5453,-57.1958,-64.60135921187609,-57.21851401866475,6.327122500606872
a48,2002-11-17,-64.5453,-57.1958,-64.4681,-57.2439,-64.52581454750411,-57.202824795630875,6.712102349650758
a48,2002-11-18,-64.4681,-57.2439,-64.4681,-57.2439,-64.4253774283657,-57.248001092349455,4.754603926053583
a48,2002-11-21,-64.4681,-57.2439,-64.4681,-57.2439,-64.45178773219838,-57.24450930250788,1.8140766117044769
a48,2002-11-22,-64.4681,-57.2439,-64.4681,-57.2439,-64.46587906531391,-57.236765216247505,0.42181004498480157
a48,2002-11-23,-64.4681,-57.2439,-64.4681,-57.2439,-64.46712933019634,-57.241373946219426,0.16219401721043197
a48,2002-11-24,-64.4681,-57.2439,-64.4681,-57.2439,-64.46525133386034,-57.23460752393629,0.5465325137456671
a48,2002-11-25,-64.4681,-57.2439,-64.4681,-57.2439,-64.46615926628533,-57.236955907482724,0.3966577173830076
a48,2002-11-26,-64.4681,-57.2439,-64.4681,-57.2439,-64.46709956149799,-57.2411279030693,0.17328235560160465
a48,2002-11-27,-64.4681,-57.2439,-64.4681,-57.2439,-64.4652714708631,-57.23110786045136,0.6890797615312185
a48,2002-11-28,-64.4681,-57.2439,-64.4681,-57.2439,-64.4650750904457,-57.231443325232604,0.6852655469611034
a48,2002-11-29,-64.4681,-57.2439,-64.4681,-57.2439,-64.4664803256768,-57.23732453775389,0.36297980278789416
a48,2002-11-30,-64.4681,-57.2439,-64.4681,-57.2439,-64.46324500497026,-57.22651827669321,0.9927370447933838
a48,2002-12-01,-64.4681,-57.2439,-64.4681,-57.2439,-64.46528280943275,-57.23152392096867,0.6708086624162172
a48,2002-12-02,-64.4681,-57.2439,-64.4681,-57.2439,-64.46685612335828,-57.24077471944807,0.20387897386735657
a48,2002-12-03,-64.4681,-57.2439,-64.4681,-57.2439,-64.45865690669154,-57.24686275315548,1.0595847881552432
a48,2002-12-04,-64.4681,-57.2439,-64.4681,-57.2439,-64.46554958539757,-57.232526453811204,0.6144760198493878
a48,2002-12-05,-64.4681,-57.2439,-64.4681,-57.2439,-64.46587366745618,-57.23666771513771,0.425955859526116
a48,2002-12-06,-64.4681,-57.2439,-64.4681,-57.2439,-64.46715506294552,-57.24194972494867,0.1406310488238549
a48,2002-12-07,-64.4681,-57.2439,-64.4681,-57.2439,-64.46484465082251,-57.230378521931016,0.7423144315311436
a48,2002-12-08,-64.4681,-57.2439,-64.4681,-57.2439,-64.45762925093699,-57.199022391634884,2.4461009809847853
a48,2002-12-09,-64.4681,-57.2439,-64.4681,-57.2439,-64.46582995423677,-57.236081108102354,0.451830235390949
a48,2002-12-10,-64.4681,-57.2439,-64.4681,-57.2439,-64.46503109936174,-57.23006537450834,0.7457395901594074
a48,2002-12-11,-64.4681,-57.2439,-64.4681,-57.2439,-64.46629124035852,-57.235482555134055,0.4507868041194562
a48,2002-12-12,-64.4681,-57.2439,-64.4681,-57.2439,-64.4521460419404,-57.16332470068251,4.250699061264378
a48,2002-12-13,-64.4681,-57.2439,-64.2528,-56.6859,-64.46466408142133,-57.23072929774841,35.24566090405533
a48,2002-12-14,-64.2528,-56.6859,-64.2528,-56.6859,-64.22727037235448,-56.62115707605821,4.22463870831723
a48,2002-12-15,-64.2528,-56.6859,-64.16,-56.2707,-64.17245644292275,-56.56455126034251,14.305611336199968
a48,2002-12-16,-64.16,-56.2707,-64.16,-56.2707,-64.12060397843915,-56.168836200396825,6.602820209292926
a48,2002-12-17,-64.16,-56.2707,-64.16,-56.2707,-64.13449672651177,-56.23716309996898,3.2689815522494103
a48,2002-12-18,-64.16,-56.2707,-64.16,-56.2707,-64.15495570832915,-56.25034335820317,1.1349667091401328
a48,2002-12-19,-64.16,-56.2707,-64.16,-56.2707,-64.15553312254521,-56.25511322676266,0.9041318149751884
a48,2002-12-20,-64.16,-56.2707,-64.16,-56.2707,-64.15387212886185,-56.260742583929556,0.8350055350064441
a48,2002-12-21,-64.16,-56.2707,-64.16,-56.2707,-64.1555441883967,-56.25632668138621,0.8548831008131789
a48,2002-12-22,-64.16,-56.2707,-64.16,-56.2707,-64.15588332883881,-56.25472464538028,0.8994954209884473
a48,2002-12-23,-64.16,-56.2707,-64.16,-56.2707,-64.15683678057177,-56.25979849445078,0.6347421136245579
a48,2002-12-24,-64.16,-56.2707,-64.16,-56.2707,-64.15669816636826,-56.256610703760074,0.7753237986722357
a48,2002-12-25,-64.16,-56.2707,-64.16,-56.2707,-64.15581960421319,-56.25622814059426,0.8414800938504012
a48,2002-12-26,-64.16,-56.2707,-64.16,-56.2707,-64.15359856539415,-56.23316172143342,1.9537934870758296
a48,2002-12-27,-64.16,-56.2707,-64.16,-56.2707,-64.15525593992321,-56.24895564207485,1.1785833366578897
a48,2002-12-28,-64.16,-56.2707,-64.16,-56.2707,-64.15492254343539,-56.2523378161232,1.0539825868796455
a48,2002-12-29,-64.16,-56.2707,-64.3008,-55.88,-64.15504644227303,-56.249396508671325,24.116650991872273
a48,2002-12-30,-64.3008,-55.88,-64.3008,-55.88,-64.35328790264549,-55.73318519219579,9.169763760641576
b17b,2002-01-05,-68.2061,152.1255,-68.2061,152.1255,-68.20729938364236,152.08949347253258,1.492397643734241
b17b,2002-01-06,-68.2061,152.1255,-68.2061,152.1255,-68.20472458451955,152.12030418030673,0.2634454522490457
b17b,2002-01-07,-68.2061,152.1255,-68.2061,152.1255,-68.20484015657489,152.12137343791267,0.2205630954879251
b17b,2002-01-08,-68.2061,152.1255,-68.2061,152.1255,-68.20489425191019,152.12124263970384,0.22106093794813647
b17b,2002-01-09,-68.2061,152.1255,-68.2061,152.1255,-68.20479271079876,152.12165483282126,0.21524587279124427
b17b,2002-01-10,-68.2061,152.1255,-68.2061,152.1255,-68.20478579817782,152.1216664000052,0.2154146320735663
b17b,2002-01-11,-68.2061,152.1255,-68.2061,152.1255,-68.20486402757392,152.1212875788243,0.22165676703661033
b17b,2002-01-12,-68.2061,152.1255,-68.2061,152.1255,-68.20429021684942,152.12230307365098,0.24065943577201526
b17b,2002-01-13,-68.2061,152.1255,-68.2061,152.1255,-68.20484650302234,152.12140827446188,0.21900430797335924
b17b,2002-01-14,-68.2061,152.1255,-68.2061,152.1255,-68.20488765380124,152.12120115660798,0.22286806000945436
b17b,2002-01-15,-68.2061,152.1255,-68.2061,152.1255,-68.2048592134056,152.12131686074713,0.2210433196948033
b17b,2002-01-16,-68.2061,152.1255,-68.2061,152.1255,-68.2050760397039,152.1193599354698,0.2778844159403783
b17b,2002-01-17,-68.2061,152.1255,-68.2061,152.1255,-68.20489425191019,152.12124263970384,0.22106093794813647
b17b,2002-01-18,-68.2061,152.1255,-68.2061,152.1255,-68.20472908226469,152.12053249354994,0.2555304805065462
b17b,2002-01-19,-68.2061,152.1255,-68.2061,152.1255,-68.20499289854595,152.12036083757232,0.24529403813452907
b17b,2002-01-20,-68.2061,152.1255,-68.2061,152.1255,-68.20485199575779,152.1213434411868,0.2206908305676631
b17b,2002-01-21,-68.2061,152.1255,-68.2061,152.1255,-68.20485332834761,152.121360487257,0.22005069692979348
b17b,2002-01-22,-68.2061,152.1255,-68.2061,152.1255,-68.20556205483668,152.1203189383334,0.22210010663891996
b17b,2002-01-23,-68.2061,152.1255,-68.2061,152.1255,-68.20492363726382,152.12056080694248,0.24225981672279845
b17b,2002-01-24,-68.2061,152.1255,-68.2061,152.1255,-68.2048859469437,152.1212443910607,0.22156492499279382
b17b,2002-01-25,-68.2061,152.1255,-68.2061,152.1255,-68.20487831742278,152.12145488850877,0.21527364220640413
b17b,2002-01-26,-68.2061,152.1255,-68.2061,152.1255,-68.2048659313234,152.12139951123805,0.21791664627887167
b17b,2002-01-27,-68.2061,152.1255,-68.2061,152.1255,-68.20489595876772,152.1211994052511,0.222368394538724
b17b,2002-01-28,-68.2061,152.1255,-68.2061,152.1255,-68.20484679693008,152.12143330261767,0.2181874326332242
b17b,2002-01-29,-68.2061,152.1255,-68.2061,152.1255,-68.20498344332734,152.12055846791145,0.23881703639362412
b17b,2002-01-30,-68.2061,152.1255,-68.2061,152.1255,-68.20485291512423,152.12131389472825,0.22157663799825328
b17b,2002-01-31,-68.2061,152.1255,-68.2342,152.1848,-68.20489875464668,152.12115921779673,4.184509881311666
b17b,2002-02-01,-68.2342,152.1848,-68.2342,152.1848,-68.23819398732327,152.1774301381463,0.5381084383230783
b17b,2002-02-02,-68.2342,152.1848,-68.2342,152.1848,-68.2332319687864,152.17743533818123,0.3221834287567204
b17b,2002-02-03,-68.2342,152.1848,-68.2342,152.1848,-68.23292523966666,152.18075015069104,0.21903875490160832
b17b,2002-02-04,-68.2342,152.1848,-68.2342,152.1848,-68.23290027740364,152.18089202726867,0.21645553368560053
b17b,2002-02-05,-68.2342,152.1848,-68.2342,152.1848,-68.23300859192852,152.18044452574873,0.22316787265800364
b17b,2002-02-06,-68.2342,152.1848,-68.2629,152.1736,-68.23294162445212,152.18063388314215,3.3438056464987467
b17b,2002-02-07,-68.2629,152.1736,-68.2629,152.1736,-68.27722191880895,152.16202544105136,1.6622839511564682
b17b,2002-02-08,-68.2629,152.1736,-68.2629,152.1736,-68.26107503276017,152.16664017299252,0.35118682574980936
b17b,2002-02-09,-68.2629,152.1736,-68.2629,152.1736,-68.2617924822515,152.16795561765252,0.2630536181569803
b17b,2002-02-10,-68.2629,152.1736,-68.2629,152.1736,-68.2615843282525,152.1697798542129,0.21483143859391493
b17b,2002-02-11,-68.2629,152.1736,-68.2629,152.1736,-68.26162382544501,152.16875913038007,0.24470365983522185
b17b,2002-02-12,-68.2629,152.1736,-68.2629,152.1736,-68.2615904549617,152.1696915982966,0.2170494663975109
b17b,2002-02-13,-68.2629,152.1736,-68.2629,152.1736,-68.26171951121198,152.16928356154295,0.2209721028825949
b17b,2002-02-14,-68.2629,152.1736,-68.2629,152.1736,-68.26159994237214,152.16967973575595,0.21670680652294835
b17b,2002-02-15,-68.2629,152.1736,-68.2629,152.1736,-68.26167432403986,152.16949103279478,0.21727517112197242
b17b,2002-02-16,-68.2629,152.1736,-68.2629,152.1736,-68.26159342915678,152.16970676046265,0.21636461836123627
b17b,2002-02-17,-68.2629,152.1736,-68.2629,152.1736,-68.26177584991478,152.1403300286878,1.37580971568588
b17b,2002-02-18,-68.2629,152.1736,-68.2629,152.1736,-68.26202539087704,152.15824234243587,0.6398870654313761
b17b,2002-02-19,-68.2629,152.1736,-68.2219,151.9806,-68.26158104857562,152.16978098613805,8.959633783657765
b17b,2002-02-20,-68.2219,151.9806,-68.2219,151.9806,-68.20866003549976,151.93964322414632,2.241434887024069
b17b,2002-02-21,-68.2219,151.9806,-68.2219,151.9806,-68.21647653743959,151.96670503716177,0.832080184896117
b17b,2002-02-22,-68.2219,151.9806,-68.2219,151.9806,-68.22083668168565,151.97552853608306,0.24032381189669433
b17b,2002-02-23,-68.2219,151.9806,-68.2459,151.887,-68.22065770111868,151.9768492650611,4.6480365948083024
b17b,2002-02-24,-68.2459,151.887,-68.2459,151.887,-68.24676466724534,151.88215481707664,0.22161602957052637
b17b,2002-02-25,-68.2459,151.887,-68.2459,151.887,-68.2453690817225,151.86231352893253,1.01908963014144
b17b,2002-02-26,-68.2459,151.887,-68.2459,151.887,-68.24462030836166,151.88057307432655,0.30067322233872373
b17b,2002-02-27,-68.2459,151.887,-68.2459,151.887,-68.24449691306873,151.88213505385738,0.2540480926243643
b17b,2002-02-28,-68.2459,151.887,-68.2459,151.887,-68.24458912036532,151.88175158461502,0.2608316206660111
b17b,2002-03-01,-68.2459,151.887,-68.2459,151.887,-68.24454476844511,151.88180850713456,0.2616981393524631
b17b,2002-03-02,-68.2459,151.887,-68.2459,151.887,-68.24447661506068,151.88262063320275,0.24005323192951844
b17b,2002-03-03,-68.2459,151.887,-68.2459,151.887,-68.24446563488394,151.88220726527197,0.25387655349403554
b17b,2002-03-04,-68.2459,151.887,-68.2459,151.887,-68.24449263574594,151.88257187289946,0.2404043070189332
b17b,2002-03-05,-68.2459,151.887,-68.2459,151.887,-68.24481083820291,151.8804421920288,0.29615844829814325
b17b,2002-03-06,-68.2459,151.887,-68.2459,151.887,-68.2445297320405,151.8820619287767,0.2542293229381622
b17b,2002-03-07,-68.2459,151.887,-68.2459,151.887,-68.24451048908665,151.88252416250737,0.24062075825346368
b17b,2002-03-08,-68.2459,151.887,-68.2459,151.887,-68.24448605782368,151.88259649892387,0.24011309810647188
b17b,2002-03-09,-68.2459,151.887,-68.2459,151.887,-68.24447308813546,151.88217762986739,0.2543100355224125
b17b,2002-03-10,-68.2459,151.887,-68.2459,151.887,-68.24448025573781,151.8826379006631,0.23925131459891338
b17b,2002-03-11,-68.2459,151.887,-68.2459,151.887,-68.24406794941734,151.8793718996343,0.3746107835711332
b17b,2002-03-12,-68.2459,151.887,-68.2459,151.887,-68.24448661669666,151.8821560467129,0.25407248349195727
b17b,2002-03-13,-68.2459,151.887,-68.2459,151.887,-68.24447250494266,151.88126214714532,0.2848064372971724
b17b,2002-03-14,-68.2459,151.887,-68.2459,151.887,-68.24456845378752,151.88075306187972,0.2969920020126856
b17b,2002-03-15,-68.2459,151.887,-68.2459,151.887,-68.2445930445299,151.88080829270564,0.29365812539247355
b17b,2002-03-16,-68.2459,151.887,-68.2459,151.887,-68.24448346690515,151.88216141234102,0.2541157252429823
b17b,2002-03-17,-68.2459,151.887,-68.2459,151.887,-68.2444767288126,151.88219489732774,0.25350133625803445
b17b,2002-03-18,-68.2459,151.887,-68.2459,151.887,-68.24449691306873,151.88213505385738,0.2540480926243643
b17b,2002-03-19,-68.2459,151.887,-68.2459,151.887,-68.24449676183124,151.88256374179082,0.2403606898403086
b17b,2002-03-20,-68.2459,151.887,-68.2459,151.887,-68.24449788005313,151.88105264741642,0.29049071068455173
b17b,2002-03-21,-68.2459,151.887,-68.2459,151.887,-68.24466036104228,151.88030984530337,0.30825498408066143
b17b,2002-03-22,-68.2459,151.887,-68.2547,151.7906,-68.24444682516243,151.88226063915067,3.9451917892968584
b17b,2002-03-23,-68.2547,151.7906,-68.2547,151.7906,-68.25879192129852,151.78147292126806,0.5902315979393342
b17b,2002-03-24,-68.2547,151.7906,-68.2283,151.6307,-68.25407522605099,151.7714599704276,6.471399255336151
b17b,2002-03-25,-68.2283,151.6307,-68.2475,151.7269,-68.21482947125169,151.58892608316205,6.75061008083991
b17b,2002-03-26,-68.2475,151.7269,-68.2475,151.7269,-68.2424846572963,151.75783475109063,1.3915543990778039
b17b,2002-03-27,-68.2475,151.7269,-68.2475,151.7269,-68.25346966463201,151.66070901898865,2.8069011833849737
b17b,2002-03-28,-68.2475,151.7269,-68.2475,151.7269,-68.245053668613,151.6945477475391,1.3607293332471657
b17b,2002-03-29,-68.2475,151.7269,-68.2475,151.7269,-68.24593910704134,151.7230716650692,0.23455123350688908
b17b,2002-03-30,-68.2475,151.7269,-68.2475,151.7269,-68.2459695474481,151.7229421554431,0.23571857712298622
b17b,2002-03-31,-68.2475,151.7269,-68.2475,151.7269,-68.2461171954533,151.72204303334456,0.2523972835688607
b17b,2002-04-01,-68.2475,151.7269,-68.2475,151.7269,-68.24633261337459,151.7129348170546,0.5899583244374387
b17b,2002-04-02,-68.2475,151.7269,-68.2475,151.7269,-68.24544375218996,151.7221720499541,0.30040181931609417
b17b,2002-04-03,-68.2475,151.7269,-68.2475,151.7269,-68.24595334410903,151.72298825854045,0.23571930913595635
b17b,2002-04-04,-68.2475,151.7269,-68.2475,151.7269,-68.24605841815108,151.72199559743603,0.2579601688308419
b17b,2002-04-05,-68.2475,151.7269,-68.2475,151.7269,-68.24608057270676,151.72146528028287,0.27399135380655587
b17b,2002-04-06,-68.2475,151.7269,-68.2475,151.7269,-68.2459592538119,151.7230147736572,0.23449284937997972
b17b,2002-04-07,-68.2475,151.7269,-68.2475,151.7269,-68.24506076744954,151.72306418580928,0.313933448978597
b17b,2002-04-08,-68.2475,151.7269,-68.2475,151.7269,-68.24491615726255,151.71649334711026,0.5162120571099301
b17b,2002-04-09,-68.2475,151.7269,-68.2475,151.7269,-68.24597367901085,151.72298205599185,0.2342507513148107
b17b,2002-04-10,-68.2475,151.7269,-68.2475,151.7269,-68.24630259385353,151.71649059260147,0.44915662821960717
b17b,2002-04-11,-68.2475,151.7269,-68.2475,151.7269,-68.24615809798077,151.7216797167447,0.26180915293702506
b17b,2002-04-12,-68.2475,151.7269,-68.2475,151.7269,-68.24539724088015,151.71883959482267,0.4062131893253107
b17b,2002-04-13,-68.2475,151.7269,-68.2475,151.7269,-68.24605102684036,151.72190256013107,0.2614806479369563
b17b,2002-04-14,-68.2475,151.7269,-68.2475,151.7269,-68.24604519695363,151.7231520317432,0.22366124242644703
b17b,2002-04-15,-68.2475,151.7269,-68.2475,151.7269,-68.24597149145572,151.7234222580364,0.22232225101745004
b17b,2002-04-16,-68.2475,151.7269,-68.2475,151.7269,-68.24586601130065,151.7225425031229,0.2554566690383068
b17b,2002-04-17,-68.2475,151.7269,-68.2475,151.7269,-68.24600307143567,151.7221728622054,0.2562322076117633
b17b,2002-04-18,-68.2475,151.7269,-68.2475,151.7269,-68.24596432428577,151.72340162647123,0.22347965671248796
b17b,2002-04-19,-68.2475,151.7269,-68.2475,151.7269,-68.24608961581052,151.72139407981967,0.27582193524152887
b17b,2002-04-20,-68.2475,151.7269,-68.2475,151.7269,-68.24598782755471,151.72287433786028,0.23620966551224204
b17b,2002-04-21,-68.2475,151.7269,-68.2475,151.7269,-68.24597003833371,151.7229647885315,0.23503465059975645
b17b,2002-04-22,-68.2475,151.7269,-68.2475,151.7269,-68.24596079736057,151.7229586231358,0.23595433161806215
b17b,2002-04-23,-68.2475,151.7269,-68.2475,151.7269,-68.245933396591,151.72306401534115,0.23523323740814758
b17b,2002-04-24,-68.2475,151.7269,-68.2475,151.7269,-68.24596682716637,151.72344127685358,0.2222154725110385
b17b,2002-04-25,-68.2475,151.7269,-68.2475,151.7269,-68.24596432428577,151.72340162647123,0.22347965671248796
b17b,2002-04-26,-68.2475,151.7269,-68.2475,151.7269,-68.24597956833804,151.72295475479427,0.23455516326209572
b17b,2002-04-27,-68.2475,151.7269,-68.2343,151.661,-68.245769288637,151.72281835812362,2.8495949821133415
b17b,2002-04-28,-68.2343,151.661,-68.2343,151.661,-68.22889845005405,151.65920710395676,0.6051583166313106
b17b,2002-04-29,-68.2343,151.661,-68.2343,151.661,-68.22853633000761,151.64500653643915,0.9196323235318639
b17b,2002-04-30,-68.2343,151.661,-68.2343,151.661,-68.23282701783063,151.6573670300478,0.22196141515541898
b17b,2002-05-01,-68.2343,151.661,-68.2343,151.661,-68.23276432428577,151.65750162647123,0.22353336028967025
b17b,2002-05-02,-68.2343,151.661,-68.2343,151.661,-68.23277123690669,151.65749005928723,0.22325561833382207
b17b,2002-05-03,-68.2343,151.661,-68.2229,151.7315,-68.2328302209606,151.65728028181246,3.2541788042745705
b17b,2002-05-04,-68.2229,151.7315,-68.2016,151.8229,-68.21368354582819,151.74112976528136,3.6331002764815286
b17b,2002-05-05,-68.2016,151.8229,-68.1767,151.8963,-68.19247130691024,151.846921822899,2.690478921055593
b17b,2002-05-06,-68.1767,151.8963,-68.2052,151.9239,-68.16528887090874,151.89941692105742,4.551763004479369
b17b,2002-05-07,-68.2052,151.9239,-68.2052,151.9239,-68.21881785079047,151.91193474408578,1.5927289006958645
b17b,2002-05-08,-68.2052,151.9239,-68.203,151.8424,-68.2033593094322,151.9208983784452,3.2413255149544855
b17b,2002-05-09,-68.203,151.8424,-68.203,151.8424,-68.20529710507341,151.8353881544199,0.3860709159270337
b17b,2002-05-10,-68.203,151.8424,-68.203,151.8424,-68.20008364146489,151.83268880874948,0.515705857451197
b17b,2002-05-11,-68.203,151.8424,-68.203,151.8424,-68.2015536734093,151.83764590595672,0.2537655744912235
b17b,2002-05-12,-68.203,151.8424,-68.203,151.8424,-68.20157661506067,151.83802063320275,0.2403079094947006
b17b,2002-05-13,-68.203,151.8424,-68.203,151.8424,-68.20168726325238,151.83646331373683,0.28529594832099864
b17b,2002-05-14,-68.203,151.8424,-68.1614,151.8042,-68.20173038741625,151.8361560521231,4.674954034045571
b17b,2002-05-15,-68.1614,151.8042,-68.1614,151.8042,-68.154260228469,151.79180372481954,0.9451393623055303
b17b,2002-05-16,-68.1614,151.8042,-68.1901,151.9764,-68.14976140271192,151.78219487209526,9.197889217715437
b17b,2002-05-17,-68.1901,151.9764,-68.1901,151.9764,-68.17386950098698,151.97661510385262,1.8047710402873445
b17b,2002-05-18,-68.1901,151.9764,-68.1901,151.9764,-68.18849323847746,152.00611204481072,1.240442805004484
b17b,2002-05-19,-68.1901,151.9764,-68.1901,151.9764,-68.18882942584845,151.97272119893148,0.2075073064933503
b17b,2002-05-20,-68.1901,151.9764,-68.1901,151.9764,-68.18881891250426,151.9727981528659,0.20599688792835683
b17b,2002-05-21,-68.1901,151.9764,-68.1901,151.9764,-68.1889385378468,151.97184372076367,0.22827930164274887
b17b,2002-05-22,-68.1901,151.9764,-68.1901,151.9764,-68.18869012286069,151.9710944310218,0.26948427053052404
b17b,2002-05-23,-68.1901,151.9764,-68.1784,151.832,-68.18891394698267,151.97193347698845,5.899561277175962
b17b,2002-05-24,-68.1784,151.832,-68.1784,151.832,-68.17635573206795,151.81646512861118,0.6811801459287635
b17b,2002-05-25,-68.1784,151.832,-68.1706,151.7076,-68.16804173665035,151.80414516747913,4.002215805493004
b17b,2002-05-26,-68.1706,151.7076,-68.1706,151.7076,-68.16760462951969,151.70243267498392,0.3957142575779699
b17b,2002-05-27,-68.1706,151.7076,-68.1706,151.7076,-68.16659823441421,151.67784618050496,1.308338725495593
b17b,2002-05-28,-68.1706,151.7076,-68.171,151.7386,-68.16907149145571,151.70412225803636,1.4416308410549905
b17b,2002-05-29,-68.171,151.7386,-68.1715,151.7695,-68.1715020073978,151.7515199618648,0.7433949073540385
b17b,2002-05-30,-68.1715,151.7695,-68.1715,151.7695,-68.17322434324561,151.78523130979727,0.6780692268094969
b17b,2002-05-31,-68.1715,151.7695,-68.1715,151.7695,-68.16936336403573,151.76664905924736,0.2652192268263005
b17b,2002-06-01,-68.1715,151.7695,-68.1715,151.7695,-68.16997123690668,151.76599005928722,0.22351330920358164
b17b,2002-06-02,-68.1715,151.7695,-68.1715,151.7695,-68.169964395864,151.76557902973218,0.23545485059007407
b17b,2002-06-03,-68.1715,151.7695,-68.1715,151.7695,-68.16999726874673,151.76599278602617,0.22124585964170734
b17b,2002-06-04,-68.1715,151.7695,-68.1715,151.7695,-68.17003490970455,151.7648160233358,0.25307529913315135
b17b,2002-06-05,-68.1715,151.7695,-68.1715,151.7695,-68.17018291726531,151.764263105459,0.2614059887586819
b17b,2002-06-06,-68.1715,151.7695,-68.1776,151.8427,-68.17007339240669,151.76521934240566,3.3106858657765375
b17b,2002-06-07,-68.1776,151.8427,-68.1776,151.8427,-68.1760480518579,151.84576351050555,0.21404659392473435
b17b,2002-06-08,-68.1776,151.8427,-68.1776,151.8427,-68.17736982078857,151.8317386981671,0.45380542280543334
b17b,2002-06-09,-68.1776,151.8427,-68.1776,151.8427,-68.17618661669665,151.83785604671294,0.25454120345667397
b17b,2002-06-10,-68.1776,151.8427,-68.1776,151.8427,-68.17617722764635,151.83730900838032,0.2732893692474382
b17b,2002-06-11,-68.1776,151.8427,-68.1835,151.7723,-68.17619691306872,151.83783505385736,2.827712139479407
b17b,2002-06-12,-68.1835,151.7723,-68.1835,151.7723,-68.18927881689304,151.7449404198511,1.3003270369521072
b17b,2002-06-13,-68.1835,151.7723,-68.1835,151.7723,-68.18096983355613,151.76039439869015,0.566772017287121
b17b,2002-06-14,-68.1835,151.7723,-68.1835,151.7723,-68.18179864120623,151.766971442937,0.29031074862140177
b17b,2002-06-15,-68.1835,151.7723,-68.1835,151.7723,-68.18195907637121,151.76746552333577,0.26319761279948345
b17b,2002-06-16,-68.1835,151.7723,-68.1835,151.7723,-68.18200616596575,151.7682526110981,0.23572698522813024
b17b,2002-06-17,-68.1835,151.7723,-68.1763,151.8364,-68.18197823455537,151.7687518333882,2.866423994181612
b17b,2002-06-18,-68.1763,151.8364,-68.1763,151.8364,-68.16971933336929,151.8322551775363,0.7515334251015693
b17b,2002-06-19,-68.1763,151.8364,-68.1763,151.8364,-68.17466427655796,151.8313254705377,0.277644582174832
b17b,2002-06-20,-68.1763,151.8364,-68.1763,151.8364,-68.17484138669381,151.8316902818459,0.2533978719027845
b17b,2002-06-21,-68.1763,151.8364,-68.1763,151.8364,-68.1749425433183,151.83061547696116,0.2827766669968846
b17b,2002-06-22,-68.1763,151.8364,-68.1763,151.8364,-68.17488856070429,151.8320361493062,0.23910998658487617
b17b,2002-06-23,-68.1763,151.8364,-68.1763,151.8364,-68.1748846654781,151.83198668309672,0.24093913974141207
b17b,2002-06-24,-68.1763,151.8364,-68.1763,151.8364,-68.1750444461346,151.83017157667848,0.292886585104882
b17b,2002-06-25,-68.1763,151.8364,-68.1763,151.8364,-68.17533342152613,151.81522959342556,0.8817130661117202
b17b,2002-06-26,-68.1763,151.8364,-68.1763,151.8364,-68.17544302146267,151.8309652075377,0.2440356917875935
b17b,2002-06-27,-68.1763,151.8364,-68.1763,151.8364,-68.17552587789004,151.8006155065906,1.481748093992867
b17b,2002-06-28,-68.1763,151.8364,-68.1763,151.8364,-68.1745096585476,151.80341496827924,1.3780086952156676
b17b,2002-06-29,-68.1763,151.8364,-68.1763,151.8364,-68.17501727241661,151.83012118780005,0.2961628024020093
b17b,2002-06-30,-68.1763,151.8364,-68.1763,151.8364,-68.17494146648869,151.83126602581217,0.2605011976315819
b17b,2002-07-01,-68.1763,151.8364,-68.1763,151.8364,-68.17413303256207,151.82786148441983,0.42737496051158547
b17b,2002-07-02,-68.1763,151.8364,-68.1763,151.8364,-68.17487037960284,151.83208475307674,0.23893810436348162
b17b,2002-07-03,-68.1763,151.8364,-68.1763,151.8364,-68.17487758951656,151.8320529284278,0.23939141269446534
b17b,2002-07-04,-68.1763,151.8364,-68.1763,151.8364,-68.17486927556106,151.83162453273223,0.2535346619823932
b17b,2002-07-05,-68.1763,151.8364,-68.1763,151.8364,-68.17410089827695,151.83123752618405,0.32455918566748765
b17b,2002-07-06,-68.1763,151.8364,-68.1763,151.8364,-68.17488710758228,151.8315786798014,0.25378099641086543
b17b,2002-07-07,-68.1763,151.8364,-68.1763,151.8364,-68.17481762217491,151.83115296390963,0.27242785310709766
b17b,2002-07-08,-68.1763,151.8364,-68.1763,151.8364,-68.17488016575543,151.83159077747882,0.2538677780086795
b17b,2002-07-09,-68.1763,151.8364,-68.1763,151.8364,-68.17510440214645,151.82948789357704,0.3151465715732837
b17b,2002-07-10,-68.1763,151.8364,-68.1763,151.8364,-68.17504210859167,151.82998047594748,0.29997585004303234
b17b,2002-07-11,-68.1763,151.8364,-68.1763,151.8364,-68.17501218705333,151.81912200768977,0.7284525832551751
b17b,2002-07-12,-68.1763,151.8364,-68.1763,151.8364,-68.1748241575694,151.81715093464123,0.8124687316049923
b17b,2002-07-13,-68.1763,151.8364,-68.1763,151.8364,-68.1751821535844,151.80458545054103,1.3210084359305128
b17b,2002-07-14,-68.1763,151.8364,-68.1763,151.8364,-68.17511136546882,151.82046243998138,0.6719535711420328
b17b,2002-07-15,-68.1763,151.8364,-68.1763,151.8364,-68.17511807564594,151.82992802795252,0.2980754978752504
b17b,2002-07-16,-68.1763,151.8364,-68.1763,151.8364,-68.17495104903587,151.8307265798253,0.27839293025692774
b17b,2002-07-17,-68.1763,151.8364,-68.1763,151.8364,-68.1748802557378,151.83203790066307,0.23966268601546592
b17b,2002-07-18,-68.1763,151.8364,-68.1763,151.8364,-68.17708802527233,151.80251802178333,1.403290998548174
b17b,2002-07-19,-68.1763,151.8364,-68.1763,151.8364,-68.17552419470607,151.81509153040759,0.8850555706057346
b17b,2002-07-20,-68.1763,151.8364,-68.1763,151.8364,-68.17488152171553,151.83086547039795,0.277887938646847
b17b,2002-07-21,-68.1763,151.8364,-68.1763,151.8364,-68.17486787672223,151.8320451026944,0.24034858054697283
b17b,2002-07-22,-68.1763,151.8364,-68.1763,151.8364,-68.17491814407778,151.8304608532984,0.28963221159105745
b17b,2002-07-23,-68.1763,151.8364,-68.1983,151.9533,-68.17501480703018,151.83006736538397,5.712260265364697
b17b,2002-07-24,-68.1983,151.9533,-68.1983,151.9533,-68.1962444764002,151.97848039009182,1.0647498729916745
b17b,2002-07-25,-68.1983,151.9533,-68.1983,151.9533,-68.19611694898002,151.95330325281964,0.2427442352011813
b17b,2002-07-26,-68.1983,151.9533,-68.1983,151.9533,-68.19704805091325,151.9486752294464,0.23634483002918524
b17b,2002-07-27,-68.1983,151.9533,-68.1983,151.9533,-68.19732620644359,151.9392838728112,0.5888809727020505
b17b,2002-07-28,-68.1983,151.9533,-68.1983,151.9533,-68.19790534622179,151.919898042419,1.3801197932021096
b17b,2002-07-29,-68.1983,151.9533,-68.1983,151.9533,-68.19703319837953,151.94960008288592,0.20782239118450882
b17b,2002-07-30,-68.1983,151.9533,-68.1983,151.9533,-68.19701891250426,151.9496981528659,0.2059584487886181
b17b,2002-07-31,-68.1983,151.9533,-68.1983,151.9533,-68.19723668168565,151.9482285360831,0.24051160805952546
b17b,2002-08-01,-68.1983,151.9533,-68.1983,151.9533,-68.19714617386126,151.949052790081,0.21731745855430395
b17b,2002-08-02,-68.1983,151.9533,-68.1983,151.9533,-68.19702878863923,151.94965130045227,0.20660734768476624
b17b,2002-08-03,-68.1983,151.9533,-68.1983,151.9533,-68.19704835190734,151.94957142921294,0.2075603545153232
b17b,2002-08-04,-68.1983,151.9533,-68.1983,151.9533,-68.19701272226253,151.94867256524998,0.2387679782559129
b17b,2002-08-05,-68.1983,151.9533,-68.1983,151.9533,-68.19707868293142,151.94949804650213,0.20759662927525338
b17b,2002-08-06,-68.1983,151.9533,-68.1983,151.9533,-68.19744700701952,151.93829792844457,0.6267744915914236
b17b,2002-08-07,-68.1983,151.9533,-68.1983,151.9533,-68.19716297101523,151.94820583033163,0.2454485755335842
b17b,2002-08-08,-68.1983,151.9533,-68.1983,151.9533,-68.19702628575861,151.94961165006993,0.20799406494582712
b17b,2002-08-09,-68.1983,151.9533,-68.1983,151.9533,-68.1970645711774,151.94860414693449,0.2376568220070709
b17b,2002-08-10,-68.1983,151.9533,-68.1983,151.9533,-68.1965477550853,151.94870747067148,0.2719121089665334
b17b,2002-08-11,-68.1983,151.9533,-68.1983,151.9533,-68.19707223199018,151.94953277726802,0.2069863463916391
b17b,2002-08-12,-68.1983,151.9533,-68.1983,151.9533,-68.19710713841437,151.94843442823083,0.24077031226141773
b17b,2002-08-13,-68.1983,151.9533,-68.1983,151.9533,-68.1969572895101,151.9488503453606,0.23677094933195839
b17b,2002-08-14,-68.1983,151.9533,-68.1983,151.9533,-68.18994834771046,151.9022977457928,2.302245918999274
b17b,2002-08-15,-68.1983,151.9533,-68.1983,151.9533,-68.19726845846927,151.94813425445085,0.24221656248551982
b17b,2002-08-16,-68.1983,151.9533,-68.1983,151.9533,-68.19706325579763,151.94952220260188,0.20797345821051316
b17b,2002-08-17,-68.1983,151.9533,-68.1701,152.0038,-68.19720933865136,151.94806318758924,3.793638132100316
b17b,2002-08-18,-68.1701,152.0038,-68.1701,152.0038,-68.15910535216534,152.02029768699674,1.4000624335993905
b17b,2002-08-19,-68.1701,152.0038,-68.1701,152.0038,-68.16862425075294,151.9996846510578,0.2363987081017752
b17b,2002-08-20,-68.1701,152.0038,-68.1701,152.0038,-68.16908270659827,151.99865986517318,0.24076685705042522
b17b,2002-08-21,-68.1701,152.0038,-68.2001,152.0978,-68.16876266224804,151.99943227920016,5.353925208733756
b17b,2002-08-22,-68.2001,152.0978,-68.2001,152.0978,-68.2064075308088,152.1147004327783,0.9893562798866278
b17b,2002-08-23,-68.2001,152.0978,-68.2001,152.0978,-68.19836890604326,152.09234128553317,0.29642290275886857
b17b,2002-08-24,-68.2001,152.0978,-68.1739,152.0506,-68.19881065388519,152.0939027615143,3.2975535685304624
b17b,2002-08-25,-68.1739,152.0506,-68.1739,152.0506,-68.15998282129114,152.0394185295762,1.6151245259242093
b17b,2002-08-26,-68.1739,152.0506,-68.1739,152.0506,-68.16747191413798,152.03039013394778,1.0996155815245003
b17b,2002-08-27,-68.1739,152.0506,-68.1739,152.0506,-68.17270349888379,152.04601098040166,0.23172157610422128
b17b,2002-08-28,-68.1739,152.0506,-68.1739,152.0506,-68.17276650548905,152.04435441220426,0.2873264984130215
b17b,2002-08-29,-68.1739,152.0506,-68.1981,152.1154,-68.17261498294273,152.0469752645414,4.003043904968152
b17b,2002-08-30,-68.1981,152.1154,-68.1981,152.1154,-68.20238876115194,152.12324246110677,0.5764530447694548
b17b,2002-08-31,-68.1981,152.1154,-68.1981,152.1154,-68.19480238715806,152.11136026383673,0.4028515897885371
b17b,2002-09-01,-68.1981,152.1154,-68.1981,152.1154,-68.19404510321152,152.06928546592212,1.957232564230029
b17b,2002-09-02,-68.1981,152.1154,-68.1981,152.1154,-68.19709972320825,152.1097288297264,0.25927974305216583
b17b,2002-09-03,-68.1981,152.1154,-68.1828,152.0527,-68.1960724257501,152.08833064236057,2.0844422860521945
b17b,2002-09-04,-68.1828,152.0527,-68.1875,151.948,-68.17820770666053,152.04883754793258,4.293312025570366
b17b,2002-09-05,-68.1875,151.948,-68.1875,151.948,-68.18923426206968,151.91759587996853,1.2708677129955106
b17b,2002-09-06,-68.1875,151.948,-68.1875,151.948,-68.18377690895119,151.91937445225676,1.2531668471303796
b17b,2002-09-07,-68.1875,151.948,-68.1875,151.948,-68.18560702280895,151.91957158338266,1.1933286800319531
b17b,2002-09-08,-68.1875,151.948,-68.1875,151.948,-68.18643109889254,151.93162825223078,0.6868056754456264
b17b,2002-09-09,-68.1875,151.948,-68.1875,151.948,-68.18652525695231,151.93981045811546,0.35530761200855604
b17b,2002-09-10,-68.1875,151.948,-68.1875,151.948,-68.18628647642286,151.94413740326422,0.20899392811362416
b17b,2002-09-11,-68.1875,151.948,-68.1875,151.948,-68.1864032743852,151.9429531870536,0.24156502907107957
b17b,2002-09-12,-68.1875,151.948,-68.1875,151.948,-68.18621045056742,151.94355396022945,0.23303895466788466
b17b,2002-09-13,-68.1875,151.948,-68.1875,151.948,-68.18624573964404,151.9442879057459,0.20730484689506523
b17b,2002-09-14,-68.1875,151.948,-68.1875,151.948,-68.18729830913765,151.9098127611901,1.5779386045720005
b17b,2002-09-15,-68.1875,151.948,-68.1875,151.948,-68.18587399531488,151.91923169995664,1.2023267372604538
b17b,2002-09-16,-68.1875,151.948,-68.1875,151.948,-68.18649516814189,151.94254496528725,0.25156386435046246
b17b,2002-09-17,-68.1875,151.948,-68.1875,151.948,-68.18626732695455,151.94423581093974,0.20730746109370807
b17b,2002-09-18,-68.1875,151.948,-68.1875,151.948,-68.18640933865136,151.9427631875892,0.2480427804278269
b17b,2002-09-19,-68.1875,151.948,-68.1875,151.948,-68.18797758807932,151.91005990068493,1.568444255203889
b17b,2002-09-20,-68.1875,151.948,-68.1875,151.948,-68.18814984495573,151.91263132703563,1.463083104419434
b17b,2002-09-21,-68.1875,151.948,-68.1875,151.948,-68.18645242727703,151.94235184509262,0.2608249379125549
b17b,2002-09-22,-68.1875,151.948,-68.1875,151.948,-68.18626929388111,151.94365100816952,0.22586789304300314
b17b,2002-09-23,-68.1875,151.948,-68.1875,151.948,-68.18633963920519,151.9438848127886,0.21344347391122045
b17b,2002-09-24,-68.1875,151.948,-68.1875,151.948,-68.18630856624185,151.94341148580406,0.23128920124263877
b17b,2002-09-25,-68.1875,151.948,-68.1875,151.948,-68.18627836983057,151.93553483988342,0.5326460252381774
b17b,2002-09-26,-68.1875,151.948,-68.1875,151.948,-68.18629789390103,151.9439874008042,0.2129650342798613
b17b,2002-09-27,-68.1875,151.948,-68.1875,151.948,-68.18629218243343,151.94409030541118,0.21007748328894182
b17b,2002-09-28,-68.1875,151.948,-68.1875,151.948,-68.18634040451074,151.94345464693447,0.22780722647069596
b17b,2002-09-29,-68.1875,151.948,-68.1875,151.948,-68.18624313513635,151.94415201243726,0.21168384545662883
b17b,2002-09-30,-68.1875,151.948,-68.1875,151.948,-68.18634515964597,151.9437505783942,0.21752450796505507
b17b,2002-10-01,-68.1875,151.948,-68.1875,151.948,-68.18626693778997,151.94427718057125,0.20605698232790878
b17b,2002-10-02,-68.1875,151.948,-68.1875,151.948,-68.1862645711774,151.9433041469345,0.23773139542335706
b17b,2002-10-03,-68.1875,151.948,-68.2018,151.8212,-68.1862761800508,151.9441583961198,5.364119515505039
b17b,2002-10-04,-68.2018,151.8212,-68.2018,151.8212,-68.19944786028339,151.81493792718072,0.36779086182324167
b17b,2002-10-05,-68.2018,151.8212,-68.2018,151.8212,-68.19732749558442,151.76452557838547,2.392626343553014
b17b,2002-10-06,-68.2018,151.8212,-68.2018,151.8212,-68.20046387450387,151.8157457339131,0.2698083487015833
b17b,2002-10-07,-68.2018,151.8212,-68.2018,151.8212,-68.20050472207951,151.8157172547384,0.2683254363822858
b17b,2002-10-08,-68.2018,151.8212,-68.2018,151.8212,-68.20195119570661,151.77860449382115,1.7588845258512862
b17b,2002-10-09,-68.2018,151.8212,-68.2018,151.8212,-68.19715302835553,151.76255205707184,2.476385206805178
b17b,2002-10-10,-68.2018,151.8212,-68.2018,151.8212,-68.20059064036352,151.815017865384,0.2885269344981023
b17b,2002-10-11,-68.2018,151.8212,-68.2018,151.8212,-68.20037508663596,151.81681327804552,0.24065552150560723
b17b,2002-10-12,-68.2018,151.8212,-68.2018,151.8212,-68.2004414664887,151.81606602581218,0.2603090611101112
b17b,2002-10-13,-68.2018,151.8212,-68.2018,151.8212,-68.20084410239966,151.80542599179125,0.6599535318285213
b17b,2002-10-14,-68.2018,151.8212,-68.2018,151.8212,-68.20038466547811,151.81678668309678,0.2407856378282053
b17b,2002-10-15,-68.2018,151.8212,-68.2018,151.8212,-68.20036787672224,151.8168451026944,0.24019874931603225
b17b,2002-10-16,-68.2018,151.8212,-68.2018,151.8212,-68.20058810071167,151.81506879921164,0.2868004367545415
b17b,2002-10-17,-68.2018,151.8212,-68.2018,151.8212,-68.20050667615095,151.8147688229065,0.3019969805101918
b17b,2002-10-18,-68.2018,151.8212,-68.2018,151.8212,-68.20050974418615,151.81488623701165,0.2975780185407226
b17b,2002-10-19,-68.2018,151.8212,-68.2018,151.8212,-68.20058810071167,151.81506879921164,0.2868004367545415
b17b,2002-10-20,-68.2018,151.8212,-68.2018,151.8212,-68.20059064036352,151.815017865384,0.2885269344981023
b17b,2002-10-21,-68.2018,151.8212,-68.2018,151.8212,-68.20037268238335,151.8164113974667,0.2535489106146015
b17b,2002-10-22,-68.2018,151.8212,-68.2018,151.8212,-68.20048884241031,151.81603172726744,0.25845573678060557
b17b,2002-10-23,-68.2018,151.8212,-68.2018,151.8212,-68.20044690045427,151.8159815355104,0.2628116810465095
b17b,2002-10-24,-68.2018,151.8212,-68.2018,151.8212,-68.20054461545091,151.8150865362939,0.2884629561145236
b17b,2002-10-25,-68.2018,151.8212,-68.2018,151.8212,-68.20068711958372,151.81449850582987,0.3031271352405529
b17b,2002-10-26,-68.2018,151.8212,-68.2018,151.8212,-68.20053703220994,151.81518770211312,0.2852287334263201
b17b,2002-10-27,-68.2018,151.8212,-68.2018,151.8212,-68.20044042012213,151.81663652342695,0.2415844086142855
b17b,2002-10-28,-68.2018,151.8212,-68.2018,151.8212,-68.20039254576356,151.81632474971525,0.25498731275963055
b17b,2002-10-29,-68.2018,151.8212,-68.2018,151.8212,-68.20062386184895,151.81481041108515,0.29447351572047414
b17b,2002-10-30,-68.2018,151.8212,-68.2018,151.8212,-68.2003536734093,151.8164459059567,0.2537735265127727
b17b,2002-10-31,-68.2018,151.8212,-68.2018,151.8212,-68.20040561985726,151.81674902457928,0.24045562288197697
b17b,2002-11-01,-68.2018,151.8212,-68.2018,151.8212,-68.20050692730548,151.81613162314153,0.2539161945894918
b17b,2002-11-02,-68.2018,151.8212,-68.2018,151.8212,-68.20056377371094,151.81267889772369,0.37775275887289644
b17b,2002-11-03,-68.2018,151.8212,-68.2018,151.8212,-68.2004988324963,151.81586142995945,0.26368064179573575
b17b,2002-11-04,-68.2018,151.8212,-68.2018,151.8212,-68.20050969613001,151.81561319930296,0.27166791966816656
b17b,2002-11-05,-68.2018,151.8212,-68.2018,151.8212,-68.20039824953474,151.81623737945114,0.2574605965526705
b17b,2002-11-06,-68.2018,151.8212,-68.2018,151.8212,-68.20041075013856,151.8167688006822,0.23946362315365746
b17b,2002-11-07,-68.2018,151.8212,-68.2018,151.8212,-68.20038457549573,151.81633955991254,0.25505074545576
b17b,2002-11-08,-68.2018,151.8212,-68.2018,151.8212,-68.20043250107992,151.81557313491174,0.2776804602601091
b17b,2002-11-09,-68.2018,151.8212,-68.2018,151.8212,-68.20041536221058,151.81559186893696,0.27808418104702504
b17b,2002-11-10,-68.2018,151.8212,-68.2018,151.8212,-68.2003929704446,151.8167849317399,0.24023792212400336
b17b,2002-11-11,-68.2018,151.8212,-68.2018,151.8212,-68.20040544984008,151.8167316623127,0.2410162079573554
b17b,2002-11-12,-68.2018,151.8212,-68.2018,151.8212,-68.20044647161204,151.81560172097443,0.27584282874046545
b17b,2002-11-13,-68.2018,151.8212,-68.2018,151.8212,-68.20034682516243,151.81646063915065,0.25378739600244593
b17b,2002-11-14,-68.2018,151.8212,-68.2018,151.8212,-68.20054282914747,151.81451809072468,0.3093023195735314
b17b,2002-11-15,-68.2018,151.8212,-68.2018,151.8212,-68.20038275961099,151.81681872531317,0.23992497776708863
b17b,2002-11-16,-68.2018,151.8212,-68.2018,151.8212,-68.20043996321725,151.81628360295258,0.2531459329533997
b17b,2002-11-17,-68.2018,151.8212,-68.2018,151.8212,-68.20064345340086,151.81460711299366,0.30108078756085893
b17b,2002-11-18,-68.2018,151.8212,-68.2018,151.8212,-68.20068087070355,151.81478644007882,0.29260875172539047
b17b,2002-11-19,-68.2018,151.8212,-68.2018,151.8212,-68.20046399777715,151.81645581396833,0.24585569847830294
b17b,2002-11-20,-68.2018,151.8212,-68.2018,151.8212,-68.20042699075742,151.81677980764255,0.2379538038118428
b17b,2002-11-21,-68.2018,151.8212,-68.2018,151.8212,-68.20049876435658,151.81564742831608,0.27111556877811316
b17b,2002-11-22,-68.2018,151.8212,-68.2018,151.8212,-68.20043375295283,151.8165146572852,0.24598684624459663
b17b,2002-11-23,-68.2018,151.8212,-68.2018,151.8212,-68.2005715265522,151.81507634055419,0.2873970451688173
b17b,2002-11-24,-68.2018,151.8212,-68.2018,151.8212,-68.20034682516243,151.81646063915065,0.25378739600244593
b17b,2002-11-25,-68.2018,151.8212,-68.2018,151.8212,-68.20044833827599,151.81561264714531,0.27535148803443454
b17b,2002-11-26,-68.2018,151.8212,-68.2018,151.8212,-68.20038025573781,151.81683790066307,0.23951192818485117
b17b,2002-11-27,-68.2018,151.8212,-68.2018,151.8212,-68.20050270381704,151.8157972377453,0.26566658957333134
b17b,2002-11-28,-68.2018,151.8212,-68.2018,151.8212,-68.2004367381298,151.81658154545755,0.24361384269663372
b17b,2002-11-29,-68.2018,151.8212,-68.2018,151.8212,-68.20044647161204,151.81560172097443,0.27584282874046545
b17b,2002-11-30,-68.2018,151.8212,-68.2018,151.8212,-68.20048035985626,151.8164036199803,0.24648892179039644
b17b,2002-12-01,-68.2018,151.8212,-68.2018,151.8212,-68.20040445877434,151.81675112071923,0.24047276792294944
b17b,2002-12-02,-68.2018,151.8212,-68.2018,151.8212,-68.20043896360808,151.81602637542983,0.2618049383866261
b17b,2002-12-03,-68.2018,151.8212,-68.2018,151.8212,-68.20036726584932,151.81684279735458,0.24031504991932273
b17b,2002-12-04,-68.2018,151.8212,-68.2018,151.8212,-68.2003561762899,151.816485556339,0.25233198203928536
b17b,2002-12-05,-68.2018,151.8212,-68.2018,151.8212,-68.20041899976007,151.81602631500084,0.26309651059446143
b17b,2002-12-06,-68.2018,151.8212,-68.2018,151.8212,-68.20040440214646,151.81379572691037,0.3428676215191873
b17b,2002-12-07,-68.2018,151.8212,-68.2018,151.8212,-68.20059733754024,151.80126553237244,0.8339276266737217
b17b,2002-12-08,-68.2018,151.8212,-68.2018,151.8212,-68.20060310190715,151.8147029654981,0.29947393757557794
b17b,2002-12-09,-68.2018,151.8212,-68.2018,151.8212,-68.20068934768726,151.81396072915027,0.3234306999005776
b17b,2002-12-10,-68.2018,151.8212,-68.2018,151.8212,-68.2004563578045,151.81379499843172,0.3403185444114685
b17b,2002-12-11,-68.2018,151.8212,-68.2018,151.8212,-68.20196153239863,151.80425195493376,0.7000293189546654
b17b,2002-12-12,-68.2018,151.8212,-68.2018,151.8212,-68.20041536221058,151.81559186893696,0.27808418104702504
b17b,2002-12-13,-68.2018,151.8212,-68.2018,151.8212,-68.20058810071167,151.81506879921164,0.2868004367545415
b17b,2002-12-14,-68.2018,151.8212,-68.2018,151.8212,-68.20049876435658,151.81564742831608,0.27111556877811316
b17b,2002-12-15,-68.2018,151.8212,-68.2018,151.8212,-68.20045552368448,151.8164880556825,0.24536921600296893
b17b,2002-12-16,-68.2018,151.8212,-68.2018,151.8212,-68.20049876435658,151.81564742831608,0.27111556877811316
b17b,2002-12-17,-68.2018,151.8212,-68.2018,151.8212,-68.2003777528572,151.81679825028073,0.24092821465525527
b17b,2002-12-18,-68.2018,151.8212,-68.2018,151.8212,-68.20038016575543,151.81639077747883,0.25369477934556195
b17b,2002-12-19,-68.2018,151.8212,-68.2018,151.8212,-68.20038605782368,151.81679649892385,0.2403777273387068
b17b,2002-12-20,-68.2018,151.8212,-68.2018,151.8212,-68.20067752904076,151.81532168793092,0.2729373382574963
b17b,2002-12-21,-68.2018,151.8212,-68.2018,151.8212,-68.200374225932,151.81635524694536,0.25525455718833157
b17b,2002-12-22,-68.2018,151.8212,-68.2018,151.8212,-68.20044833827599,151.81561264714531,0.27535148803443454
b17b,2002-12-23,-68.2018,151.8212,-68.2018,151.8212,-68.20054428712085,151.8151035618797,0.287865641201455
b17b,2002-12-24,-68.2018,151.8212,-68.2018,151.8212,-68.20043653146958,151.81558038541925,0.27718459948410734
b17b,2002-12-25,-68.2018,151.8212,-68.2018,151.8212,-68.20045183083431,151.81656609995395,0.24307480564793263
b17b,2002-12-26,-68.2018,151.8212,-68.2018,151.8212,-68.20058527529025,151.81488907821205,0.29351647006435994
b17b,2002-12-27,-68.2018,151.8212,-68.2018,151.8212,-68.20055091394623,151.81506326541893,0.28896691832061844
b17b,2002-12-28,-68.2018,151.8212,-68.2018,151.8212,-68.2004371123775,151.81513383544666,0.2927612234850888
b17b,2002-12-29,-68.2018,151.8212,-68.2018,151.8212,-68.20044368111482,151.81539309403917,0.2832663127808604
b17b,2002-12-30,-68.2018,151.8212,-68.2018,151.8212,-68.20043996321725,151.81628360295258,0.2531459329533997
b21a,2002-01-28,-74.7,-102.97,-74.7,-102.97,-74.69834767936345,-102.97381583093596,0.2151588154153178
b21a,2002-01-29,-74.7,-102.97,-74.7,-102.97,-74.69827473016132,-102.9736364509345,0.2195196104984135
b21a,2002-01-30,-74.7,-102.97,-74.7,-102.97,-74.69839783665832,-102.97207955911965,0.18831291087490093
b21a,2002-01-31,-74.7,-102.97,-74.7,-102.97,-74.69851474031817,-102.97299282230429,0.18704960666642792
b21a,2002-02-01,-74.7,-102.97,-74.7,-102.97,-74.69844006785114,-102.97292987520082,0.19359272272134867
b21a,2002-02-02,-74.7,-102.97,-74.7,-102.97,-74.69826600647555,-102.97401130877408,0.22589898694652352
b21a,2002-02-03,-74.7,-102.97,-74.7,-102.97,-74.69841090730301,-102.97295401914168,0.19681425643855832
b21a,2002-02-04,-74.7,-102.97,-74.7,-102.97,-74.6983457998367,-102.9728118451217,0.20159600274598657
b21a,2002-02-05,-74.7,-102.97,-74.7,-102.97,-74.69851061865297,-102.97308335642319,0.18871349992071823
b21a,2002-02-06,-74.7,-102.97,-74.7,-102.97,-74.69844615456394,-102.97375741376413,0.20495991502158123
b21a,2002-02-07,-74.7,-102.97,-74.7,-102.97,-74.69851061865297,-102.97308335642319,0.18871349992071823
b21a,2002-02-08,-74.7,-102.97,-74.7,-102.97,-74.6983155062884,-102.97318271625308,0.2092981081911708
b21a,2002-02-09,-74.7,-102.97,-74.7,-102.97,-74.69847225216375,-102.9734006113712,0.1970157130171219
b21a,2002-02-10,-74.7,-102.97,-74.7,-102.97,-74.69838549780546,-102.9730283507028,0.20031278065455924
b21a,2002-02-11,-74.7,-102.97,-74.7,-102.97,-74.69840016130149,-102.97197795440493,0.18712231014548542
b21a,2002-02-12,-74.7,-102.97,-74.7,-102.97,-74.69851574443045,-102.97318911466277,0.18972474298872138
b21a,2002-02-13,-74.7,-102.97,-74.7,-102.97,-74.69849494633769,-102.97350524263028,0.19643397968573825
b21a,2002-02-14,-74.7,-102.97,-74.7,-102.97,-74.69848547328499,-102.97267584599321,0.18581179481268095
b21a,2002-02-15,-74.7,-102.97,-74.7,-102.97,-74.69851061865297,-102.97308335642319,0.18871349992071823
b21a,2002-02-16,-74.7,-102.97,-74.7,-102.97,-74.69850975417975,-102.97300484496189,0.1877047758158326
b21a,2002-02-17,-74.7,-102.97,-74.7,-102.97,-74.69851216689392,-102.97305830627216,0.1882108597326082
b21a,2002-02-18,-74.7,-102.97,-74.7,-102.97,-74.69818922278573,-102.97258663370211,0.2151796454619369
b21a,2002-02-19,-74.7,-102.97,-74.7,-102.97,-74.69850158899787,-102.97310577772306,0.18991009037204382
b21a,2002-02-20,-74.7,-102.97,-74.7,-102.97,-74.69850309562683,-102.9732207501357,0.191406144349306
b21a,2002-02-21,-74.7,-102.97,-74.7,-102.97,-74.6983069058042,-102.97424119776056,0.2256783871424706
b21a,2002-02-22,-74.7,-102.97,-74.7,-102.97,-74.69857658469546,-102.97409826807399,0.19877759268539796
b21a,2002-02-23,-74.7,-102.97,-74.7,-102.97,-74.69840517015922,-102.97267725732094,0.19395828806630297
b21a,2002-02-24,-74.7,-102.97,-74.7,-102.97,-74.6983685090744,-102.97313989231284,0.20346851542806005
b21a,2002-02-25,-74.7,-102.97,-74.7,-102.97,-74.69848054212787,-102.97327192325233,0.19432840766222192
b21a,2002-02-26,-74.7,-102.97,-74.7,-102.97,-74.69293803625213,-103.00069105803307,1.1949563701510173
b21a,2002-02-27,-74.7,-102.97,-74.7,-102.97,-74.69854829286493,-102.97393222446314,0.19841935685870715
b21a,2002-02-28,-74.7,-102.97,-74.7,-102.97,-74.69844087471093,-102.973181829534,0.19690823764658227
b21a,2002-03-01,-74.7,-102.97,-74.7,-102.97,-74.6983399727529,-102.97297884334786,0.20423603079586605
b21a,2002-03-02,-74.7,-102.97,-74.7,-102.97,-74.69843838109063,-102.97305448729774,0.19541062799901018
b21a,2002-03-03,-74.7,-102.97,-74.7,-102.97,-74.69972576111114,-102.98361491188435,0.40064547870650336
b21a,2002-03-04,-74.7,-102.97,-74.7,-102.97,-74.69843267697752,-102.97381230944411,0.20709050357691478
b21a,2002-03-05,-74.7,-102.97,-74.7,-102.97,-74.69840517015922,-102.97267725732094,0.19395828806630297
b21a,2002-03-06,-74.7,-102.97,-74.7,-102.97,-74.69731040331767,-102.9688654059187,0.30091696180544675
b21a,2002-03-07,-74.7,-102.97,-74.7,-102.97,-74.69833186052672,-102.97153380953714,0.19087068016827585
b21a,2002-03-08,-74.7,-102.97,-74.7,-102.97,-74.69825066606315,-102.97190110353826,0.20235796496416153
b21a,2002-03-09,-74.7,-102.97,-74.7,-102.97,-74.6980338083074,-102.97330554569771,0.23918066315307368
b21a,2002-03-10,-74.7,-102.97,-74.7,-102.97,-74.69840959079363,-102.97258769197299,0.19245702166502396
b21a,2002-03-11,-74.7,-102.97,-74.7,-102.97,-74.69841039332107,-102.97270342577296,0.19374053426098387
b21a,2002-03-12,-74.7,-102.97,-74.7,-102.97,-74.69841576060051,-102.97200228816978,0.18569873320503888
b21a,2002-03-13,-74.7,-102.97,-74.7,-102.97,-74.69740302469303,-102.96942722357076,0.289259189755997
b21a,2002-03-14,-74.7,-102.97,-74.7,-102.97,-74.69838534827974,-102.97195314310417,0.18846624795617353
b21a,2002-03-15,-74.7,-102.97,-74.7,-102.97,-74.69639293264999,-102.96526962190173,0.42442893496061496
b21a,2002-03-16,-74.7,-102.97,-74.7,-102.97,-74.69833967310251,-102.97372541902166,0.21455581475352115
b21a,2002-03-17,-74.7,-102.97,-74.7,-102.97,-74.7011443022579,-102.9687882052369,0.13211467118411824
b21a,2002-03-18,-74.7,-102.97,-74.7,-102.97,-74.69832621361263,-102.9740191735076,0.22033578765460327
b21a,2002-03-19,-74.7,-102.97,-74.7,-102.97,-74.6983054094967,-102.97242749271038,0.2014435204353295
b21a,2002-03-20,-74.7,-102.97,-74.7,-102.97,-74.69829100531796,-102.97179887631113,0.1972261917274521
b21a,2002-03-21,-74.7,-102.97,-74.7,-102.97,-74.698867763049,-102.97339305558135,0.16050805045185623
b21a,2002-03-22,-74.7,-102.97,-74.7,-102.97,-74.69830299926574,-102.97223189655442,0.19973952587931473
b21a,2002-03-23,-74.7,-102.97,-74.7,-102.97,-74.6983885338168,-102.97191540662209,0.18779447546385047
b21a,2002-03-24,-74.7,-102.97,-74.7,-102.97,-74.69776713507784,-102.9695191084749,0.24868392270321346
b21a,2002-03-25,-74.7,-102.97,-74.7,-102.97,-74.6963617178761,-102.97611416458959,0.44255918854076626
b21a,2002-03-26,-74.7,-102.97,-74.7,-102.97,-74.69819110321352,-102.9734941543631,0.22576442355864076
b21a,2002-03-27,-74.7,-102.97,-74.7,-102.97,-74.69840519806927,-102.97314269922971,0.19987757189990576
b21a,2002-03-28,-74.7,-102.97,-74.7,-102.97,-74.69829100531796,-102.97179887631113,0.1972261917274521
b21a,2002-03-29,-74.7,-102.97,-74.7,-102.97,-74.6982270179564,-102.97247950431341,0.21014336989126464
b21a,2002-03-30,-74.7,-102.97,-74.7,-102.97,-74.69843275384238,-102.97291233264211,0.19409457299338634
b21a,2002-03-31,-74.7,-102.97,-74.7,-102.97,-74.69432005788147,-102.99996353845773,1.0826426397688613
b21a,2002-04-01,-74.7,-102.97,-74.7,-102.97,-74.69572303490179,-102.98885793720794,0.7296689708250774
b21a,2002-04-02,-74.7,-102.97,-74.7,-102.97,-74.69549164274653,-102.9826332508817,0.6234972305210078
b21a,2002-04-03,-74.7,-102.97,-74.7,-102.97,-74.69630256820442,-102.98477732806403,0.5975569235518491
b21a,2002-04-04,-74.7,-102.97,-74.7,-102.97,-74.69846904708632,-102.97334816696825,0.1965494011059542
b21a,2002-04-05,-74.7,-102.97,-74.7,-102.97,-74.69841251207802,-102.97316024178842,0.19939522932439213
b21a,2002-04-06,-74.7,-102.97,-74.7,-102.97,-74.6982193777098,-102.97273934511932,0.21369026098843147
b21a,2002-04-07,-74.7,-102.97,-74.7,-102.97,-74.69767287515877,-102.97022177675285,0.25884629483752
b21a,2002-04-08,-74.7,-102.97,-74.7,-102.97,-74.69828865229246,-102.97141659677675,0.1947801867001446
b21a,2002-04-09,-74.7,-102.97,-74.7,-102.97,-74.69845683515722,-102.9720436808934,0.18176888064456959
b21a,2002-04-10,-74.7,-102.97,-74.7,-102.97,-74.69851216689392,-102.97305830627216,0.1882108597326082
b21a,2002-04-11,-74.7,-102.97,-74.7,-102.97,-74.69849030902077,-102.97621118291144,0.24778331356693392
b21a,2002-04-12,-74.7,-102.97,-74.7,-102.97,-74.6943758945941,-102.96804405705183,0.6280007299501714
b21a,2002-04-13,-74.7,-102.97,-74.7,-102.97,-74.6960293720025,-102.96133697301656,0.509470947750049
b21a,2002-04-14,-74.7,-102.97,-74.7,-102.97,-74.69825061834071,-102.97174416117998,0.2011423111668778
b21a,2002-04-15,-74.7,-102.97,-74.7,-102.97,-74.6982361990689,-102.97251337251087,0.20953362640076292
b21a,2002-04-16,-74.7,-102.97,-74.7,-102.97,-74.69840162703957,-102.97285489862003,0.19648371007670806
b21a,2002-04-17,-74.7,-102.97,-74.7,-102.97,-74.69845066163319,-102.97622679401259,0.25112429220338367
b21a,2002-04-18,-74.7,-102.97,-74.7,-102.97,-74.69840517015922,-102.97267725732094,0.19395828806630297
b21a,2002-04-19,-74.7,-102.97,-74.7,-102.97,-74.69831614539311,-102.97191721915527,0.19550494054910242
b21a,2002-04-20,-74.7,-102.97,-74.7,-102.97,-74.69830705141229,-102.9719805341991,0.1970136012322963
b21a,2002-04-21,-74.7,-102.97,-74.7,-102.97,-74.69840959079363,-102.97258769197299,0.19245702166502396
b21a,2002-04-22,-74.7,-102.97,-74.6753,-102.8197,-74.69843560159636,-102.97286842461172,5.181645351710089
b21a,2002-04-23,-74.6753,-102.8197,-74.6753,-102.8197,-74.66633326530919,-102.7997482336891,1.1567642315664468
b21a,2002-04-24,-74.6753,-102.8197,-74.6753,-102.8197,-74.66647379349904,-102.80369750999077,1.0883409378347242
b21a,2002-04-25,-74.6753,-102.8197,-74.6753,-102.8197,-74.67371225722809,-102.82223891452723,0.19166930934998241
b21a,2002-04-26,-74.6753,-102.8197,-74.6753,-102.8197,-74.67374845510057,-102.8233067713536,0.2024855555182673
b21a,2002-04-27,-74.6753,-102.8197,-74.6753,-102.8197,-74.6742910584045,-102.84464488050853,0.7416279563552035
b21a,2002-04-28,-74.6753,-102.8197,-74.6753,-102.8197,-74.67380982727029,-102.82280514912695,0.18916722614803985
b21a,2002-04-29,-74.6753,-102.8197,-74.6753,-102.8197,-74.6737966377323,-102.82414352061605,0.21212838675225076
b21a,2002-04-30,-74.6753,-102.8197,-74.6753,-102.8197,-74.67371604163476,-102.82252216987038,0.1946800354012946
b21a,2002-05-01,-74.6753,-102.8197,-74.6753,-102.8197,-74.67300594913448,-102.8199452671179,0.2551886451963659
b21a,2002-05-02,-74.6753,-102.8197,-74.6753,-102.8197,-74.67325751571093,-102.81940988184459,0.2272738860117251
b21a,2002-05-03,-74.6753,-102.8197,-74.749,-102.726,-74.67371323956405,-102.82168229501673,8.829065826449108
b21a,2002-05-04,-74.749,-102.726,-74.7812,-102.6557,-74.76849022086407,-102.7273734768468,2.525423002069141
b21a,2002-05-05,-74.7812,-102.6557,-74.8317,-102.6797,-74.79751119139416,-102.63547425963621,4.0139337551765
b21a,2002-05-06,-74.8317,-102.6797,-74.8826,-102.6037,-74.8637102384004,-102.71426996015798,3.8348147725507924
b21a,2002-05-07,-74.8826,-102.6037,-74.9158,-102.7436,-74.91026308627114,-102.58178090270809,4.72371997810831
b21a,2002-05-08,-74.9158,-102.7436,-74.8742,-102.9562,-74.92715788281957,-102.75973598837484,8.189009949332759
b21a,2002-05-09,-74.8742,-102.9562,-74.808,-103.1054,-74.85686522642501,-103.07162738861969,5.521689126250424
b21a,2002-05-10,-74.808,-103.1054,-74.7658,-103.2451,-74.76238869245547,-103.20425947430557,1.2522473044220126
b21a,2002-05-11,-74.7658,-103.2451,-74.7111,-103.205,-74.7371716706576,-103.33191960620276,4.7148531522797095
b21a,2002-05-12,-74.7111,-103.205,-74.7111,-103.205,-74.68870475480301,-103.18786584824947,2.540478912076553
b21a,2002-05-13,-74.7111,-103.205,-74.7111,-103.205,-74.70367246721833,-103.20248225552285,0.8291981562175842
b21a,2002-05-14,-74.7111,-103.205,-74.7111,-103.205,-74.70953398374854,-103.20798277807236,0.1948634635078561
b21a,2002-05-15,-74.7111,-103.205,-74.7111,-103.205,-74.70952945598152,-103.2080949384405,0.1968081804948175
b21a,2002-05-16,-74.7111,-103.205,-74.7111,-103.205,-74.70893528889317,-103.20626454691525,0.24354415700351142
b21a,2002-05-17,-74.7111,-103.205,-74.7111,-103.205,-74.70887267237686,-103.20253510313408,0.257998479766806
b21a,2002-05-18,-74.7111,-103.205,-74.7111,-103.205,-74.70892842674796,-103.20469408767896,0.24163448421142963
b21a,2002-05-19,-74.7111,-103.205,-74.7111,-103.205,-74.70942615754876,-103.20701023263838,0.19523351084741042
b21a,2002-05-20,-74.7111,-103.205,-74.7111,-103.205,-74.70946057453787,-103.20724400146568,0.19380723211275935
b21a,2002-05-21,-74.7111,-103.205,-74.7111,-103.205,-74.70930753127466,-103.20675812910154,0.20587248784737608
b21a,2002-05-22,-74.7111,-103.205,-74.7111,-103.205,-74.7080637426675,-103.2019855278117,0.34899634060791496
b21a,2002-05-23,-74.7111,-103.205,-74.7111,-103.205,-74.70644708336441,-103.20002463878795,0.5375595109531598
b21a,2002-05-24,-74.7111,-103.205,-74.7111,-103.205,-74.70949414586049,-103.20698802167867,0.1878370264820747
b21a,2002-05-25,-74.7111,-103.205,-74.7111,-103.205,-74.70929292477169,-103.20708100517557,0.20999840518825094
b21a,2002-05-26,-74.7111,-103.205,-74.7111,-103.205,-74.70508610287379,-103.20317082461335,0.6708629481465513
b21a,2002-05-27,-74.7111,-103.205,-74.7111,-103.205,-74.70948841447213,-103.20797418403615,0.19929410541357329
b21a,2002-05-28,-74.7111,-103.205,-74.7116,-103.2648,-74.70937093897409,-103.20704412556755,1.7115435311148044
b21a,2002-05-29,-74.7116,-103.2648,-74.712,-103.3246,-74.71191424086864,-103.26065141891128,1.8749301058602474
b21a,2002-05-30,-74.712,-103.3246,-74.712,-103.3246,-74.71081585260737,-103.32720195425676,0.1521754021378342
b21a,2002-05-31,-74.712,-103.3246,-74.712,-103.3246,-74.7089573456534,-103.33322152653399,0.42234169769054336
b21a,2002-06-01,-74.712,-103.3246,-74.712,-103.3246,-74.71027600436155,-103.32628006430723,0.19792752031834626
b21a,2002-06-02,-74.712,-103.3246,-74.712,-103.3246,-74.71027578575551,-103.32635684565943,0.1985232682039686
b21a,2002-06-03,-74.712,-103.3246,-74.712,-103.3246,-74.71043851826303,-103.32741425794505,0.19223866093383551
b21a,2002-06-04,-74.712,-103.3246,-74.712,-103.3246,-74.7110580798352,-103.32507777871315,0.10566938803500359
b21a,2002-06-05,-74.712,-103.3246,-74.712,-103.3246,-74.71027578575551,-103.32635684565943,0.1985232682039686
b21a,2002-06-06,-74.712,-103.3246,-74.712,-103.3246,-74.71102360091233,-103.32833356935626,0.15417753126626793
b21a,2002-06-07,-74.712,-103.3246,-74.712,-103.3246,-74.70940955096692,-103.3237508913643,0.2891187653086693
b21a,2002-06-08,-74.712,-103.3246,-74.712,-103.3246,-74.71034122233607,-103.32681994739939,0.19559556261360475
b21a,2002-06-09,-74.712,-103.3246,-74.712,-103.3246,-74.71037507846961,-103.32650661898062,0.18913350924128502
b21a,2002-06-10,-74.712,-103.3246,-74.712,-103.3246,-74.71030288175159,-103.3263576563076,0.19562133437116797
b21a,2002-06-11,-74.712,-103.3246,-74.712,-103.3246,-74.70961299323997,-103.32467734479214,0.26543272985852373
b21a,2002-06-12,-74.712,-103.3246,-74.712,-103.3246,-74.7100081382858,-103.32461866196809,0.2214855931088521
b21a,2002-06-13,-74.712,-103.3246,-74.712,-103.3246,-74.70999943293153,-103.32433158316836,0.22259208489603544
b21a,2002-06-14,-74.712,-103.3246,-74.6969,-103.2709,-74.70977361524712,-103.32497978130709,2.136800082526051
b21a,2002-06-15,-74.6969,-103.2709,-74.6969,-103.2709,-74.68646110262142,-103.25783699158097,1.222460839007923
b21a,2002-06-16,-74.6969,-103.2709,-74.6969,-103.2709,-74.69322561546203,-103.26977980324696,0.40989367099803653
b21a,2002-06-17,-74.6969,-103.2709,-74.6969,-103.2709,-74.69588406253955,-103.27235277377491,0.12074520614842808
b21a,2002-06-18,-74.6969,-103.2709,-74.6969,-103.2709,-74.69519792741497,-103.27264854379439,0.19609572765393304
b21a,2002-06-19,-74.6969,-103.2709,-74.6969,-103.2709,-74.69532541200077,-103.27349473123617,0.19093001490044323
b21a,2002-06-20,-74.6969,-103.2709,-74.6969,-103.2709,-74.69346188516603,-103.26620661595389,0.4063616118448054
b21a,2002-06-21,-74.6969,-103.2709,-74.6969,-103.2709,-74.69509650422528,-103.27355498553328,0.2151459131773386
b21a,2002-06-22,-74.6969,-103.2709,-74.6969,-103.2709,-74.69531430672629,-103.27375214717212,0.19518173406111197
b21a,2002-06-23,-74.6969,-103.2709,-74.6872,-103.4699,-74.69552931080672,-103.27517614382516,5.7911459897424375
b21a,2002-06-24,-74.6872,-103.4699,-74.6872,-103.4699,-74.67996446994184,-103.50458010095885,1.298039873866652
b21a,2002-06-25,-74.6872,-103.4699,-74.6872,-103.4699,-74.67939044554653,-103.50342851830322,1.3129963821464146
b21a,2002-06-26,-74.6872,-103.4699,-74.6707,-103.4829,-74.68526657684495,-103.46990453935241,1.6641289343833565
b21a,2002-06-27,-74.6707,-103.4829,-74.6707,-103.4829,-74.65273597561976,-103.49564616156623,2.0323857393224785
b21a,2002-06-28,-74.6707,-103.4829,-74.6707,-103.4829,-74.66731991922298,-103.49099148865189,0.44480404421696634
b21a,2002-06-29,-74.6707,-103.4829,-74.6707,-103.4829,-74.66895294416662,-103.48453042219947,0.20008940598610736
b21a,2002-06-30,-74.6707,-103.4829,-74.6707,-103.4829,-74.66909393040959,-103.48482069711726,0.18730037860725496
b21a,2002-07-01,-74.6707,-103.4829,-74.6707,-103.4829,-74.66901277434063,-103.48466314998743,0.19463938016653615
b21a,2002-07-02,-74.6707,-103.4829,-74.6707,-103.4829,-74.66910919528138,-103.48561658798495,0.19408169452885551
b21a,2002-07-03,-74.6707,-103.4829,-74.6707,-103.4829,-74.66921867080877,-103.48601292465607,0.18843031099048682
b21a,2002-07-04,-74.6707,-103.4829,-74.6707,-103.4829,-74.66612729912218,-103.50128565287055,0.7421075078018111
b21a,2002-07-05,-74.6707,-103.4829,-74.6707,-103.4829,-74.66932289346452,-103.48853042754438,0.22548824514946447
b21a,2002-07-06,-74.6707,-103.4829,-74.6707,-103.4829,-74.66900063331386,-103.48531546694198,0.20186275451227692
b21a,2002-07-07,-74.6707,-103.4829,-74.6707,-103.4829,-74.65730626540287,-103.36527337841021,3.7662256064533173
b21a,2002-07-08,-74.6707,-103.4829,-74.6707,-103.4829,-74.66815477531632,-103.48116522963778,0.28757446573942547
b21a,2002-07-09,-74.6707,-103.4829,-74.6707,-103.4829,-74.66913830281212,-103.48564693338365,0.1915108500040694
b21a,2002-07-10,-74.6707,-103.4829,-74.6707,-103.4829,-74.66891631888868,-103.48385326193933,0.20030631720460987
b21a,2002-07-11,-74.6707,-103.4829,-74.6707,-103.4829,-74.66901820750414,-103.48596122502501,0.20753387782497135
b21a,2002-07-12,-74.6707,-103.4829,-74.6707,-103.4829,-74.66918232619813,-103.4860792042893,0.19290955337379595
b21a,2002-07-13,-74.6707,-103.4829,-74.6707,-103.4829,-74.66671786182991,-103.49894258596127,0.6469315880636614
b21a,2002-07-14,-74.6707,-103.4829,-74.6707,-103.4829,-74.66934281915472,-103.48743232428596,0.20131294056593615
b21a,2002-07-15,-74.6707,-103.4829,-74.6707,-103.4829,-74.66965194651229,-103.48704638120518,0.1686380353786849
b21a,2002-07-16,-74.6707,-103.4829,-74.6707,-103.4829,-74.66902984183704,-103.4863945562526,0.21223393757221964
b21a,2002-07-17,-74.6707,-103.4829,-74.6707,-103.4829,-74.66916438273498,-103.48625427032172,0.1971800971829024
b21a,2002-07-18,-74.6707,-103.4829,-74.6707,-103.4829,-74.66901871713482,-103.48668547807215,0.21756517955998783
b21a,2002-07-19,-74.6707,-103.4829,-74.6707,-103.4829,-74.6691749533795,-103.48617912014313,0.19506190114206773
b21a,2002-07-20,-74.6707,-103.4829,-74.6707,-103.4829,-74.66919055738809,-103.48635670468813,0.19620765395775389
b21a,2002-07-21,-74.6707,-103.4829,-74.6707,-103.4829,-74.66922221567214,-103.48596790198162,0.18744543420278192
b21a,2002-07-22,-74.6707,-103.4829,-74.6707,-103.4829,-74.66919310349473,-103.48585019843888,0.1886742614569528
b21a,2002-07-23,-74.6707,-103.4829,-74.6707,-103.4829,-74.66917231591772,-103.4862562501271,0.19644590418679952
b21a,2002-07-24,-74.6707,-103.4829,-74.6707,-103.4829,-74.66905801443212,-103.48596086545953,0.20354968169026869
b21a,2002-07-25,-74.6707,-103.4829,-74.6707,-103.4829,-74.66786254820813,-103.49506218324754,0.47685601985273085
b21a,2002-07-26,-74.6707,-103.4829,-74.6707,-103.4829,-74.66900811071244,-103.48520600148231,0.19997092721307144
b21a,2002-07-27,-74.6707,-103.4829,-74.6707,-103.4829,-74.6690507699052,-103.48510403805675,0.19449590784796805
b21a,2002-07-28,-74.6707,-103.4829,-74.6707,-103.4829,-74.66087019175632,-103.39001231626388,2.9419785316473694
b21a,2002-07-29,-74.6707,-103.4829,-74.6707,-103.4829,-74.66964064146,-103.48336860895199,0.11859807635408356
b21a,2002-07-30,-74.6707,-103.4829,-74.6707,-103.4829,-74.66890304895178,-103.48536171719601,0.2125137137871743
b21a,2002-07-31,-74.6707,-103.4829,-74.6707,-103.4829,-74.66911575479433,-103.48557649288713,0.1929334508270766
b21a,2002-08-01,-74.6707,-103.4829,-74.6707,-103.4829,-74.66918232619813,-103.4860792042893,0.19290955337379595
b21a,2002-08-02,-74.6707,-103.4829,-74.6707,-103.4829,-74.66866898821641,-103.48496671091208,0.2338682345434938
b21a,2002-08-03,-74.6707,-103.4829,-74.6707,-103.4829,-74.6690767486715,-103.4857093237349,0.19849434287356907
b21a,2002-08-04,-74.6707,-103.4829,-74.6707,-103.4829,-74.66921844564621,-103.4859676234347,0.18780910981851845
b21a,2002-08-05,-74.6707,-103.4829,-74.6707,-103.4829,-74.66749836305165,-103.47443271246674,0.4344041143959607
b21a,2002-08-06,-74.6707,-103.4829,-74.6707,-103.4829,-74.66820825273325,-103.48496882838442,0.28366657504107284
b21a,2002-08-07,-74.6707,-103.4829,-74.6707,-103.4829,-74.66900811071244,-103.48520600148231,0.19997092721307144
b21a,2002-08-08,-74.6707,-103.4829,-74.6707,-103.4829,-74.66911200993076,-103.48536538715845,0.19087195579968236
b21a,2002-08-09,-74.6707,-103.4829,-74.6707,-103.4829,-74.6685722392676,-103.48235200251023,0.23714404359263025
b21a,2002-08-10,-74.6707,-103.4829,-74.7372,-103.2159,-74.66825000770463,-103.48283214255399,10.959105747478105
b21a,2002-08-11,-74.7372,-103.2159,-74.7372,-103.2159,-74.75099299775133,-103.13064686481482,2.9281935553819993
b21a,2002-08-12,-74.7372,-103.2159,-74.7085,-103.2918,-74.72764261417848,-103.17405526447702,4.054482086476347
b21a,2002-08-13,-74.7085,-103.2918,-74.71,-103.1044,-74.69364017116227,-103.29606393404069,5.909957864764952
b21a,2002-08-14,-74.71,-103.1044,-74.71,-103.1044,-74.70141645644262,-103.05243797463983,1.7982738874446178
b21a,2002-08-15,-74.71,-103.1044,-74.7522,-102.9247,-74.70388605924218,-103.08732892918195,7.179788814671542
b21a,2002-08-16,-74.7522,-102.9247,-74.7729,-102.7956,-74.7479431298942,-102.9038117149471,4.207680755411902
b21a,2002-08-17,-74.7729,-102.7956,-74.7788,-102.9112,-74.77771178467796,-102.74536100387033,4.843151124516947
b21a,2002-08-18,-74.7788,-102.9112,-74.7305,-102.8883,-74.77071995159524,-102.88271307414946,4.47523853631145
b21a,2002-08-19,-74.7305,-102.8883,-74.7418,-103.0959,-74.70851226632882,-102.89492984404707,6.954167071215388
b21a,2002-08-20,-74.7418,-103.0959,-74.7418,-103.0959,-74.73423029216339,-103.11636155936102,1.0330431972076848
b21a,2002-08-21,-74.7418,-103.0959,-74.7418,-103.0959,-74.7380402261762,-103.111740964546,0.6242724719156948
b21a,2002-08-22,-74.7418,-103.0959,-74.7418,-103.0959,-74.74018910900465,-103.09772043070221,0.1868773740017807
b21a,2002-08-23,-74.7418,-103.0959,-74.7418,-103.0959,-74.74003490506132,-103.09707482382866,0.1992581345204172
b21a,2002-08-24,-74.7418,-103.0959,-74.7581,-102.9106,-74.74013010325767,-103.09865795745584,5.8522651059383985
b21a,2002-08-25,-74.7581,-102.9106,-74.7581,-102.9106,-74.75755695712142,-102.88030117092947,0.8877839469285765
b21a,2002-08-26,-74.7581,-102.9106,-74.7581,-102.9106,-74.74964632786602,-102.90191406170091,0.9737128001429441
b21a,2002-08-27,-74.7581,-102.9106,-74.7581,-102.9106,-74.75596223180183,-102.91479529793817,0.26748462687132046
b21a,2002-08-28,-74.7581,-102.9106,-74.7581,-102.9106,-74.75586442213482,-102.91362866650267,0.2638828422788401
b21a,2002-08-29,-74.7581,-102.9106,-74.7581,-102.9106,-74.75393744517632,-102.90867539567999,0.4662626831255067
b21a,2002-08-30,-74.7581,-102.9106,-74.7581,-102.9106,-74.75615818068505,-102.91597075262986,0.26697189486621076
b21a,2002-08-31,-74.7581,-102.9106,-74.6982,-103.2057,-74.7561536944712,-102.9159770052638,10.65556327876626
b21a,2002-09-01,-74.6982,-103.2057,-74.6696,-103.3756,-74.67340744113757,-103.29270524179893,2.473171427951718
b21a,2002-09-02,-74.6696,-103.3756,-74.6696,-103.3756,-74.65216982235486,-103.49259041685403,3.9494825715713673
b21a,2002-09-03,-74.6696,-103.3756,-74.6696,-103.3756,-74.66317926396327,-103.3908188604002,0.8426059913599168
b21a,2002-09-04,-74.6696,-103.3756,-74.6696,-103.3756,-74.66811780608259,-103.37855561256119,0.18631611948221619
b21a,2002-09-05,-74.6696,-103.3756,-74.6696,-103.3756,-74.6681082570247,-103.37854299356745,0.1870841781875112
b21a,2002-09-06,-74.6696,-103.3756,-74.6696,-103.3756,-74.66804357592667,-103.37866033830593,0.19505678036478596
b21a,2002-09-07,-74.6696,-103.3756,-74.6696,-103.3756,-74.6681057968426,-103.37869925890763,0.1894925411916709
b21a,2002-09-08,-74.6696,-103.3756,-74.6696,-103.3756,-74.66597269026315,-103.37434594560855,0.4050202302352732
b21a,2002-09-09,-74.6696,-103.3756,-74.6696,-103.3756,-74.66799763269087,-103.3795804583427,0.21316917581149858
b21a,2002-09-10,-74.6696,-103.3756,-74.6696,-103.3756,-74.66811555487018,-103.37864808017684,0.18781934954576768
b21a,2002-09-11,-74.6696,-103.3756,-74.6696,-103.3756,-74.66788606288151,-103.37925843160163,0.21883725127429834
b21a,2002-09-12,-74.6696,-103.3756,-74.6696,-103.3756,-74.6680707676768,-103.37898130027813,0.19696892336134628
b21a,2002-09-13,-74.6696,-103.3756,-74.6696,-103.3756,-74.66802972328722,-103.37857990857621,0.19535296143223266
b21a,2002-09-14,-74.6696,-103.3756,-74.6696,-103.3756,-74.66793364696947,-103.37819095067668,0.2003366652821369
b21a,2002-09-15,-74.6696,-103.3756,-74.6696,-103.3756,-74.6680749533795,-103.37887912014314,0.1950652375990413
b21a,2002-09-16,-74.6696,-103.3756,-74.6696,-103.3756,-74.66792431973015,-103.37850906441776,0.20501827732776812
b21a,2002-09-17,-74.6696,-103.3756,-74.6696,-103.3756,-74.66690261885718,-103.37775602321283,0.3065602652463801
b21a,2002-09-18,-74.6696,-103.3756,-74.7147,-103.3253,-74.66782293345963,-103.3787328026619,5.443415699693027
b21a,2002-09-19,-74.7147,-103.3253,-74.7674,-102.8871,-74.7269433902621,-103.3149661600054,13.300226147689239
b21a,2002-09-20,-74.7674,-102.8871,-74.7674,-102.8871,-74.76853280436508,-102.76002358386243,3.7145581379203647
b21a,2002-09-21,-74.7674,-102.8871,-74.7533,-102.5514,-74.75231341058577,-102.8481895081964,8.67954593927398
b21a,2002-09-22,-74.7533,-102.5514,-74.7533,-102.5514,-74.74768061587301,-102.52939464365079,0.8970159177462952
b21a,2002-09-23,-74.7533,-102.5514,-74.7533,-102.5514,-74.74306528904208,-102.53439701221205,1.2419810077754205
b21a,2002-09-24,-74.7533,-102.5514,-74.7533,-102.5514,-74.75117725982241,-102.55605829702556,0.2725274136829351
b21a,2002-09-25,-74.7533,-102.5514,-74.7533,-102.5514,-74.75129301377677,-102.55667750944235,0.27133354774649415
b21a,2002-09-26,-74.7533,-102.5514,-74.7074,-102.4953,-74.75113985039971,-102.55568954464677,5.175232392921691
b21a,2002-09-27,-74.7074,-102.4953,-74.7074,-102.4953,-74.68870969275285,-102.48933557598097,2.085624419143759
b21a,2002-09-28,-74.7074,-102.4953,-74.7074,-102.4953,-74.70281021808186,-102.49359949390474,0.5127920689069818
b21a,2002-09-29,-74.7074,-102.4953,-74.7074,-102.4953,-74.70556536358116,-102.49574873558379,0.20442635935776443
b21a,2002-09-30,-74.7074,-102.4953,-74.7074,-102.4953,-74.70571614539311,-102.49721721915527,0.1954973000249823
b21a,2002-10-01,-74.7074,-102.4953,-74.7074,-102.4953,-74.7056552664598,-102.49789477520893,0.2083980072491172
b21a,2002-10-02,-74.7074,-102.4953,-74.7074,-102.4953,-74.70572836881027,-102.49749718318901,0.1967305445623132
b21a,2002-10-03,-74.7074,-102.4953,-74.7074,-102.4953,-74.70579316833984,-102.49718249069537,0.18700757117766262
b21a,2002-10-04,-74.7074,-102.4953,-74.7074,-102.4953,-74.70581370933381,-102.49734561322718,0.18631164803611622
b21a,2002-10-05,-74.7074,-102.4953,-74.7074,-102.4953,-74.70580959079363,-102.49788769197299,0.1924428821328814
b21a,2002-10-06,-74.7074,-102.4953,-74.7074,-102.4953,-74.7057155062884,-102.49848271625308,0.209278439300318
b21a,2002-10-07,-74.7074,-102.4953,-74.7074,-102.4953,-74.7058104626412,-102.49786856144385,0.19213311205105665
b21a,2002-10-08,-74.7074,-102.4953,-74.7074,-102.4953,-74.70579514750412,-102.49793459850675,0.1944623202900025
b21a,2002-10-09,-74.7074,-102.4953,-74.7074,-102.4953,-74.70587657153271,-102.49881961812498,0.19837148901177984
b21a,2002-10-10,-74.7074,-102.4953,-74.7074,-102.4953,-74.70573635307353,-102.4977423971249,0.1983740899162894
b21a,2002-10-11,-74.7074,-102.4953,-74.7074,-102.4953,-74.7057155062884,-102.49848271625308,0.209278439300318
b21a,2002-10-12,-74.7074,-102.4953,-74.7074,-102.4953,-74.70584006785114,-102.49822987520082,0.19357470264085302
b21a,2002-10-13,-74.7074,-102.4953,-74.7074,-102.4953,-74.70583009004541,-102.49845765378414,0.19761082688758874
b21a,2002-10-14,-74.7074,-102.4953,-74.7074,-102.4953,-74.70579459555118,-102.49807308224408,0.19616747469364015
b21a,2002-10-15,-74.7074,-102.4953,-74.7074,-102.4953,-74.70580517015922,-102.49797725732094,0.19394326991484004
b21a,2002-10-16,-74.7074,-102.4953,-74.7074,-102.4953,-74.70571007312488,-102.49718464121548,0.19587229554784671
b21a,2002-10-17,-74.7074,-102.4953,-74.7074,-102.4953,-74.70567684073454,-102.49706732290937,0.19849393029591686
b21a,2002-10-18,-74.7074,-102.4953,-74.7043,-102.6408,-74.70578935349303,-102.497193811097,4.215495765329869
b21a,2002-10-19,-74.7043,-102.6408,-74.7043,-102.6408,-74.7044008330698,-102.64243198698837,0.049166887997877
b21a,2002-10-20,-74.7043,-102.6408,-74.7043,-102.6408,-74.6963948214824,-102.6553108121707,0.9766974697134434
b21a,2002-10-21,-74.7043,-102.6408,-74.7043,-102.6408,-74.70263322500406,-102.64266095011867,0.19320952338008981
b21a,2002-10-22,-74.7043,-102.6408,-74.7043,-102.6408,-74.70257684073454,-102.64256732290937,0.19849660876035657
b21a,2002-10-23,-74.7043,-102.6408,-74.7043,-102.6408,-74.70307070297311,-102.64428651848007,0.1707184374621834
b21a,2002-10-24,-74.7043,-102.6408,-74.7043,-102.6408,-74.70270599758045,-102.64275087295101,0.18625487457813847
b21a,2002-10-25,-74.7043,-102.6408,-74.7043,-102.6408,-74.70259155602314,-102.64372928985699,0.2085012010994249
b21a,2002-10-26,-74.7043,-102.6408,-74.7043,-102.6408,-74.70275116882773,-102.64479667652553,0.20834116554023435
b21a,2002-10-27,-74.7043,-102.6408,-74.7043,-102.6408,-74.70279685318322,-102.64531084517746,0.21318130424456938
b21a,2002-10-28,-74.7043,-102.6408,-74.7043,-102.6408,-74.70117849338233,-102.65575090661028,0.5593282087200456
b21a,2002-10-29,-74.7043,-102.6408,-74.7043,-102.6408,-74.7027730138974,-102.64410687404072,0.19555027392706334
b21a,2002-10-30,-74.7043,-102.6408,-74.7043,-102.6408,-74.70206004365984,-102.64034149154591,0.24943469822658457
b21a,2002-10-31,-74.7043,-102.6408,-74.7043,-102.6408,-74.7026054094967,-102.64322749271038,0.2014366120652893
b21a,2002-11-01,-74.7043,-102.6408,-74.7043,-102.6408,-74.70279793050945,-102.64383673887856,0.18929365980213936
b21a,2002-11-02,-74.7043,-102.6408,-74.7043,-102.6408,-74.70268968421006,-102.64379026063044,0.1993907652255492
b21a,2002-11-03,-74.7043,-102.6408,-74.7043,-102.6408,-74.70262929805536,-102.64273838302793,0.19428106445968024
b21a,2002-11-04,-74.7043,-102.6408,-74.7043,-102.6408,-74.7015628658542,-102.64528411488699,0.33156659636898955
b21a,2002-11-05,-74.7043,-102.6408,-74.7043,-102.6408,-74.70148507063625,-102.64628249141224,0.35190942133231856
b21a,2002-11-06,-74.7043,-102.6408,-74.7043,-102.6408,-74.70280975417975,-102.64380484496189,0.1876934156457397
b21a,2002-11-07,-74.7043,-102.6408,-74.7043,-102.6408,-74.70273037843451,-102.64364225615968,0.19342650074151094
b21a,2002-11-08,-74.7043,-102.6408,-74.7043,-102.6408,-74.70280309562683,-102.6440207501357,0.1913933453588161
b21a,2002-11-09,-74.7043,-102.6408,-74.7043,-102.6408,-74.70265705383413,-102.64371580094752,0.20171960254859347
b21a,2002-11-10,-74.7043,-102.6408,-74.7043,-102.6408,-74.70031246684721,-102.64119843039974,0.44354749958074197
b21a,2002-11-11,-74.7043,-102.6408,-74.7043,-102.6408,-74.70271039332107,-102.64350342577296,0.19373162539262204
b21a,2002-11-12,-74.7043,-102.6408,-74.7043,-102.6408,-74.70257308769489,-102.64253423097388,0.19864865321575198
b21a,2002-11-13,-74.7043,-102.6408,-74.7043,-102.6408,-74.70259001772968,-102.64256198783426,0.1970415070304765
b21a,2002-11-14,-74.7043,-102.6408,-74.7043,-102.6408,-74.70268549780546,-102.6438283507028,0.2003019683102668
b21a,2002-11-15,-74.7043,-102.6408,-74.7043,-102.6408,-74.70258303505013,-102.64258406611388,0.19796110161735295
b21a,2002-11-16,-74.7043,-102.6408,-74.7043,-102.6408,-74.70257829383573,-102.6428048195544,0.20027466389136556
b21a,2002-11-17,-74.7043,-102.6408,-74.7043,-102.6408,-74.70222023107267,-102.64062066193998,0.2313195859347189
b21a,2002-11-18,-74.7043,-102.6408,-74.7043,-102.6408,-74.70270122990827,-102.64362987803189,0.19620218896827257
b21a,2002-11-19,-74.7043,-102.6408,-74.7043,-102.6408,-74.70271033979364,-102.64276786897805,0.1859496310311643
b21a,2002-11-20,-74.7043,-102.6408,-74.7043,-102.6408,-74.70269722839704,-102.64275308083946,0.18720285102087902
b21a,2002-11-21,-74.7043,-102.6408,-74.7043,-102.6408,-74.70256964511213,-102.64382059565833,0.2118298191679419
b21a,2002-11-22,-74.7043,-102.6408,-74.7043,-102.6408,-74.70271576060051,-102.64280228816978,0.18569363456468035
b21a,2002-11-23,-74.7043,-102.6408,-74.7043,-102.6408,-74.70224519757905,-102.64055899478011,0.22859296045989452
b21a,2002-11-24,-74.7043,-102.6408,-74.7043,-102.6408,-74.70225380797478,-102.64064037397014,0.2275743534420534
b21a,2002-11-25,-74.7043,-102.6408,-74.7043,-102.6408,-74.70269605022521,-102.64270103781101,0.18686630442554697
b21a,2002-11-26,-74.7043,-102.6408,-74.7043,-102.6408,-74.70267963049432,-102.64511804758706,0.22024706118347848
b21a,2002-11-27,-74.7043,-102.6408,-74.7043,-102.6408,-74.70271625708568,-102.64368949443178,0.19544153200794745
b21a,2002-11-28,-74.7043,-102.6408,-74.7043,-102.6408,-74.70270649406564,-102.64363807921302,0.1957741545924002
b21a,2002-11-29,-74.7043,-102.6408,-74.7043,-102.6408,-74.70267156746904,-102.6427327139843,0.18974194220003832
b21a,2002-11-30,-74.7043,-102.6408,-74.7043,-102.6408,-74.7027128984445,-102.64357215558672,0.19431261876252823
b21a,2002-12-01,-74.7043,-102.6408,-74.7043,-102.6408,-74.70273106708188,-102.64383694473904,0.1958878744492258
b21a,2002-12-02,-74.7043,-102.6408,-74.7043,-102.6408,-74.70281216689392,-102.64385830627216,0.1881991233662293
b21a,2002-12-03,-74.7043,-102.6408,-74.7043,-102.6408,-74.70272012640729,-102.64543877570513,0.22221250543079707
b21a,2002-12-04,-74.7043,-102.6408,-74.7043,-102.6408,-74.70254642407163,-102.6438478976497,0.2145104626857544
b21a,2002-12-05,-74.7043,-102.6408,-74.7043,-102.6408,-74.70271625708568,-102.64368949443178,0.19544153200794745
b21a,2002-12-06,-74.7043,-102.6408,-74.7043,-102.6408,-74.70274029914656,-102.6437694275646,0.19407718649304456
b21a,2002-12-07,-74.7043,-102.6408,-74.7043,-102.6408,-74.70281061865298,-102.64388335642319,0.1887016022744267
b21a,2002-12-08,-74.7043,-102.6408,-74.7043,-102.6408,-74.70277987157661,-102.6442363711484,0.19680695281269164
b21a,2002-12-09,-74.7043,-102.6408,-74.7043,-102.6408,-74.70271039332107,-102.64350342577296,0.19373162539262204
b21a,2002-12-10,-74.7043,-102.6408,-74.7043,-102.6408,-74.70271625708568,-102.64368949443178,0.19544153200794745
b21a,2002-12-11,-74.7043,-102.6408,-74.7043,-102.6408,-74.70281061865298,-102.64388335642319,0.1887016022744267
b21a,2002-12-12,-74.7043,-102.6408,-74.7043,-102.6408,-74.70266612436201,-102.64272819408718,0.19028016951581325
b21a,2002-12-13,-74.7043,-102.6408,-74.7043,-102.6408,-74.70129649013508,-102.63913962597172,0.33750836714571136
b21a,2002-12-14,-74.7043,-102.6408,-74.7043,-102.6408,-74.70200019841742,-102.64230225217379,0.25949570744651007
b21a,2002-12-15,-74.7043,-102.6408,-74.7043,-102.6408,-74.70270517015922,-102.64347725732094,0.1939495606450362
b21a,2002-12-16,-74.7043,-102.6408,-74.7043,-102.6408,-74.7026972794161,-102.64275940728928,0.18725433326476174
b21a,2002-12-17,-74.7043,-102.6408,-74.7043,-102.6408,-74.70221543812353,-102.64135939251825,0.23237285436402902
b21a,2002-12-18,-74.7043,-102.6408,-74.7043,-102.6408,-74.70264150554422,-102.64397320420817,0.20657741057114876
b21a,2002-12-19,-74.7043,-102.6408,-74.7043,-102.6408,-74.7028071807555,-102.64387032892976,0.1888546421898532
b21a,2002-12-20,-74.7043,-102.6408,-74.7043,-102.6408,-74.70273560159636,-102.64366842461172,0.19323562919915624
b21a,2002-12-21,-74.7043,-102.6408,-74.7043,-102.6408,-74.70271604150288,-102.64278450995248,0.1854996750844993
b21a,2002-12-22,-74.7043,-102.6408,-74.7043,-102.6408,-74.70259996508493,-102.64261182297425,0.19636499390495615
b21a,2002-12-23,-74.7043,-102.6408,-74.7043,-102.6408,-74.70269459555118,-102.64357308224407,0.1961741472743348
b21a,2002-12-24,-74.7043,-102.6408,-74.7043,-102.6408,-74.70275062524293,-102.64293816516914,0.1833450691361529
b21a,2002-12-25,-74.7043,-102.6408,-74.7043,-102.6408,-74.70190380701025,-102.64088494218389,0.26645615540467393
b21a,2002-12-26,-74.7043,-102.6408,-74.7601,-102.4891,-74.7026383056694,-102.64307411406605,7.820098475783268
b21a,2002-12-27,-74.7601,-102.4891,-74.7601,-102.4891,-74.76292593052501,-102.47384180513836,0.5455284664407548
b21a,2002-12-28,-74.7601,-102.4891,-74.7601,-102.4891,-74.756303472858,-102.48558432137877,0.43448415654630995
b21a,2002-12-29,-74.7601,-102.4891,-74.7601,-102.4891,-74.75804854494663,-102.49407187493249,0.2704738166672131
b21a,2002-12-30,-74.7601,-102.4891,-74.7601,-102.4891,-74.75794314640177,-102.49542304617638,0.30278767381311955
c16,2002-01-05,-77.0372,167.9793,-77.0372,167.9793,-77.03553240492558,167.97654079109975,0.1977898049453874
c16,2002-01-06,-77.0372,167.9793,-77.0372,167.9793,-77.03562639762967,167.976631008911,0.18721452936246952
c16,2002-01-07,-77.0372,167.9793,-77.0372,167.9793,-77.03521327259465,167.9763049332779,0.23320559223075216
c16,2002-01-08,-77.0372,167.9793,-77.0372,167.9793,-77.03590880179661,167.9766641359297,0.1579136510563776
c16,2002-01-09,-77.0372,167.9793,-77.0372,167.9793,-77.03563010427793,167.97688931216305,0.18463148286349024
c16,2002-01-10,-77.0372,167.9793,-77.0372,167.9793,-77.035569246122,167.97718198586443,0.1888715522975326
c16,2002-01-11,-77.0372,167.9793,-77.0372,167.9793,-77.03568546217814,167.9757443097035,0.1903374695234281
c16,2002-01-12,-77.0372,167.9793,-77.0372,167.9793,-77.03552022837758,167.97643560700584,0.19998208355304178
c16,2002-01-13,-77.0372,167.9793,-77.0372,167.9793,-77.03563010427793,167.97688931216305,0.18463148286349024
c16,2002-01-14,-77.0372,167.9793,-77.0372,167.9793,-77.0356077356506,167.97693795203054,0.18659825713441733
c16,2002-01-15,-77.0372,167.9793,-77.0372,167.9793,-77.03558757118016,167.9770927552757,0.18755739780187147
c16,2002-01-16,-77.0372,167.9793,-77.0372,167.9793,-77.03546535357707,167.97668357049474,0.20362674498071504
c16,2002-01-17,-77.0372,167.9793,-77.0372,167.9793,-77.0353200936351,167.97573196038786,0.227195546714063
c16,2002-01-18,-77.0372,167.9793,-77.0372,167.9793,-77.03559957912229,167.97707769710496,0.18639277490967576
c16,2002-01-19,-77.0372,167.9793,-77.0372,167.9793,-77.03549221099576,167.97644688273795,0.20279603916261438
c16,2002-01-20,-77.0372,167.9793,-77.0372,167.9793,-77.0355645631571,167.9768931740486,0.19150648562764547
c16,2002-01-21,-77.0372,167.9793,-77.0372,167.9793,-77.03564260310567,167.97689688708073,0.18325611046015147
c16,2002-01-22,-77.0372,167.9793,-77.0372,167.9793,-77.03562984071786,167.9768505992571,0.18497591383548953
c16,2002-01-23,-77.0372,167.9793,-77.0372,167.9793,-77.035569246122,167.97718198586443,0.1888715522975326
c16,2002-01-24,-77.0372,167.9793,-77.0372,167.9793,-77.03559957912229,167.97707769710496,0.18639277490967576
c16,2002-01-25,-77.0372,167.9793,-77.0372,167.9793,-77.03559792352883,167.97697699481637,0.18733027741183053
c16,2002-01-26,-77.0372,167.9793,-77.0372,167.9793,-77.03525963782994,167.97663389605475,0.22577579101406067
c16,2002-01-27,-77.0372,167.9793,-77.0372,167.9793,-77.03519677790344,167.9769792956721,0.23014771172757564
c16,2002-01-28,-77.0372,167.9793,-77.0372,167.9793,-77.03548343516815,167.97729348429527,0.19732665986623935
c16,2002-01-29,-77.0372,167.9793,-77.0372,167.9793,-77.03555767572787,167.97723756540137,0.18972648123225022
c16,2002-01-30,-77.0372,167.9793,-77.0372,167.9793,-77.03555958549403,167.97719064964076,0.1898431124150856
c16,2002-01-31,-77.0372,167.9793,-77.0372,167.9793,-77.0353621880573,167.9756589728163,0.22362970024913004
c16,2002-02-01,-77.0372,167.9793,-77.0372,167.9793,-77.03541470165048,167.9758932803379,0.2159403007647923
c16,2002-02-02,-77.0372,167.9793,-77.0372,167.9793,-77.03562591879857,167.97682998594917,0.18555769281878545
c16,2002-02-03,-77.0372,167.9793,-77.0372,167.9793,-77.03516539034207,167.97687124053994,0.23421004241948046
c16,2002-02-04,-77.0372,167.9793,-77.0372,167.9793,-77.03559957912229,167.97707769710496,0.18639277490967576
c16,2002-02-05,-77.0372,167.9793,-77.0372,167.9793,-77.0353846354665,167.97643034240593,0.21417588896731182
c16,2002-02-06,-77.0372,167.9793,-77.0372,167.9793,-77.03556601659179,167.97725169796354,0.18873819095037325
c16,2002-02-07,-77.0372,167.9793,-77.0372,167.9793,-77.03553240492558,167.97654079109975,0.1977898049453874
c16,2002-02-08,-77.0372,167.9793,-77.0372,167.9793,-77.03555133002199,167.9764688281159,0.1964564411025159
c16,2002-02-09,-77.0372,167.9793,-77.0372,167.9793,-77.03564260310567,167.97689688708073,0.18325611046015147
c16,2002-02-10,-77.0372,167.9793,-77.0372,167.9793,-77.03558785208253,167.97711053349303,0.1873978139692165
c16,2002-02-11,-77.0372,167.9793,-77.0372,167.9793,-77.03564211222005,167.97687425399232,0.1834930925691766
c16,2002-02-12,-77.0372,167.9793,-77.0372,167.9793,-77.03545413528612,167.97591558718057,0.21169374432773705
c16,2002-02-13,-77.0372,167.9793,-77.0372,167.9793,-77.03563566127882,167.9769089847582,0.18388762144924506
c16,2002-02-14,-77.0372,167.9793,-77.0372,167.9793,-77.03557606804029,167.97503779305816,0.20954796147314445
c16,2002-02-15,-77.0372,167.9793,-77.0372,167.9793,-77.03556230659088,167.97706240201956,0.1904652277950876
c16,2002-02-16,-77.0372,167.9793,-77.0372,167.9793,-77.03559897417209,167.976926815228,0.18761037687503337
c16,2002-02-17,-77.0372,167.9793,-77.0372,167.9793,-77.0349412204115,167.9779285007462,0.2534842311140859
c16,2002-02-18,-77.0372,167.9793,-77.0372,167.9793,-77.0354684247665,167.9765302894349,0.20456280856272452
c16,2002-02-19,-77.0372,167.9793,-77.0372,167.9793,-77.03500430253762,167.97501556274653,0.266518075101131
c16,2002-02-20,-77.0372,167.9793,-77.0372,167.9793,-77.03619058856623,167.97614115446845,0.13713745584739936
c16,2002-02-21,-77.0372,167.9793,-77.0372,167.9793,-77.03545368650556,167.9737504075323,0.2384743991767028
c16,2002-02-22,-77.0372,167.9793,-77.0372,167.9793,-77.03529692021954,167.97633864781312,0.22413576202951183
c16,2002-02-23,-77.0372,167.9793,-77.0372,167.9793,-77.03555795595608,167.97723564277464,0.18970950115652224
c16,2002-02-24,-77.0372,167.9793,-77.0372,167.9793,-77.0356241133243,167.97697193557758,0.18460277248059456
c16,2002-02-25,-77.0372,167.9793,-77.0372,167.9793,-77.03563261800002,167.97436905897064,0.213317274518266
c16,2002-02-26,-77.0372,167.9793,-77.0372,167.9793,-77.03557775212967,167.97697680569559,0.18946595694193394
c16,2002-02-27,-77.0372,167.9793,-77.0372,167.9793,-77.0355962166713,167.9770202292691,0.1871803056916237
c16,2002-02-28,-77.0372,167.9793,-77.0372,167.9793,-77.03534564995908,167.97693730696648,0.21445200065619743
c16,2002-03-01,-77.0372,167.9793,-77.0372,167.9793,-77.03558345428348,167.9769739414454,0.1888843246353034
c16,2002-03-02,-77.0372,167.9793,-77.0372,167.9793,-77.03558280536426,167.977226528786,0.18711431817404908
c16,2002-03-03,-77.0372,167.9793,-77.0372,167.9793,-77.03561074451325,167.97565705573783,0.1987123838041114
c16,2002-03-04,-77.0372,167.9793,-77.0372,167.9793,-77.03554354983335,167.97685693819858,0.19400869502660545
c16,2002-03-05,-77.0372,167.9793,-77.0372,167.9793,-77.03567598554683,167.97554071626888,0.19367773256755552
c16,2002-03-06,-77.0372,167.9793,-77.0372,167.9793,-77.03597449216475,167.97222739474626,0.22292113119035406
c16,2002-03-07,-77.0372,167.9793,-77.0372,167.9793,-77.03534492132688,167.9763791896769,0.21876462587898252
c16,2002-03-08,-77.0372,167.9793,-77.0372,167.9793,-77.03535766886849,167.9756299910971,0.22438298662208386
c16,2002-03-09,-77.0372,167.9793,-77.0372,167.9793,-77.03552942007363,167.97702963922217,0.19420123088915825
c16,2002-03-10,-77.0372,167.9793,-77.0372,167.9793,-77.03557454790914,167.97703971896385,0.18933195429206312
c16,2002-03-11,-77.0372,167.9793,-77.0372,167.9793,-77.03556886368726,167.97722077848493,0.18864404091672407
c16,2002-03-12,-77.0372,167.9793,-77.0372,167.9793,-77.03547132235612,167.97703606308642,0.20034426545227146
c16,2002-03-13,-77.0372,167.9793,-77.0372,167.9793,-77.03548302684447,167.97595217264575,0.20838415902532606
c16,2002-03-14,-77.0372,167.9793,-77.0372,167.9793,-77.0356065009333,167.97703321948427,0.18599235313840795
c16,2002-03-15,-77.0372,167.9793,-77.0372,167.9793,-77.03556005886885,167.97718187154135,0.18985335941969558
c16,2002-03-16,-77.0372,167.9793,-77.0372,167.9793,-77.03568274817309,167.97535423647093,0.19532230545151166
c16,2002-03-17,-77.0372,167.9793,-77.0372,167.9793,-77.03558373518587,167.9769917196627,0.18871882259149136
c16,2002-03-18,-77.0372,167.9793,-77.0372,167.9793,-77.03551846919923,167.9763392239381,0.20103556673912884
c16,2002-03-19,-77.0372,167.9793,-77.0372,167.9793,-77.03552250745271,167.97704120640617,0.19485297069366592
c16,2002-03-20,-77.0372,167.9793,-77.0372,167.9793,-77.03561532569638,167.97699812967193,0.1853270835015377
c16,2002-03-21,-77.0372,167.9793,-77.0372,167.9793,-77.03561812518859,167.97693972932632,0.18548837210362276
c16,2002-03-22,-77.0372,167.9793,-77.0372,167.9793,-77.03557527643432,167.9771550276526,0.18841772748696162
c16,2002-03-23,-77.0372,167.9793,-77.0372,167.9793,-77.03556290596434,167.97715095206263,0.18976573683984427
c16,2002-03-24,-77.0372,167.9793,-77.0372,167.9793,-77.03557911313679,167.97696725893195,0.1893949075357561
c16,2002-03-25,-77.0372,167.9793,-77.0372,167.9793,-77.03521195236043,167.97661473786286,0.2309863655279199
c16,2002-03-26,-77.0372,167.9793,-77.0372,167.9793,-77.03568274817309,167.97535423647093,0.19532230545151166
c16,2002-03-27,-77.0372,167.9793,-77.0372,167.9793,-77.03559976289769,167.9769516235014,0.18733272547746233
c16,2002-03-28,-77.0372,167.9793,-77.0372,167.9793,-77.03555716626627,167.97715554629679,0.19034581776841392
c16,2002-03-29,-77.0372,167.9793,-77.0372,167.9793,-77.03554950168581,167.9771289543272,0.19135056365705466
c16,2002-03-30,-77.0372,167.9793,-77.0372,167.9793,-77.03564211222005,167.97687425399232,0.1834930925691766
c16,2002-03-31,-77.0372,167.9793,-77.0372,167.9793,-77.03556782009164,167.97718262154126,0.1890193640175493
c16,2002-04-01,-77.0372,167.9793,-77.0372,167.9793,-77.03556782009164,167.97718262154126,0.1890193640175493
c16,2002-04-02,-77.0372,167.9793,-77.0372,167.9793,-77.03551776535512,167.9765024851484,0.19964870467919535
c16,2002-04-03,-77.0372,167.9793,-77.0372,167.9793,-77.03558955894007,167.9770672990403,0.18753371703655083
c16,2002-04-04,-77.0372,167.9793,-77.0372,167.9793,-77.03558785208253,167.97711053349303,0.1873978139692165
c16,2002-04-05,-77.0372,167.9793,-77.0372,167.9793,-77.035446909193,167.97619024532196,0.2098022606926554
c16,2002-04-06,-77.0372,167.9793,-77.0372,167.9793,-77.03546988985116,167.97657579125502,0.20402863851768988
c16,2002-04-07,-77.0372,167.9793,-77.0372,167.9793,-77.03554354983335,167.97685693819858,0.19400869502660545
c16,2002-04-08,-77.0372,167.9793,-77.0372,167.9793,-77.03563105515116,167.97695983790015,0.18396575323075465
c16,2002-04-09,-77.0372,167.9793,-77.0372,167.9793,-77.03556230659088,167.97706240201956,0.1904652277950876
c16,2002-04-10,-77.0372,167.9793,-77.0372,167.9793,-77.03558927803769,167.97704952082302,0.18769570184347825
c16,2002-04-11,-77.0372,167.9793,-77.0372,167.9793,-77.0357198723958,167.97644113978663,0.17936824065327422
c16,2002-04-12,-77.0372,167.9793,-77.0372,167.9793,-77.03556592577849,167.97722630308812,0.18892037533149564
c16,2002-04-13,-77.0372,167.9793,-77.0372,167.9793,-77.03555171800495,167.97716773897912,0.1908423120623011
c16,2002-04-14,-77.0372,167.9793,-77.0372,167.9793,-77.03558757118016,167.9770927552757,0.18755739780187147
c16,2002-04-15,-77.0372,167.9793,-77.0372,167.9793,-77.0355887731755,167.97706044346916,0.1876679852842486
c16,2002-04-16,-77.0372,167.9793,-77.0372,167.9793,-77.03558345428348,167.9769739414454,0.1888843246353034
c16,2002-04-17,-77.0372,167.9793,-77.0372,167.9793,-77.03559546222561,167.97695888327462,0.1877306072367027
c16,2002-04-18,-77.0372,167.9793,-77.0372,167.9793,-77.03558984056464,167.97708699546405,0.18735846670749454
c16,2002-04-19,-77.0372,167.9793,-77.0372,167.9793,-77.03555320938739,167.9772574158357,0.19007122475301655
c16,2002-04-20,-77.0372,167.9793,-77.0372,167.9793,-77.03563258292345,167.97688648901612,0.18439389842556306
c16,2002-04-21,-77.0372,167.9793,-77.0372,167.9793,-77.03557308282448,167.97699421714373,0.1898282986943305
c16,2002-04-22,-77.0372,167.9793,-77.0372,167.9793,-77.03619442526872,167.97595338574774,0.1395389855438905
c16,2002-04-23,-77.0372,167.9793,-77.0372,167.9793,-77.03555958549403,167.97719064964076,0.1898431124150856
c16,2002-04-24,-77.0372,167.9793,-77.0372,167.9793,-77.03559957912229,167.97707769710496,0.18639277490967576
c16,2002-04-25,-77.0372,167.9793,-77.0372,167.9793,-77.03559957912229,167.97707769710496,0.18639277490967576
c16,2002-04-26,-77.0372,167.9793,-77.0372,167.9793,-77.03555545940874,167.9771987807494,0.19022799730336265
c16,2002-04-27,-77.0372,167.9793,-77.0372,167.9793,-77.03558983297793,167.9776243964934,0.18385644325375086
c16,2002-04-28,-77.0372,167.9793,-77.0372,167.9793,-77.03545702293813,167.97653626033286,0.20570662571206755
c16,2002-04-29,-77.0372,167.9793,-77.0372,167.9793,-77.03552960387351,167.97709428982802,0.19371748131143582
c16,2002-04-30,-77.0372,167.9793,-77.0372,167.9793,-77.03570547435784,167.9758825657824,0.18677235486728977
c16,2002-05-01,-77.0372,167.9793,-77.0372,167.9793,-77.0358422421824,167.97718937755667,0.15989218067708505
c16,2002-05-02,-77.0372,167.9793,-77.0372,167.9793,-77.035471534759,167.97646478345519,0.20479587758400394
c16,2002-05-03,-77.0372,167.9793,-77.0372,167.9793,-77.03552942007363,167.97702963922217,0.19420123088915825
c16,2002-05-04,-77.0372,167.9793,-77.0372,167.9793,-77.03554925199259,167.97727372446286,0.19038679423118657
c16,2002-05-05,-77.0372,167.9793,-77.0372,167.9793,-77.03545245611456,167.9762124001963,0.209025033383209
c16,2002-05-06,-77.0372,167.9793,-77.0372,167.9793,-77.03555958549403,167.97719064964076,0.1898431124150856
c16,2002-05-07,-77.0372,167.9793,-77.0372,167.9793,-77.03573242141672,167.9751858598372,0.19277442566293804
c16,2002-05-08,-77.0372,167.9793,-77.0372,167.9793,-77.03558057822146,167.97701276075202,0.18889396214709403
c16,2002-05-09,-77.0372,167.9793,-77.0372,167.9793,-77.03555905582893,167.97593925467697,0.2008015041594886
c16,2002-05-10,-77.0372,167.9793,-77.0372,167.9793,-77.03537481659598,167.97645342054324,0.21501442847134064
c16,2002-05-11,-77.0372,167.9793,-77.0372,167.9793,-77.03551513594364,167.97375873766288,0.2328207945440145
c16,2002-05-12,-77.0372,167.9793,-77.0372,167.9793,-77.03558057822146,167.97701276075202,0.18889396214709403
c16,2002-05-13,-77.0372,167.9793,-77.0372,167.9793,-77.03563011085154,167.9768836280523,0.18467702007994213
c16,2002-05-14,-77.0372,167.9793,-77.0372,167.9793,-77.03555958549403,167.97719064964076,0.1898431124150856
c16,2002-05-15,-77.0372,167.9793,-77.099,168.0432,-77.03556782009164,167.97718262154126,7.242149212149894
c16,2002-05-16,-77.099,168.0432,-77.099,168.0432,-77.11107456461534,168.0406381705472,1.3441344745164854
c16,2002-05-17,-77.099,168.0432,-77.099,168.0432,-77.09845488774134,168.04809432822174,0.1357891475599345
c16,2002-05-18,-77.099,168.0432,-77.099,168.0432,-77.09735958549403,168.04109064964075,0.18977492082254194
c16,2002-05-19,-77.099,168.0432,-77.099,168.0432,-77.0973569901177,168.0410091934233,0.19061951933708018
c16,2002-05-20,-77.099,168.0432,-77.099,168.0432,-77.09714632992572,168.0405964618659,0.21601691961992556
c16,2002-05-21,-77.099,168.0432,-77.099,168.0432,-77.09681470605913,168.0387531029487,0.2669006430563325
c16,2002-05-22,-77.099,168.0432,-77.099,168.0432,-77.09736475435308,168.04103145249928,0.18963458213996665
c16,2002-05-23,-77.099,168.0432,-77.099,168.0432,-77.09738747826759,168.04095485370942,0.1877688967532505
c16,2002-05-24,-77.099,168.0432,-77.099,168.0432,-77.09743105515116,168.04085983790014,0.18387913560742655
c16,2002-05-25,-77.099,168.0432,-77.099,168.0432,-77.09726701427907,168.0401689006136,0.2068728817429697
c16,2002-05-26,-77.099,168.0432,-77.099,168.0432,-77.09736526883486,168.041097459889,0.18912083879271493
c16,2002-05-27,-77.099,168.0432,-77.099,168.0432,-77.09715102033027,168.03774562835395,0.2461888698838501
c16,2002-05-28,-77.099,168.0432,-77.099,168.0432,-77.09733240492558,168.0404407910998,0.19767779956143366
c16,2002-05-29,-77.099,168.0432,-77.099,168.0432,-77.09738757118016,168.04099275527574,0.18748181829151403
c16,2002-05-30,-77.099,168.0432,-77.099,168.0432,-77.09736526883486,168.041097459889,0.18912083879271493
c16,2002-05-31,-77.099,168.0432,-77.1414,167.9552,-77.09721470165049,168.0397932803379,5.341931226955951
c16,2002-06-01,-77.1414,167.9552,-77.1414,167.9552,-77.15916920647642,167.93062614594442,2.067184881971184
c16,2002-06-02,-77.1414,167.9552,-77.1414,167.9552,-77.141126155583,167.9264742205943,0.7115061862524089
c16,2002-06-03,-77.1414,167.9552,-77.1414,167.9552,-77.13980553675563,167.95371213377734,0.18107934927712593
c16,2002-06-04,-77.1414,167.9552,-77.1414,167.9552,-77.1397153023285,167.95240681082373,0.19967642660181448
c16,2002-06-05,-77.1414,167.9552,-77.1414,167.9552,-77.13974945579723,167.95283001365976,0.19267594399358887
c16,2002-06-06,-77.1414,167.9552,-77.1414,167.9552,-77.13974945579723,167.95283001365976,0.19267594399358887
c16,2002-06-07,-77.1414,167.9552,-77.1414,167.9552,-77.13980834612423,167.9537107576598,0.1807804381889482
c16,2002-06-08,-77.1414,167.9552,-77.1414,167.9552,-77.13980862702661,167.95372853587708,0.1806606635371279
c16,2002-06-09,-77.1414,167.9552,-77.1414,167.9552,-77.13980189762364,167.9537267201917,0.18140267105061672
c16,2002-06-10,-77.1414,167.9552,-77.1414,167.9552,-77.13974840542754,167.952833819555,0.1927585677189778
c16,2002-06-11,-77.1414,167.9552,-77.1414,167.9552,-77.13983566127882,167.95280898475824,0.18373530152584597
c16,2002-06-12,-77.1414,167.9552,-77.1414,167.9552,-77.13978742385991,167.95379086934702,0.18266982570039944
c16,2002-06-13,-77.1414,167.9552,-77.1414,167.9552,-77.13984211222005,167.9527742539923,0.18333597620802203
c16,2002-06-14,-77.1414,167.9552,-77.1414,167.9552,-77.13974945579723,167.95283001365976,0.19267594399358887
c16,2002-06-15,-77.1414,167.9552,-77.2121,167.7454,-77.13979359074023,167.95297767503763,9.533604895911713
c16,2002-06-16,-77.2121,167.7454,-77.2469,167.5585,-77.21644847538965,167.7044782922452,4.933054765441305
c16,2002-06-17,-77.2469,167.5585,-77.2469,167.5585,-77.27482833116574,167.41860801396888,4.627078517852916
c16,2002-06-18,-77.2469,167.5585,-77.2239,167.523,-77.2377311754123,167.51793306394063,1.5429898651365148
c16,2002-06-19,-77.2239,167.523,-77.2239,167.523,-77.20321528045243,167.5154183269068,2.307591228682098
c16,2002-06-20,-77.2239,167.523,-77.2239,167.523,-77.21737448781067,167.50614489626798,0.8356840498314143
c16,2002-06-21,-77.2239,167.523,-77.2239,167.523,-77.22227051632063,167.5207598481784,0.18937968613481612
c16,2002-06-22,-77.2239,167.523,-77.2895,167.3625,-77.22227141140397,167.52057844085465,8.421286894678563
c16,2002-06-23,-77.2895,167.3625,-77.2895,167.3625,-77.30495596052556,167.34284101557432,1.7845798749295259
c16,2002-06-24,-77.2895,167.3625,-77.2895,167.3625,-77.29031225927275,167.28955531786505,1.7868677719863792
c16,2002-06-25,-77.2895,167.3625,-77.2895,167.3625,-77.28833239833857,167.37198217120078,0.26585577028206353
c16,2002-06-26,-77.2895,167.3625,-77.2895,167.3625,-77.28843540231016,167.37356172749736,0.29540021831646734
c16,2002-06-27,-77.2895,167.3625,-77.2895,167.3625,-77.28843540231016,167.37356172749736,0.29540021831646734
c16,2002-06-28,-77.2895,167.3625,-77.2895,167.3625,-77.28834475803514,167.37193565499422,0.26419213727069135
c16,2002-06-29,-77.2895,167.3625,-77.2895,167.3625,-77.28839833154366,167.37299107760055,0.28441506824800955
c16,2002-06-30,-77.2895,167.3625,-77.2895,167.3625,-77.28838717212382,167.37129734932375,0.24827607292732262
c16,2002-07-01,-77.2895,167.3625,-77.2895,167.3625,-77.28817842318004,167.37230348447127,0.28129765973763976
c16,2002-07-02,-77.2895,167.3625,-77.2895,167.3625,-77.2884391483045,167.37501936499962,0.3282360763417562
c16,2002-07-03,-77.2895,167.3625,-77.2895,167.3625,-77.28832547998704,167.37198207454986,0.26623029279533383
c16,2002-07-04,-77.2895,167.3625,-77.2895,167.3625,-77.28833458975298,167.37224448193484,0.27135794675740593
c16,2002-07-05,-77.2895,167.3625,-77.2895,167.3625,-77.28835430951312,167.37366413607685,0.3013974830614573
c16,2002-07-06,-77.2895,167.3625,-77.3027,167.2187,-77.2882954963467,167.37125291417487,4.059883055251877
c16,2002-07-07,-77.3027,167.2187,-77.3027,167.2187,-77.29666068390004,167.23320293574847,0.7593875489345863
c16,2002-07-08,-77.3027,167.2187,-77.3027,167.2187,-77.29782196436017,167.18600195007127,0.9659779057194867
c16,2002-07-09,-77.3027,167.2187,-77.3027,167.2187,-77.30158717212382,167.22749734932376,0.2480855002515973
c16,2002-07-10,-77.3027,167.2187,-77.3027,167.2187,-77.30150049069016,167.2264585612719,0.23184223286756064
c16,2002-07-11,-77.3027,167.2187,-77.3027,167.2187,-77.30166694992359,167.23110211900143,0.32416327238063347
c16,2002-07-12,-77.3027,167.2187,-77.3027,167.2187,-77.30158717212382,167.22749734932376,0.2480855002515973
c16,2002-07-13,-77.3027,167.2187,-77.3027,167.2187,-77.3017943849477,167.22562208837678,0.1968870065651017
c16,2002-07-14,-77.3027,167.2187,-77.3027,167.2187,-77.30165829430972,167.231149804964,0.3255946800880603
c16,2002-07-15,-77.3027,167.2187,-77.3027,167.2187,-77.3016295560649,167.2298080373423,0.29644465224002764
c16,2002-07-16,-77.3027,167.2187,-77.3027,167.2187,-77.30158567266393,167.22827218044847,0.2647463807428448
c16,2002-07-17,-77.3027,167.2187,-77.3027,167.2187,-77.30154475803513,167.22813565499428,0.2639861125310396
c16,2002-07-18,-77.3027,167.2187,-77.3027,167.2187,-77.30161754812276,167.2298230955131,0.2973199039280723
c16,2002-07-19,-77.3027,167.2187,-77.3027,167.2187,-77.30166874428139,167.2311884779499,0.32606767660837904
c16,2002-07-20,-77.3027,167.2187,-77.3027,167.2187,-77.30161782902513,167.22984087373038,0.2977046577831093
c16,2002-07-21,-77.3027,167.2187,-77.3027,167.2187,-77.30163540231015,167.22976172749736,0.29514697053847627
c16,2002-07-22,-77.3027,167.2187,-77.3027,167.2187,-77.30155865779577,167.22894235151307,0.28067265485146425
c16,2002-07-23,-77.3027,167.2187,-77.3027,167.2187,-77.3016295560649,167.2298080373423,0.29644465224002764
c16,2002-07-24,-77.3027,167.2187,-77.3027,167.2187,-77.30162176483007,167.22982177880203,0.29710091264518534
c16,2002-07-25,-77.3027,167.2187,-77.3027,167.2187,-77.3016366194867,167.22979025466452,0.2957316627919302
c16,2002-07-26,-77.3027,167.2187,-77.3027,167.2187,-77.30158161512293,167.2274776767286,0.24797820541069943
c16,2002-07-27,-77.3027,167.2187,-77.3027,167.2187,-77.30080273767429,167.23223992495775,0.3924716289726547
c16,2002-07-28,-77.3027,167.2187,-77.3027,167.2187,-77.30157611332037,167.22972277454983,0.2969889913260067
c16,2002-07-29,-77.3027,167.2187,-77.3027,167.2187,-77.30156564212754,167.22983769608447,0.30002716137487834
c16,2002-07-30,-77.3027,167.2187,-77.3027,167.2187,-77.30158687241331,167.2291055828457,0.2828497560044053
c16,2002-07-31,-77.3027,167.2187,-77.3027,167.2187,-77.30159957242456,167.22907887696732,0.2816464760275437
c16,2002-08-01,-77.3027,167.2187,-77.3027,167.2187,-77.30160712552737,167.2289893326697,0.27931032029644387
c16,2002-08-02,-77.3027,167.2187,-77.3027,167.2187,-77.30163540231015,167.22976172749736,0.29514697053847627
c16,2002-08-03,-77.3027,167.2187,-77.3027,167.2187,-77.30161748115545,167.22988877367015,0.298791473305896
c16,2002-08-04,-77.3027,167.2187,-77.3027,167.2187,-77.30150117968753,167.2274597244231,0.2522100718301535
c16,2002-08-05,-77.3027,167.2187,-77.3027,167.2187,-77.30161782902513,167.22984087373038,0.2977046577831093
c16,2002-08-06,-77.3027,167.2187,-77.3027,167.2187,-77.30155865779577,167.22894235151307,0.28067265485146425
c16,2002-08-07,-77.3027,167.2187,-77.3027,167.2187,-77.30164499454978,167.2311730551546,0.3266541697636858
c16,2002-08-08,-77.3027,167.2187,-77.3027,167.2187,-77.30158717212382,167.22749734932376,0.2480855002515973
c16,2002-08-09,-77.3027,167.2187,-77.3027,167.2187,-77.30165444674259,167.23116999981778,0.3262083068572861
c16,2002-08-10,-77.3027,167.2187,-77.3027,167.2187,-77.3015979204112,167.2274130119381,0.24570267206761628
c16,2002-08-11,-77.3027,167.2187,-77.3027,167.2187,-77.30161748115545,167.22988877367015,0.298791473305896
c16,2002-08-12,-77.3027,167.2187,-77.3027,167.2187,-77.30163540231015,167.22976172749736,0.29514697053847627
c16,2002-08-13,-77.3027,167.2187,-77.353,167.1792,-77.30159957242456,167.22907887696732,5.843546445232537
c16,2002-08-14,-77.353,167.1792,-77.353,167.1792,-77.36904601180619,167.17187906090913,1.7931039293316449
c16,2002-08-15,-77.353,167.1792,-77.353,167.1792,-77.34840371372334,167.17200237747159,0.540298825394396
c16,2002-08-16,-77.353,167.1792,-77.353,167.1792,-77.3519613278831,167.19217005515463,0.3362328649805577
c16,2002-08-17,-77.353,167.1792,-77.353,167.1792,-77.35185865779576,167.1894423515131,0.27980293875500106
c16,2002-08-18,-77.353,167.1792,-77.353,167.1792,-77.35185865779576,167.1894423515131,0.27980293875500106
c16,2002-08-19,-77.353,167.1792,-77.3086,167.1894,-77.35178972322389,167.18824169894106,4.80256118955099
c16,2002-08-20,-77.3086,167.1894,-77.3086,167.1894,-77.29690722961998,167.19295019571405,1.3030688359552571
c16,2002-08-21,-77.3086,167.1894,-77.3086,167.1894,-77.30468258686739,167.19798846681954,0.48350667204388326
c16,2002-08-22,-77.3086,167.1894,-77.3369,167.1727,-77.30735968973292,167.19836612337156,3.3439177822818698
c16,2002-08-23,-77.3369,167.1727,-77.3782,167.1657,-77.35231020297825,167.1681498858452,2.8794306865701578
c16,2002-08-24,-77.3782,167.1657,-77.3782,167.1657,-77.40211992655635,167.15929703375787,2.664312196553914
c16,2002-08-25,-77.3782,167.1657,-77.3782,167.1657,-77.37667548094616,167.17654687155675,0.31337780508851565
c16,2002-08-26,-77.3782,167.1657,-77.3782,167.1657,-77.37705005327324,167.1751378581688,0.2625678890079545
c16,2002-08-27,-77.3782,167.1657,-77.3782,167.1657,-77.37703239833857,167.17518217120073,0.26446718077588427
c16,2002-08-28,-77.3782,167.1657,-77.3782,167.1657,-77.37705005327324,167.1751378581688,0.2625678890079545
c16,2002-08-29,-77.3782,167.1657,-77.3782,167.1657,-77.37704475803514,167.17513565499422,0.2628084705089137
c16,2002-08-30,-77.3782,167.1657,-77.3782,167.1657,-77.37698555394321,167.17291167431586,0.221231397087376
c16,2002-08-31,-77.3782,167.1657,-77.3782,167.1657,-77.37705865779577,167.17594235151307,0.2793674144206267
c16,2002-09-01,-77.3782,167.1657,-77.3782,167.1657,-77.37705639399894,167.17523622300973,0.26431804582864143
c16,2002-09-02,-77.3782,167.1657,-77.3782,167.1657,-77.37705005327324,167.1751378581688,0.2625678890079545
c16,2002-09-03,-77.3782,167.1657,-77.3782,167.1657,-77.3766919144639,167.17456435059205,0.27297599047432497
c16,2002-09-04,-77.3782,167.1657,-77.3782,167.1657,-77.37705005327324,167.1751378581688,0.2625678890079545
c16,2002-09-05,-77.3782,167.1657,-77.3782,167.1657,-77.37706581855853,167.17526548951275,0.26444023541482536
c16,2002-09-06,-77.3782,167.1657,-77.3782,167.1657,-77.37707984087662,167.17455898343206,0.24870082176198158
c16,2002-09-07,-77.3782,167.1657,-77.3782,167.1657,-77.37732046877063,167.17239755844025,0.18986660006448244
c16,2002-09-08,-77.3782,167.1657,-77.3782,167.1657,-77.37680547001946,167.17423701725875,0.25899210955513435
c16,2002-09-09,-77.3782,167.1657,-77.3782,167.1657,-77.37704475803514,167.17513565499422,0.2628084705089137
c16,2002-09-10,-77.3782,167.1657,-77.3782,167.1657,-77.37704475803514,167.17513565499422,0.2628084705089137
c16,2002-09-11,-77.3782,167.1657,-77.3782,167.1657,-77.3766919144639,167.17456435059205,0.27297599047432497
c16,2002-09-12,-77.3782,167.1657,-77.2924,167.1346,-77.37704475803514,167.17513565499422,9.463808244914569
c16,2002-09-13,-77.2924,167.1346,-77.2924,167.1346,-77.25215262361131,167.1082913168762,4.521476285794356
c16,2002-09-14,-77.2924,167.1346,-77.2924,167.1346,-77.26962761404246,167.12579786039566,2.54132655617704
c16,2002-09-15,-77.2924,167.1346,-77.2924,167.1346,-77.29134240082342,167.14710384897785,0.32768778819791966
c16,2002-09-16,-77.2924,167.1346,-77.2924,167.1346,-77.29121970686423,167.1443708593161,0.2726707781895239
c16,2002-09-17,-77.2924,167.1346,-77.2924,167.1346,-77.29123458975297,167.1443444819348,0.2713109436118792
c16,2002-09-18,-77.2924,167.1346,-77.2924,167.1346,-77.29122661948514,167.1443592921321,0.2720532689901104
c16,2002-09-19,-77.2924,167.1346,-77.2924,167.1346,-77.2913295560649,167.14570803734227,0.2966430456272989
c16,2002-09-20,-77.2924,167.1346,-77.2924,167.1346,-77.29138330686939,167.14064578870477,0.18614798891334441
c16,2002-09-21,-77.2924,167.1346,-77.2924,167.1346,-77.29127150858942,167.14497473987285,0.2831071173735897
c16,2002-09-22,-77.2924,167.1346,-77.2924,167.1346,-77.29118558456373,167.14408327864044,0.26841508869358416
c16,2002-09-23,-77.2924,167.1346,-77.2924,167.1346,-77.29132129829834,167.14571377508662,0.2971411556245588
c16,2002-09-24,-77.2924,167.1346,-77.2924,167.1346,-77.29124403430237,167.14418273921632,0.26733505527265206
c16,2002-09-25,-77.2924,167.1346,-77.2924,167.1346,-77.29125865779577,167.1448423515131,0.2808508123161177
c16,2002-09-26,-77.2924,167.1346,-77.2924,167.1346,-77.29128256599616,167.14344820246566,0.24956797111751772
c16,2002-09-27,-77.2924,167.1346,-77.2924,167.1346,-77.29121329681347,167.1451973612086,0.29087782597109757
c16,2002-09-28,-77.2924,167.1346,-77.2924,167.1346,-77.29129957242456,167.14497887696734,0.28182878070264233
c16,2002-09-29,-77.2924,167.1346,-77.2924,167.1346,-77.29107420647273,167.1444048011823,0.2815245085127306
c16,2002-09-30,-77.2924,167.1346,-77.2924,167.1346,-77.29125865779577,167.1448423515131,0.2808508123161177
c16,2002-10-01,-77.2924,167.1346,-77.2924,167.1346,-77.29129527755273,167.14505737089826,0.28376609743559694
c16,2002-10-02,-77.2924,167.1346,-77.2924,167.1346,-77.29132518872582,167.14576314461658,0.2980726765602594
c16,2002-10-03,-77.2924,167.1346,-77.2924,167.1346,-77.29135444674259,167.14706999981775,0.326435516997929
c16,2002-10-04,-77.2924,167.1346,-77.2924,167.1346,-77.29129957242456,167.14497887696734,0.28182878070264233
c16,2002-10-05,-77.2924,167.1346,-77.2924,167.1346,-77.2912813673777,167.14336798626687,0.24793503620871252
c16,2002-10-06,-77.2924,167.1346,-77.2924,167.1346,-77.29120505995375,167.14335121927417,0.2519506304146729
c16,2002-10-07,-77.2924,167.1346,-77.2924,167.1346,-77.29133540231015,167.14566172749733,0.29534457810904746
c16,2002-10-08,-77.2924,167.1346,-77.2924,167.1346,-77.29132749639183,167.1420290808344,0.21736117780153175
c16,2002-10-09,-77.2924,167.1346,-77.2924,167.1346,-77.29132518872582,167.14576314461658,0.2980726765602594
c16,2002-10-10,-77.2924,167.1346,-77.2924,167.1346,-77.29128257459264,167.144177593216,0.2651896400175421
c16,2002-10-11,-77.2924,167.1346,-77.2924,167.1346,-77.29129957242456,167.14497887696734,0.28182878070264233
c16,2002-10-12,-77.2924,167.1346,-77.2924,167.1346,-77.29117265531745,167.14201981786323,0.2270837809655582
c16,2002-10-13,-77.2924,167.1346,-77.2924,167.1346,-77.29125865779577,167.1448423515131,0.2808508123161177
c16,2002-10-14,-77.2924,167.1346,-77.2924,167.1346,-77.29125865779577,167.1448423515131,0.2808508123161177
c16,2002-10-15,-77.2924,167.1346,-77.2924,167.1346,-77.29133540231015,167.14566172749733,0.29534457810904746
c16,2002-10-16,-77.2924,167.1346,-77.2924,167.1346,-77.29125865779577,167.1448423515131,0.2808508123161177
c16,2002-10-17,-77.2924,167.1346,-77.2924,167.1346,-77.29125865779577,167.1448423515131,0.2808508123161177
c16,2002-10-18,-77.2924,167.1346,-77.2924,167.1346,-77.29129957242456,167.14497887696734,0.28182878070264233
c16,2002-10-19,-77.2924,167.1346,-77.2924,167.1346,-77.2913295560649,167.14570803734227,0.2966430456272989
c16,2002-10-20,-77.2924,167.1346,-77.2924,167.1346,-77.29120505995375,167.14335121927417,0.2519506304146729
c16,2002-10-21,-77.2924,167.1346,-77.2924,167.1346,-77.29124475803513,167.14403565499424,0.2641468709083647
c16,2002-10-22,-77.2924,167.1346,-77.2924,167.1346,-77.29122401351215,167.14455890890474,0.2764848364795911
c16,2002-10-23,-77.2924,167.1346,-77.2924,167.1346,-77.29125639399894,167.1441362230098,0.2656772864010202
c16,2002-10-24,-77.2924,167.1346,-77.2924,167.1346,-77.2912756241693,167.14346030014315,0.2502095121280686
c16,2002-10-25,-77.2924,167.1346,-77.2924,167.1346,-77.29125865779577,167.1448423515131,0.2808508123161177
c16,2002-10-26,-77.2924,167.1346,-77.2924,167.1346,-77.29133540231015,167.14566172749733,0.29534457810904746
c16,2002-10-27,-77.2924,167.1346,-77.2924,167.1346,-77.29127150858942,167.14497473987285,0.2831071173735897
c16,2002-10-28,-77.2924,167.1346,-77.2924,167.1346,-77.2913236752704,167.1456945638854,0.29660450449843884
c16,2002-10-29,-77.2924,167.1346,-77.2924,167.1346,-77.29135105643728,167.14705616301535,0.32625388963448393
c16,2002-10-30,-77.2924,167.1346,-77.2924,167.1346,-77.29125075923879,167.14576407346573,0.301507688157445
c16,2002-10-31,-77.2924,167.1346,-77.2924,167.1346,-77.29136532038562,167.14704711213534,0.32548295892532725
c16,2002-11-01,-77.2924,167.1346,-77.2924,167.1346,-77.29130541866984,167.1449325671224,0.28052604584970253
c16,2002-11-02,-77.2924,167.1346,-77.2924,167.1346,-77.29126003443378,167.14489860178765,0.28201010408297617
c16,2002-11-03,-77.2924,167.1346,-77.2924,167.1346,-77.29127150858942,167.14497473987285,0.2831071173735897
c16,2002-11-04,-77.2924,167.1346,-77.2924,167.1346,-77.29125865779577,167.1448423515131,0.2808508123161177
c16,2002-11-05,-77.2924,167.1346,-77.2924,167.1346,-77.29130541866984,167.1449325671224,0.28052604584970253
c16,2002-11-06,-77.2924,167.1346,-77.2924,167.1346,-77.29133540231015,167.14566172749733,0.29534457810904746
c16,2002-11-07,-77.2924,167.1346,-77.2924,167.1346,-77.29131782902513,167.14574087373035,0.29790338144722406
c16,2002-11-08,-77.2924,167.1346,-77.2924,167.1346,-77.29127861311429,167.1462463258796,0.31097721293468633
c16,2002-11-09,-77.2924,167.1346,-77.2924,167.1346,-77.29130700459248,167.14502453451024,0.2824786644100158
c16,2002-11-10,-77.2924,167.1346,-77.2924,167.1346,-77.29125865779577,167.1448423515131,0.2808508123161177
c16,2002-11-11,-77.2924,167.1346,-77.2924,167.1346,-77.29133540231015,167.14566172749733,0.29534457810904746
c16,2002-11-12,-77.2924,167.1346,-77.2924,167.1346,-77.29129957242456,167.14497887696734,0.28182878070264233
c16,2002-11-13,-77.2924,167.1346,-77.2924,167.1346,-77.29128708084845,167.14499997440635,0.2828987105479518
c16,2002-11-14,-77.2924,167.1346,-77.2924,167.1346,-77.29130541866984,167.1449325671224,0.28052604584970253
c16,2002-11-15,-77.2924,167.1346,-77.2924,167.1346,-77.29121763806059,167.14555616861782,0.29851321517934976
c16,2002-11-16,-77.2924,167.1346,-77.2924,167.1346,-77.29106079780918,167.14377700922978,0.26938351530558324
c16,2002-11-17,-77.2924,167.1346,-77.2924,167.1346,-77.29127150858942,167.14497473987285,0.2831071173735897
c16,2002-11-18,-77.2924,167.1346,-77.2924,167.1346,-77.29135587235427,167.14709291854547,0.3269030870669529
c16,2002-11-21,-77.2924,167.1346,-77.2924,167.1346,-77.29125633987034,167.14284534795627,0.2384354973612415
c16,2002-11-22,-77.2924,167.1346,-77.2924,167.1346,-77.29125078944307,167.1428199912503,0.23824155955915607
c16,2002-11-23,-77.2924,167.1346,-77.2924,167.1346,-77.29124760480916,167.14278494766825,0.23770925982641677
c16,2002-11-24,-77.2924,167.1346,-77.2924,167.1346,-77.29125865779577,167.1448423515131,0.2808508123161177
c16,2002-11-25,-77.2924,167.1346,-77.2924,167.1346,-77.29158437244736,167.1413239857476,0.1878227184612142
c16,2002-11-26,-77.2924,167.1346,-77.2924,167.1346,-77.29125053512423,167.14281598489936,0.23817403111247526
c16,2002-11-27,-77.2924,167.1346,-77.2924,167.1346,-77.29124811156925,167.14264649632082,0.2348331194399527
c16,2002-11-28,-77.2924,167.1346,-77.2924,167.1346,-77.29127150858942,167.14497473987285,0.2831071173735897
c16,2002-11-29,-77.2924,167.1346,-77.2924,167.1346,-77.29119663584481,167.14363013175705,0.2582565835174401
c16,2002-11-30,-77.2924,167.1346,-77.2924,167.1346,-77.29127150858942,167.14497473987285,0.2831071173735897
c16,2002-12-01,-77.2924,167.1346,-77.2924,167.1346,-77.29124664583365,167.14322396659986,0.2468775858076852
c16,2002-12-02,-77.2924,167.1346,-77.2924,167.1346,-77.29128687241331,167.14500558284567,0.28303222080175344
c16,2002-12-03,-77.2924,167.1346,-77.2924,167.1346,-77.29113986786356,167.1438221478336,0.2655614486039476
c16,2002-12-04,-77.2924,167.1346,-77.2924,167.1346,-77.29122547998703,167.14408207454983,0.26618492990160625
c16,2002-12-05,-77.2924,167.1346,-77.2924,167.1346,-77.2912818960253,167.1433954549459,0.24848708557304097
c16,2002-12-06,-77.2924,167.1346,-77.2924,167.1346,-77.29125865779577,167.1448423515131,0.2808508123161177
c16,2002-12-07,-77.2924,167.1346,-77.2924,167.1346,-77.29121056667393,167.14242761924254,0.23271144101414973
c16,2002-12-08,-77.2924,167.1346,-77.2924,167.1346,-77.29125865779577,167.1448423515131,0.2808508123161177
c16,2002-12-09,-77.2924,167.1346,-77.2924,167.1346,-77.29128717212382,167.14339734932378,0.24823420138760605
c16,2002-12-10,-77.2924,167.1346,-77.2924,167.1346,-77.29121056667393,167.14242761924254,0.23271144101414973
c16,2002-12-11,-77.2924,167.1346,-77.2924,167.1346,-77.29124475803513,167.14403565499424,0.2641468709083647
c16,2002-12-12,-77.2924,167.1346,-77.2924,167.1346,-77.29129833154366,167.14509107760057,0.2843630877295405
c16,2002-12-13,-77.2924,167.1346,-77.2924,167.1346,-77.29047692353596,167.14795957981187,0.39054510668177234
c16,2002-12-14,-77.2924,167.1346,-77.2924,167.1346,-77.29125865779577,167.1448423515131,0.2808508123161177
c16,2002-12-15,-77.2924,167.1346,-77.2924,167.1346,-77.29124475803513,167.14403565499424,0.2641468709083647
c16,2002-12-16,-77.2924,167.1346,-77.2924,167.1346,-77.29123790978826,167.1440503881882,0.26483260388311963
c16,2002-12-17,-77.2924,167.1346,-77.2924,167.1346,-77.29113986786356,167.1438221478336,0.2655614486039476
c16,2002-12-18,-77.2924,167.1346,-77.2924,167.1346,-77.29107420647273,167.1444048011823,0.2815245085127306
c16,2002-12-19,-77.2924,167.1346,-77.2924,167.1346,-77.29121970686423,167.1443708593161,0.2726707781895239
c16,2002-12-20,-77.2924,167.1346,-77.2924,167.1346,-77.29128074513527,167.1442643541979,0.26716112208884213
c16,2002-12-21,-77.2924,167.1346,-77.2924,167.1346,-77.29107420647273,167.1444048011823,0.2815245085127306
c16,2002-12-22,-77.2924,167.1346,-77.2924,167.1346,-77.29129957242456,167.14497887696734,0.28182878070264233
c16,2002-12-23,-77.2924,167.1346,-77.2924,167.1346,-77.29129957242456,167.14497887696734,0.28182878070264233
c16,2002-12-24,-77.2924,167.1346,-77.2924,167.1346,-77.29129957242456,167.14497887696734,0.28182878070264233
c16,2002-12-25,-77.2924,167.1346,-77.2924,167.1346,-77.2913385532563,167.14712404383164,0.3283025268078524
c16,2002-12-26,-77.2924,167.1346,-77.2924,167.1346,-77.29124475803513,167.14403565499424,0.2641468709083647
c16,2002-12-27,-77.2924,167.1346,-77.2924,167.1346,-77.29129929702209,167.14505016356384,0.28341384663958896
c16,2002-12-28,-77.2924,167.1346,-77.2924,167.1346,-77.29125865779577,167.1448423515131,0.2808508123161177
c16,2002-12-29,-77.2924,167.1346,-77.2924,167.1346,-77.29127971831916,167.14497218603162,0.2826475331805623
c16,2002-12-30,-77.2924,167.1346,-77.2924,167.1346,-77.29130541866984,167.1449325671224,0.28052604584970253
c18,2002-05-16,-77.4667,179.1006,-77.4667,179.1006,-77.46974954863707,179.21452291251114,2.769476830924922
c18,2002-05-17,-77.4667,179.1006,-77.4667,179.1006,-77.46356818347921,179.10001210622954,0.34853099697170997
c18,2002-05-18,-77.4667,179.1006,-77.5654,178.4709,-77.46301225051133,179.09398336742282,18.814404994767436
c18,2002-05-19,-77.5654,178.4709,-77.5654,178.4709,-77.58679951732803,178.3308221686508,4.109943254278581
c18,2002-05-20,-77.5654,178.4709,-77.5654,178.4709,-77.53641241732804,178.34889350461947,4.35230034217391
c18,2002-05-21,-77.5654,178.4709,-77.5654,178.4709,-77.55997958284921,178.46888256590444,0.6046561932776618
c18,2002-05-22,-77.5654,178.4709,-77.5654,178.4709,-77.56010198168251,178.47541275251763,0.598943522946438
c18,2002-05-23,-77.5654,178.4709,-77.5654,178.4709,-77.56253577973281,178.47390328793642,0.3265053375109732
c18,2002-05-24,-77.5654,178.4709,-77.5048,178.3053,-77.56212640805741,178.46930808850192,7.492076090287164
c18,2002-05-25,-77.5048,178.3053,-77.5048,178.3053,-77.49478362244515,178.32067861725227,1.1736590132486258
c18,2002-05-26,-77.5048,178.3053,-77.4884,178.0846,-77.4907327018536,178.29765705537807,5.138401331977127
c18,2002-05-27,-77.4884,178.0846,-77.5455,178.1846,-77.47916998008657,178.0421617283069,8.131888188801806
c18,2002-05-28,-77.5455,178.1846,-77.5455,178.1846,-77.55590223765171,178.16969232824636,1.2106192028547196
c18,2002-05-29,-77.5455,178.1846,-77.5616,178.3709,-77.5419493608878,178.18810768417438,4.895962367272861
c18,2002-05-30,-77.5616,178.3709,-77.5922,178.3416,-77.56231184997078,178.40099496220228,3.614363155870113
c18,2002-05-31,-77.5922,178.3416,-77.5922,178.3416,-77.60897231385646,178.30647094354634,2.044925245112121
c18,2002-06-01,-77.5922,178.3416,-77.5603,177.8597,-77.58905671114273,178.3348902284888,11.810222641344536
c18,2002-06-02,-77.5603,177.8597,-77.618,178.0202,-77.54157219484127,177.72216298703705,11.091769822307004
c18,2002-06-03,-77.618,178.0202,-77.7004,178.5579,-77.61445972592593,177.9654229301587,17.018466909339416
c18,2002-06-04,-77.7004,178.5579,-77.7004,178.5579,-77.71785250129223,178.7447276911986,4.829384113343901
c18,2002-06-05,-77.7004,178.5579,-77.7004,178.5579,-77.68312842654808,178.5907920023725,2.0727342005589175
c18,2002-06-06,-77.7004,178.5579,-77.7004,178.5579,-77.69784126852069,178.55461757256785,0.294952495552176
c18,2002-06-07,-77.7004,178.5579,-77.7004,178.5579,-77.69743284653202,178.55738190769557,0.330160623711508
c18,2002-06-08,-77.7004,178.5579,-77.7004,178.5579,-77.69503442287576,178.54679861479894,0.6520268635872597
c18,2002-06-09,-77.7004,178.5579,-77.7004,178.5579,-77.69744169130117,178.55999784950086,0.33268194445875415
c18,2002-06-10,-77.7004,178.5579,-77.7358,178.5856,-77.697829343835,178.56242004288106,4.257603159624807
c18,2002-06-11,-77.7358,178.5856,-77.7358,178.5856,-77.75155339389404,178.57680818279766,1.763948229402296
c18,2002-06-12,-77.7358,178.5856,-77.7144,178.4798,-77.73299176010576,178.59015120420332,3.3287832491938087
c18,2002-06-13,-77.7144,178.4798,-77.7144,178.4798,-77.69315976186564,178.46758138177233,2.3794646297391884
c18,2002-06-14,-77.7144,178.4798,-77.6927,178.2432,-77.69942778914864,178.43180361487282,4.531210192798004
c18,2002-06-15,-77.6927,178.2432,-77.6927,178.2432,-77.67836026216932,178.1866785134921,2.0830724280027004
c18,2002-06-16,-77.6927,178.2432,-77.6246,178.0044,-77.66129932220538,178.1451073187052,5.278608139972475
c18,2002-06-17,-77.6246,178.0044,-77.579,178.0013,-77.59846115766688,177.9426964823375,2.577668317526479
c18,2002-06-18,-77.579,178.0013,-77.579,178.0013,-77.53629474167487,177.96329138764804,4.835128745025043
c18,2002-06-19,-77.579,178.0013,-77.579,178.0013,-77.5719483822229,177.99496858450777,0.7986007806859536
c18,2002-06-20,-77.579,178.0013,-77.579,178.0013,-77.57554104780478,177.99654493274204,0.4010843103242855
c18,2002-06-21,-77.579,178.0013,-77.579,178.0013,-77.5759408711858,178.00276462310126,0.341958975374404
c18,2002-06-22,-77.579,178.0013,-77.6161,177.7805,-77.57598587721198,178.00546641199105,6.983436213635464
c18,2002-06-23,-77.6161,177.7805,-77.6161,177.7805,-77.62056494426486,177.74301345165117,1.022417283748868
c18,2002-06-24,-77.6161,177.7805,-77.6161,177.7805,-77.61541594961349,177.70731343613608,1.7469811564634825
c18,2002-06-25,-77.6161,177.7805,-77.6478,177.6333,-77.61300299289563,177.7742971163774,5.123553378569882
c18,2002-06-26,-77.6478,177.6333,-77.5478,177.3802,-77.65275398654865,177.60149131532864,12.810726357124638
c18,2002-06-27,-77.5478,177.3802,-77.5048,177.1075,-77.51371517829485,177.28531796348005,4.3898180526424415
c18,2002-06-28,-77.5048,177.1075,-77.5048,177.1075,-77.48132991029043,176.90990795268442,5.426761372312325
c18,2002-06-29,-77.5048,177.1075,-77.5048,177.1075,-77.47669487439622,177.09021750420038,3.152745176140844
c18,2002-06-30,-77.5048,177.1075,-77.5048,177.1075,-77.50157494659649,177.09972466675652,0.40447553672730663
c18,2002-07-01,-77.5048,177.1075,-77.5048,177.1075,-77.5003569356273,177.09699172031765,0.5549913859181016
c18,2002-07-02,-77.5048,177.1075,-77.5048,177.1075,-77.50226878038754,177.11068887850314,0.29172902232409664
c18,2002-07-03,-77.5048,177.1075,-77.5382,177.6,-77.50217948119274,177.10498796526667,12.550724737413072
c18,2002-07-04,-77.5382,177.6,-77.5382,177.6,-77.51406321111112,177.6111442277778,2.69720171401294
c18,2002-07-05,-77.5382,177.6,-77.5382,177.6,-77.5225223530973,177.63733595251927,1.9602469959659339
c18,2002-07-06,-77.5382,177.6,-77.4768,177.3723,-77.53515595073384,177.59695102951332,8.444528011898024
c18,2002-07-07,-77.4768,177.3723,-77.4768,177.3723,-77.46515257276262,177.3299890112408,1.6489537828201133
c18,2002-07-08,-77.4768,177.3723,-77.3689,177.2794,-77.45070591457092,177.32790888087266,9.172072721158306
c18,2002-07-09,-77.3689,177.2794,-77.3689,177.2794,-77.3539705058944,177.25608569424412,1.754315336255495
c18,2002-07-10,-77.3689,177.2794,-77.3689,177.2794,-77.3464620745363,177.29883212864667,2.5394069102919232
c18,2002-07-11,-77.3689,177.2794,-77.3689,177.2794,-77.36588747451516,177.27172946678536,0.38341185657479804
c18,2002-07-12,-77.3689,177.2794,-77.3689,177.2794,-77.3655940007786,177.27751893763542,0.3704455751251946
c18,2002-07-13,-77.3689,177.2794,-77.3689,177.2794,-77.36627948119273,177.27688796526672,0.29772275555095373
c18,2002-07-14,-77.3689,177.2794,-77.3689,177.2794,-77.36612601735163,177.27359931730018,0.33917731073581947
c18,2002-07-15,-77.3689,177.2794,-77.3689,177.2794,-77.36566131898996,177.27466073670178,0.37811742897764566
c18,2002-07-16,-77.3689,177.2794,-77.3689,177.2794,-77.36535947482399,177.26980530569813,0.45763914122558735
c18,2002-07-17,-77.3689,177.2794,-77.3689,177.2794,-77.3656335439906,177.27112564913364,0.4152265026197584
c18,2002-07-18,-77.3689,177.2794,-77.2983,177.0626,-77.36628178938658,177.27680753941638,9.188328405229612
c18,2002-07-19,-77.2983,177.0626,-77.2983,177.0626,-77.27536162410445,177.03155908802944,2.6613342734605894
c18,2002-07-20,-77.2983,177.0626,-77.2983,177.0626,-77.28439844821162,177.06976096502518,1.5556759126246191
c18,2002-07-21,-77.2983,177.0626,-77.2983,177.0626,-77.29576197380031,177.0679464653051,0.311023516000283
c18,2002-07-22,-77.2983,177.0626,-77.2451,176.7467,-77.29546572209881,177.05125110056917,9.3299288008716
c18,2002-07-23,-77.2451,176.7467,-77.2451,176.7467,-77.22437220166665,176.69530024283068,2.6281230383907537
c18,2002-07-24,-77.2451,176.7467,-77.2451,176.7467,-77.22946497681252,176.72412072336294,1.824867121476434
c18,2002-07-25,-77.2451,176.7467,-77.09,176.2384,-77.2413489097945,176.73200059342707,20.78125674592483
c18,2002-07-26,-77.09,176.2384,-77.0295,176.397,-77.06323606111113,175.9399034793651,11.99509161688157
c18,2002-07-27,-77.0295,176.397,-76.9479,176.5776,-77.0077191514911,176.40461958605096,7.939006060434202
c18,2002-07-28,-76.9479,176.5776,-76.9479,176.5776,-76.88589344103796,176.68983172116964,7.4510850488162
c18,2002-07-29,-76.9479,176.5776,-76.8203,176.5537,-76.9099277970567,176.67015275238765,10.391483283037592
c18,2002-07-30,-76.8203,176.5537,-76.8203,176.5537,-76.79195937594928,176.57254457545906,3.18742032595651
c18,2002-07-31,-76.8203,176.5537,-76.8203,176.5537,-76.77984154222735,176.57524062815878,4.531901027695121
c18,2002-08-01,-76.8203,176.5537,-76.8203,176.5537,-76.81630920349815,176.5344447961079,0.6597798269573941
c18,2002-08-02,-76.8203,176.5537,-76.748,176.5343,-76.81688346427622,176.53600537137453,7.6596144759828135
c18,2002-08-03,-76.748,176.5343,-76.6828,176.5847,-76.72219263085506,176.51262913487778,4.752292111205238
c18,2002-08-04,-76.6828,176.5847,-76.6082,176.7033,-76.64882816281268,176.57371874357557,5.61362956909554
c18,2002-08-05,-76.6082,176.7033,-76.5081,176.4534,-76.56171119813948,176.72815552781628,9.281462921206101
c18,2002-08-06,-76.5081,176.4534,-76.54,176.8752,-76.4594369531746,176.37007686071422,15.880090102304774
c18,2002-08-07,-76.54,176.8752,-76.3581,176.1447,-76.50393972857144,176.758782859127,22.79513522246046
c18,2002-08-08,-76.3581,176.1447,-76.3581,176.1447,-76.2744264977513,175.98487377566136,10.20982080712494
c18,2002-08-09,-76.3581,176.1447,-76.3161,175.8383,-76.34262598043817,176.04718692093672,6.2317388476067235
c18,2002-08-10,-76.3161,175.8383,-76.2968,175.4689,-76.29544261701061,175.82952462563492,9.500943219290704
c18,2002-08-11,-76.2968,175.4689,-76.2968,175.4689,-76.28049788320106,175.2562248978836,5.891206476757694
c18,2002-08-12,-76.2968,175.4689,-76.2874,175.6473,-76.26653875238753,175.424359873924,6.321805227644664
c18,2002-08-13,-76.2874,175.6473,-76.2874,175.6473,-76.28079256418573,175.69325486615537,1.4169682047456138
c18,2002-08-14,-76.2874,175.6473,-76.2795,175.918,-76.27990453441456,175.6830623885022,6.1962792404660245
c18,2002-08-15,-76.2795,175.918,-76.3056,176.1026,-76.26767960305145,175.97777639937055,5.34846169770507
c18,2002-08-16,-76.3056,176.1026,-76.3056,176.2741,-76.31157654229473,176.2427377794836,1.059699868294401
c18,2002-08-17,-76.3056,176.2741,-76.3056,176.2741,-76.30460738044526,176.3761058226255,2.687629171940541
c18,2002-08-18,-76.3056,176.2741,-76.3,175.9289,-76.30116965014275,176.28565471496734,9.395699354751581
c18,2002-08-19,-76.3,175.9289,-76.2104,175.2286,-76.2805967329365,175.88277423888889,18.974696907183855
c18,2002-08-20,-76.2104,175.2286,-76.0724,174.7287,-76.17409726243388,174.94202472328038,12.658604773721642
c18,2002-08-21,-76.0724,174.7287,-75.8935,173.9603,-75.95163747182539,174.4186093097884,13.979963959764415
c18,2002-08-22,-75.8935,173.9603,-75.8768,173.6692,-75.75206758386244,173.4162850542328,15.48751511048554
c18,2002-08-23,-75.8768,173.6692,-75.844,173.4973,-75.84318848531747,173.51087263412694,0.3799766380408283
c18,2002-08-24,-75.844,173.4973,-75.7959,173.3333,-75.82927147294481,173.4121332990087,4.287828288737879
c18,2002-08-25,-75.7959,173.3333,-75.7959,173.3333,-75.76304699223456,173.22108395652685,4.768726491796981
c18,2002-08-26,-75.7959,173.3333,-75.7959,173.3333,-75.78260149442048,173.29426043620663,1.8227128786198659
c18,2002-08-27,-75.7959,173.3333,-75.7648,173.4015,-75.79409700055679,173.32638461520486,3.8499912882346576
c18,2002-08-28,-75.7648,173.4015,-75.6992,173.0785,-75.75056307069224,173.3872300928677,10.211374219146862
c18,2002-08-29,-75.6992,173.0785,-75.5787,172.6554,-75.68443974351854,173.0964052420635,16.921146824671414
c18,2002-08-30,-75.5787,172.6554,-75.5787,172.6554,-75.47628057103174,172.3946239206349,13.498654998782998
c18,2002-08-31,-75.5787,172.6554,-75.3479,172.259,-75.54008391180474,172.5893606817683,23.278823404888655
c18,2002-09-01,-75.3479,172.259,-75.2859,172.2761,-75.29774922777777,172.15251629722218,3.729500196733464
c18,2002-09-02,-75.2859,172.2761,-75.2859,172.2761,-75.23983029373098,172.23486413477917,5.253831435665413
c18,2002-09-03,-75.2859,172.2761,-75.2278,172.3674,-75.27561540212217,172.25490362003984,6.197535955999346
c18,2002-09-04,-75.2278,172.3674,-75.197,172.1317,-75.20435398770141,172.38000205320395,7.0997669784516555
c18,2002-09-05,-75.197,172.1317,-75.12,171.8449,-75.17177853452381,172.11578370595237,9.63193266873495
c18,2002-09-06,-75.12,171.8449,-75.0396,171.5433,-75.06738067137285,171.66219986112935,4.6010889240802255
c18,2002-09-07,-75.0396,171.5433,-75.0396,171.5433,-74.97617280759239,171.38304406662962,8.425610579999168
c18,2002-09-08,-75.0396,171.5433,-74.9794,171.5709,-75.00475515975118,171.50120179472327,3.4607058204196024
c18,2002-09-09,-74.9794,171.5709,-74.9477,171.7374,-74.95384830481022,171.5790420033611,4.622883799781062
c18,2002-09-10,-74.9477,171.7374,-74.8927,171.5697,-74.92904778286497,171.8048185204217,7.915461176166642
c18,2002-09-11,-74.8927,171.5697,-74.8059,172.1202,-74.87409671587302,171.55518773214288,18.095541355499577
c18,2002-09-12,-74.8059,172.1202,-74.8059,172.1202,-74.74354577936506,172.0850719085979,7.008943605391846
c18,2002-09-13,-74.8059,172.1202,-74.7504,172.3404,-74.76864434885518,172.1877289356139,4.9020374917966905
c18,2002-09-14,-74.7504,172.3404,-74.691,172.6121,-74.72577451695226,172.35456654604184,8.484653604893827
c18,2002-09-15,-74.691,172.6121,-74.468,172.8229,-74.64872290095606,172.70404575385743,20.40121953180986
c18,2002-09-16,-74.468,172.8229,-74.4042,172.6999,-74.31924801044974,172.87915292367722,10.867359245354042
c18,2002-09-17,-74.4042,172.6999,-74.2511,173.1596,-74.36908230750362,172.6459409570527,20.265324880344405
c18,2002-09-18,-74.2511,173.1596,-74.1925,173.5297,-74.21545657873976,173.1071885959115,13.041129938502237
c18,2002-09-19,-74.1925,173.5297,-74.1401,173.558,-74.14028916441798,173.7149676202381,4.769952840253818
c18,2002-09-20,-74.1401,173.558,-74.1194,173.3705,-74.10879568979185,173.57146353181696,6.229254771458923
c18,2002-09-21,-74.1194,173.3705,-73.9526,172.8876,-74.09169727383356,173.29779467510696,19.921280396162796
c18,2002-09-22,-73.9526,172.8876,-73.9034,172.4801,-73.9060937476912,172.62586070259738,4.5033555744785385
c18,2002-09-23,-73.9034,172.4801,-73.9034,172.4801,-73.85117090079366,172.28892917698408,8.280945866488635
c18,2002-09-24,-73.9034,172.4801,-73.9034,172.4801,-73.89164803671656,172.4471279184977,1.65579603861315
c18,2002-09-25,-73.9034,172.4801,-73.9034,172.4801,-73.90118211329639,172.4727670248061,0.3345686389160099
c18,2002-09-26,-73.9034,172.4801,-73.6834,172.2042,-73.90148718600288,172.4745511544752,25.660730143334153
c18,2002-09-27,-73.6834,172.2042,-73.5963,172.0322,-73.5839024708153,172.12475475177968,3.217713217362562
c18,2002-09-28,-73.5963,172.0322,-73.4446,172.0006,-73.53280324788359,171.9061712042328,10.251687812601727
c18,2002-09-29,-73.4446,172.0006,-73.2776,171.9582,-73.35136039529891,171.98127073387445,8.23478841207441
c18,2002-09-30,-73.2776,171.9582,-73.1345,171.9936,-73.17075165193486,171.9149822722125,4.7611026486079835
c18,2002-10-01,-73.1345,171.9936,-73.1263,171.8918,-73.02125568584562,171.97434891155052,11.98220231904221
c18,2002-10-02,-73.1263,171.8918,-73.069,171.8067,-73.10682283771207,171.9048481954992,5.269473426597687
c18,2002-10-03,-73.069,171.8067,-73.069,171.8067,-73.04214020455959,171.78194889316478,3.0925067788977274
c18,2002-10-04,-73.069,171.8067,-73.0042,172.084,-73.05540092191382,171.7842173337683,11.272747307735584
c18,2002-10-05,-73.0042,172.084,-72.8914,172.318,-72.98497253241757,172.11657688831906,12.306212694998354
c18,2002-10-06,-72.8914,172.318,-72.6484,172.3493,-72.80407213852098,172.4689572302878,17.755090675928354
c18,2002-10-07,-72.6484,172.3493,-72.6484,172.3493,-72.5191491429894,172.28197703677245,14.5456486131819
c18,2002-10-08,-72.6484,172.3493,-72.6174,172.2954,-72.60511501548795,172.3537505604491,2.3719043038055263
c18,2002-10-09,-72.6174,172.2954,-72.5629,172.329,-72.60610520546388,172.2988470134639,4.9078874343593
c18,2002-10-10,-72.5629,172.329,-72.5629,172.329,-72.53720757345839,172.30423731730502,2.9737960017323295
c18,2002-10-11,-72.5629,172.329,-72.5629,172.329,-72.55541318890954,172.32363946112184,0.8514490772317466
c18,2002-10-12,-72.5629,172.329,-72.3864,172.3064,-72.56265912425631,172.31341198393966,19.60052665417582
c18,2002-10-13,-72.3864,172.3064,-72.1887,172.1863,-72.34663799537036,172.3318864481481,18.240892056841627
c18,2002-10-14,-72.1887,172.1863,-72.1887,172.1863,-72.0214765150914,172.13826455926323,18.666692594560313
c18,2002-10-15,-72.1887,172.1863,-71.9872,172.0299,-72.14653853983842,172.20921931239468,18.751189119403357
c18,2002-10-16,-71.9872,172.0299,-71.8294,171.8902,-71.94972543786677,172.01011716664266,14.006902678927577
c18,2002-10-17,-71.8294,171.8902,-71.6029,171.4852,-71.72750562645504,171.86691310701053,19.24166633419848
c18,2002-10-18,-71.6029,171.4852,-71.3711,170.8952,-71.45970182089948,171.30075155714286,17.424632119242368
c18,2002-10-19,-71.3711,170.8952,-71.1006,170.4827,-71.21280010079364,170.46967935740736,12.484842386239784
c18,2002-10-20,-71.1006,170.4827,-71.1006,170.4827,-70.89257524166666,170.2860621527778,24.202216560375703
c18,2002-10-21,-71.1006,170.4827,-71.1006,170.4827,-71.04735919197478,170.39090671106396,6.782896233910776
c18,2002-10-22,-71.1006,170.4827,-71.1006,170.4827,-71.08810581686161,170.45350162701857,1.7426315307092712
c18,2002-10-23,-71.1006,170.4827,-71.0193,170.5052,-71.0551583077851,170.6852109219468,7.629222627722024
c18,2002-10-24,-71.0193,170.5052,-71.0193,170.5052,-70.96308769518247,170.56820995005046,6.65408837201536
c18,2002-10-25,-71.0193,170.5052,-70.8378,169.6874,-70.98812277660925,170.45985074442734,32.68433765232642
c18,2002-10-26,-70.8378,169.6874,-70.7254,169.5471,-70.74931129140212,169.35499261018515,7.5319823218902044
c18,2002-10-27,-70.7254,169.5471,-70.7254,169.5471,-70.63014784656083,169.45146616190476,11.160708283804375
c18,2002-10-28,-70.7254,169.5471,-70.7254,169.5471,-70.69913786470073,169.51837304620426,3.1049842473322826
c18,2002-10-29,-70.7254,169.5471,-70.6026,169.0851,-70.72516964428453,169.53542144726282,21.462486668024162
c18,2002-10-30,-70.6026,169.0851,-70.6026,169.0851,-70.5922808526455,169.019440461508,2.6831447169936182
c18,2002-10-31,-70.6026,169.0851,-70.4963,168.8975,-70.59198962103514,169.03757966469612,11.837659832886024
c18,2002-11-01,-70.4963,168.8975,-70.4963,168.8975,-70.46905759634718,168.81167781896113,4.397839644930285
c18,2002-11-02,-70.4963,168.8975,-70.4128,168.6349,-70.47830313726958,168.89491401792623,12.111770502230275
c18,2002-11-03,-70.4128,168.6349,-70.4128,168.6349,-70.38417559497354,168.61127194748678,3.3026734919676493
c18,2002-11-04,-70.4128,168.6349,-70.4128,168.6349,-70.40765705562792,168.60412638082812,1.281921685934014
c18,2002-11-05,-70.4128,168.6349,-70.3251,168.4306,-70.41166816031975,168.63013086281035,12.174668573725084
c18,2002-11-06,-70.3251,168.4306,-70.3251,168.4306,-70.2940297396575,168.35453920575367,4.4784695424725784
c18,2002-11-07,-70.3251,168.4306,-70.3251,168.4306,-70.3016292327037,168.41276744748154,2.6939600182055563
c18,2002-11-08,-70.3251,168.4306,-70.2253,167.886,-70.32530695297834,168.42012514888688,22.922735698702184
c18,2002-11-09,-70.2253,167.886,-70.102,167.3642,-70.17174763637567,167.71079491785713,15.219099723149677
c18,2002-11-10,-70.102,167.3642,-69.978,166.8257,-69.98880055201863,166.98096682935363,6.03043295224582
c18,2002-11-11,-69.978,166.8257,-69.9266,166.5347,-69.86993889576718,166.46520372751326,6.837334962991821
c18,2002-11-12,-69.9266,166.5347,-69.9216,166.3153,-69.89655120387667,166.37851886978018,3.6863136375241528
c18,2002-11-13,-69.9216,166.3153,-69.8979,165.6191,-69.920498932397,166.08600064612523,18.010069038907158
c18,2002-11-14,-69.8979,165.6191,-69.8587,165.1568,-69.85779315568784,165.16452453029103,0.3124836541985817
c18,2002-11-15,-69.8587,165.1568,-69.7815,164.8288,-69.8184692313837,164.86318457829537,4.317587024735229
c18,2002-11-16,-69.7815,164.8288,-69.7815,164.8288,-69.71731832331491,164.654090313216,9.805414245268025
c18,2002-11-17,-69.7815,164.8288,-69.7815,164.8288,-69.76978913455476,164.8178303214542,1.368759611335906
c18,2002-11-18,-69.7815,164.8288,-69.7528,164.8526,-69.78036902170294,164.82378242386255,3.2597008613027922
c18,2002-11-19,-69.7528,164.8526,-69.7241,164.8764,-69.72427686293588,164.8786586381434,0.08922739060623744
c18,2002-11-20,-69.7241,164.8764,-69.7241,164.8764,-69.70069047339727,164.8898177375156,2.6539283941218472
c18,2002-11-21,-69.7241,164.8764,-69.7241,164.8764,-69.71880004229898,164.8770584899463,0.5898745402161366
c18,2002-11-22,-69.7241,164.8764,-69.7241,164.8764,-69.72308732106934,164.877657587062,0.12258978439061186
c18,2002-11-23,-69.7241,164.8764,-69.7241,164.8764,-69.72283976783142,164.87242328610614,0.20765317554827542
c18,2002-11-24,-69.7241,164.8764,-69.7241,164.8764,-69.72486320607157,164.86120849204866,0.5914928079589912
c18,2002-11-25,-69.7241,164.8764,-69.7241,164.8764,-69.72285243438164,164.86945456343153,0.3014557781292323
c18,2002-11-26,-69.7241,164.8764,-69.7241,164.8764,-69.72424636218058,164.86139116773836,0.5785715001228076
c18,2002-11-27,-69.7241,164.8764,-69.7241,164.8764,-69.72260371147739,164.87093011451395,0.2685353147056816
c18,2002-11-28,-69.7241,164.8764,-69.7241,164.8764,-69.72278189485162,164.87220211456253,0.21828788249796782
c18,2002-11-29,-69.7241,164.8764,-69.7241,164.8764,-69.72286773487494,164.87240676243027,0.20604241251700525
c18,2002-11-30,-69.7241,164.8764,-69.7423,164.5694,-69.72336108105331,164.87036405427375,11.782166436416105
c18,2002-12-01,-69.7423,164.5694,-69.7423,164.5694,-69.74864256663058,164.52706552965367,1.775714547530472
c18,2002-12-02,-69.7423,164.5694,-69.7151,164.2929,-69.73124979714208,164.46357314512716,6.81769191633195
c18,2002-12-03,-69.7151,164.2929,-69.7151,164.2929,-69.70717282820515,164.19455716385835,3.8929311084473683
c18,2002-12-04,-69.7151,164.2929,-69.7151,164.2929,-69.70008085863795,164.2314448007869,2.899254940625058
c18,2002-12-05,-69.7151,164.2929,-69.7151,164.2929,-69.7138147809848,164.28875177755873,0.21446969442482433
c18,2002-12-06,-69.7151,164.2929,-69.7151,164.2929,-69.71560050071334,164.2829368898823,0.3880845291779737
c18,2002-12-07,-69.7151,164.2929,-69.6383,163.9902,-69.71457473011701,164.2655293832297,13.601488582755888
c18,2002-12-08,-69.6383,163.9902,-69.5611,163.3833,-69.60582393730158,163.93658441230156,22.030200992411263
c18,2002-12-09,-69.5611,163.3833,-69.5082,163.4785,-69.50917924100528,163.14135363095238,13.124021863304828
c18,2002-12-10,-69.5082,163.4785,-69.4646,163.5075,-69.48177043913982,163.47859555266,2.2170680571992825
c18,2002-12-11,-69.4646,163.5075,-69.5393,163.4667,-69.44120158035369,163.53808495386568,11.256992529019742
c18,2002-12-12,-69.5393,163.4667,-69.5393,163.4667,-69.54000695657102,163.43034426614827,1.4153027774616247
c18,2002-12-13,-69.5393,163.4667,-69.505,162.9496,-69.53780204928016,163.43144093501962,19.096272244393646
c18,2002-12-14,-69.505,162.9496,-69.505,162.9496,-69.47353574246031,162.7595428703824,8.189706990904622
c18,2002-12-15,-69.505,162.9496,-69.505,162.9496,-69.51640307120783,162.83938025887318,4.473413800789252
c18,2002-12-16,-69.505,162.9496,-69.505,162.9496,-69.50366060612282,162.9452032585894,0.22690068372953226
c18,2002-12-17,-69.505,162.9496,-69.505,162.9496,-69.50378228647804,162.94416207953907,0.2513123035815284
c18,2002-12-18,-69.505,162.9496,-69.505,162.9496,-69.50386217321235,162.9446917632738,0.2291815462937387
c18,2002-12-19,-69.505,162.9496,-69.505,162.9496,-69.5037370930903,162.9457445246041,0.20555348274021829
c18,2002-12-20,-69.505,162.9496,-69.4422,162.9043,-69.50376795216195,162.9453380883897,7.030547860776762
c18,2002-12-21,-69.4422,162.9043,-69.4422,162.9043,-69.41998950077303,162.8774293332495,2.6835337023504535
c18,2002-12-22,-69.4422,162.9043,-69.4422,162.9043,-69.42519407176087,162.86589127517988,2.413859633593123
c18,2002-12-23,-69.4422,162.9043,-69.4422,162.9043,-69.44171085441207,162.89630454340272,0.3168993262667393
c18,2002-12-24,-69.4422,162.9043,-69.4422,162.9043,-69.44106823849596,162.89917571965555,0.23637493673733234
c18,2002-12-25,-69.4422,162.9043,-69.4422,162.9043,-69.44093335572951,162.90041766583977,0.20692585683627931
c18,2002-12-26,-69.4422,162.9043,-69.4422,162.9043,-69.44092700928208,162.9003828292905,0.20840315615405844
c18,2002-12-27,-69.4422,162.9043,-69.4422,162.9043,-69.44185062359065,162.8968144985439,0.2948542617910735
c18,2002-12-28,-69.4422,162.9043,-69.4422,162.9043,-69.44249037055475,162.8958097306181,0.33308028218869556
c18,2002-12-29,-69.4422,162.9043,-69.3024,162.2765,-69.44238579391893,162.8957365947265,28.821931140201915
c18,2002-12-30,-69.3024,162.2765,-69.0942,161.6353,-69.27033820476191,161.9508094285714,23.217584491608097
uk02,2002-01-05,-77.0294,-33.8351,-77.0742,-34.1078,-77.05256268470944,-33.85127415651661,6.824037033815453
uk02,2002-01-06,-77.0742,-34.1078,-77.0742,-34.1078,-77.09802130515875,-34.22314465912697,3.9028582961618605
uk02,2002-01-07,-77.0742,-34.1078,-77.1111,-34.2054,-77.07174325600155,-34.16267959185461,4.5030963894427245
uk02,2002-01-08,-77.1111,-34.2054,-77.1956,-34.3392,-77.11348018614983,-34.18589180339265,9.88657179821707
uk02,2002-01-09,-77.1956,-34.3392,-77.1956,-34.3392,-77.23857974786436,-34.39851562469937,4.996969988223135
uk02,2002-01-10,-77.1956,-34.3392,-77.246,-34.5944,-77.1998298270591,-34.420246622862095,6.685693734411025
uk02,2002-01-11,-77.246,-34.5944,-77.246,-34.5944,-77.25854229904247,-34.66325725580617,2.190753209237711
uk02,2002-01-12,-77.246,-34.5944,-77.246,-34.5944,-77.24518095858673,-34.635374517667856,1.0099889995090359
uk02,2002-01-13,-77.246,-34.5944,-77.246,-34.5944,-77.24506777122936,-34.62309840453173,0.7120990754153899
uk02,2002-01-14,-77.246,-34.5944,-77.246,-34.5944,-77.24389928795337,-34.61437827022752,0.5432503195219054
uk02,2002-01-15,-77.246,-34.5944,-77.246,-34.5944,-77.24115364919274,-34.60799977468565,0.6339540454128701
uk02,2002-01-16,-77.246,-34.5944,-77.246,-34.5944,-77.24399602036925,-34.61446521022509,0.5406551601815822
uk02,2002-01-17,-77.246,-34.5944,-77.246,-34.5944,-77.24068727490983,-34.60911263489626,0.6924431387824795
uk02,2002-01-18,-77.246,-34.5944,-77.246,-34.5944,-77.24071864874948,-34.6076199468267,0.6709932672296463
uk02,2002-01-19,-77.246,-34.5944,-77.246,-34.5944,-77.24059617456047,-34.60885050582658,0.6978115295987358
uk02,2002-01-20,-77.246,-34.5944,-77.246,-34.5944,-77.24186995083636,-34.6065462274903,0.5475700214023321
uk02,2002-01-21,-77.246,-34.5944,-77.246,-34.5944,-77.24420777737731,-34.616502693272196,0.57805317924478
uk02,2002-01-22,-77.246,-34.5944,-77.246,-34.5944,-77.24501776644603,-34.621410100008944,0.6720042080122247
uk02,2002-01-23,-77.246,-34.5944,-77.246,-34.5944,-77.24446814772939,-34.61811221858457,0.6065309902209305
uk02,2002-01-24,-77.246,-34.5944,-77.246,-34.5944,-77.24059617456047,-34.60885050582658,0.6978115295987358
uk02,2002-01-25,-77.246,-34.5944,-77.246,-34.5944,-77.24070033252663,-34.60829339072268,0.6809082258298668
uk02,2002-01-26,-77.246,-34.5944,-77.246,-34.5944,-77.23904034434852,-34.61292193736358,0.8976243984887444
uk02,2002-01-27,-77.246,-34.5944,-77.246,-34.5944,-77.24008465049194,-34.60963077120951,0.756635900021082
uk02,2002-01-28,-77.246,-34.5944,-77.246,-34.5944,-77.24004358537503,-34.610147082397134,0.7669215949596174
uk02,2002-01-29,-77.246,-34.5944,-77.246,-34.5944,-77.23957834726916,-34.60833077033354,0.7917562927098298
uk02,2002-01-30,-77.246,-34.5944,-77.246,-34.5944,-77.2384382357672,-34.61245398392629,0.9505398861423614
uk02,2002-01-31,-77.246,-34.5944,-77.246,-34.5944,-77.23900108609196,-34.6122050029071,0.8926382073912313
uk02,2002-02-01,-77.246,-34.5944,-77.2094,-34.3816,-77.23955374116086,-34.61472310071713,6.640806098845766
uk02,2002-02-02,-77.2094,-34.3816,-77.1383,-34.3031,-77.19686446654497,-34.37334416346616,6.739177883179333
uk02,2002-02-03,-77.1383,-34.3031,-77.1383,-34.3031,-77.09630063283205,-34.32260606525682,4.695087117770239
uk02,2002-02-04,-77.1383,-34.3031,-77.1383,-34.3031,-77.11347111802083,-34.2847792014183,2.797909431357001
uk02,2002-02-05,-77.1383,-34.3031,-77.1383,-34.3031,-77.13227932866279,-34.32180054533066,0.8139638500937371
uk02,2002-02-06,-77.1383,-34.3031,-77.1383,-34.3031,-77.13337325178222,-34.3206480382116,0.6991741342351387
uk02,2002-02-07,-77.1383,-34.3031,-77.1383,-34.3031,-77.13156319636947,-34.32558806864242,0.9333458565209612
uk02,2002-02-08,-77.1383,-34.3031,-77.1383,-34.3031,-77.13078795520484,-34.324996422819254,0.9958088338331486
uk02,2002-02-09,-77.1383,-34.3031,-77.1383,-34.3031,-77.12977085770396,-34.324257778365336,1.0834626293699716
uk02,2002-02-10,-77.1383,-34.3031,-77.1383,-34.3031,-77.13791195337426,-34.34663185448045,1.078372236590558
uk02,2002-02-11,-77.1383,-34.3031,-77.2418,-34.482,-77.13196330534915,-34.32369839413596,12.82196876320643
uk02,2002-02-12,-77.2418,-34.482,-77.2418,-34.482,-77.26633392711639,-34.52780455224868,2.9504190174392306
uk02,2002-02-13,-77.2418,-34.482,-77.2418,-34.482,-77.25801466298698,-34.57957724619075,2.9974817935280216
uk17,2002-01-08,-62.15,-29.0,-62.15,-29.0,-62.13508298515382,-28.981829985593805,1.908552147130917
uk17,2002-01-09,-62.15,-29.0,-62.15,-29.0,-62.12921617904251,-28.931264163180316,4.254220699444713
uk17,2002-01-10,-62.15,-29.0,-62.056,-28.4489,-62.13900631199333,-28.960705273987486,28.186110962434256
uk17,2002-01-11,-62.056,-28.4489,-62.056,-28.4489,-62.014883486507934,-28.279269161507955,9.956659399903005
uk17,2002-01-12,-62.056,-28.4489,-62.0309,-28.2814,-62.02862481679264,-28.308427067294048,1.4320356543751769
uk17,2002-01-13,-62.0309,-28.2814,-62.0309,-28.2814,-62.01422313817008,-28.247637172688883,2.557459013674826
uk17,2002-01-14,-62.0309,-28.2814,-61.982,-28.2796,-62.017868057792505,-28.189691719857223,6.159191427442582
uk17,2002-01-15,-61.982,-28.2796,-61.982,-28.2796,-61.93799625157458,-28.267829306639072,4.931525495367024
uk17,2002-01-16,-61.982,-28.2796,-61.982,-28.2796,-61.954132963210505,-28.229522413565178,4.05587360980702
uk17,2002-01-17,-61.982,-28.2796,-61.8764,-28.0301,-61.94680687769759,-28.242960266192227,13.619218490626778
uk17,2002-01-18,-61.8764,-28.0301,-61.8764,-28.0301,-61.83068278609307,-27.967863855108618,6.041459743813506
uk17,2002-01-19,-61.8764,-28.0301,-61.8496,-27.9659,-61.83493361193917,-27.976316259308362,1.7199826929348698
uk17,2002-01-20,-61.8496,-27.9659,-61.8496,-27.9659,-61.82425189571238,-27.94323218239316,3.0593583410971594
uk17,2002-01-21,-61.8496,-27.9659,-61.8496,-27.9659,-61.832692561637934,-27.957688806864667,1.9287661706142236
uk17,2002-01-22,-61.8496,-27.9659,-61.8496,-27.9659,-61.8371766959899,-27.938952448892763,1.9767619027441394
uk17,2002-01-23,-61.8496,-27.9659,-61.8496,-27.9659,-61.823776190560714,-27.944624672507274,3.080930569091327
uk17,2002-01-24,-61.8496,-27.9659,-61.8398,-27.6636,-61.81405347374683,-27.925740996301897,14.056801214024244
uk17,2002-01-25,-61.8398,-27.6636,-61.834,-27.5892,-61.83030339605579,-27.624799777032223,1.913315563353513
uk17,2002-01-26,-61.834,-27.5892,-61.834,-27.5892,-61.826131307352526,-27.509409615353547,4.278913196605823
uk17,2002-01-27,-61.834,-27.5892,-61.8088,-27.4805,-61.821273334550575,-27.590350182509667,5.933655606768661
uk17,2002-01-28,-61.8088,-27.4805,-61.8088,-27.4805,-61.79240857702062,-27.438349056807994,2.868329465381376
uk17,2002-01-29,-61.8088,-27.4805,-61.8088,-27.4805,-61.797684710735716,-27.437100738371242,2.59361646768546
uk17,2002-01-30,-61.8088,-27.4805,-61.8088,-27.4805,-61.79694147105552,-27.484474121067166,1.3350377767988568
uk17,2002-01-31,-61.8088,-27.4805,-61.8088,-27.4805,-61.79363023340331,-27.481108180710407,1.6871037508525073
uk17,2002-02-01,-61.8088,-27.4805,-61.9047,-27.6511,-61.78671591642393,-27.533239429550576,14.503565565151634
uk17,2002-02-02,-61.9047,-27.6511,-61.944,-27.6887,-61.919347689550264,-27.667905870502636,2.949215209226385
uk17,2002-02-03,-61.944,-27.6887,-61.9315,-27.5696,-61.97214405749781,-27.72700897745969,9.389412079970155
uk17,2002-02-04,-61.9315,-27.5696,-61.9315,-27.5696,-61.92000229047545,-27.549744899227647,1.6474488728494225
uk17,2002-02-05,-61.9315,-27.5696,-61.9315,-27.5696,-61.92210133005649,-27.523038959568993,2.651136765245606
uk17,2002-02-06,-61.9315,-27.5696,-61.9315,-27.5696,-61.916448469229806,-27.559341730060652,1.7576466711417402
uk17,2002-02-07,-61.9315,-27.5696,-61.879,-27.4714,-61.9070407069426,-27.562282523989893,5.6911106333836905
uk17,2002-02-08,-61.879,-27.4714,-61.8976,-27.3757,-61.84612266471236,-27.43084241529624,6.412525390529456
uk17,2002-02-09,-61.8976,-27.3757,-61.8976,-27.3757,-61.884887286286556,-27.29098106034678,4.658024143375329
uk17,2002-02-10,-61.8976,-27.3757,-61.8976,-27.3757,-61.86929198065791,-27.319334708373162,4.316513888899198
uk17,2002-02-11,-61.8976,-27.3757,-61.7578,-27.1722,-61.85986815272531,-27.318841754735843,13.71670449546698
uk17,2002-02-12,-61.7578,-27.1722,-61.7295,-26.888,-61.723693263425936,-27.123281140277783,12.409236925747892
uk17,2002-02-13,-61.7295,-26.888,-61.7751,-27.0194,-61.70633833108973,-26.699963549429384,18.473747865558714
uk17,2002-02-14,-61.7751,-27.0194,-61.7052,-26.9668,-61.7583714809109,-27.040005768486793,7.058233190013569
uk17,2002-02-15,-61.7052,-26.9668,-61.7052,-26.9668,-61.6878696343541,-26.966718032238788,1.9270535823308594
uk17,2002-02-16,-61.7052,-26.9668,-61.6436,-26.9182,-61.683374683802455,-26.953339218970797,4.795851228442744
uk17,2002-02-17,-61.6436,-26.9182,-61.6559,-26.9831,-61.61604473412319,-26.895999952738777,6.388286047034384
uk17,2002-02-18,-61.6559,-26.9831,-61.6492,-27.0327,-61.65165523712198,-27.025795522533144,0.4554561160569288
uk17,2002-02-19,-61.6492,-27.0327,-61.6221,-26.9631,-61.635297251838296,-27.076904858212117,6.1896911947058175
uk17,2002-02-20,-61.6221,-26.9631,-61.6221,-26.9631,-61.59745889300805,-26.923322324342166,3.454021605050932
uk17,2002-02-21,-61.6221,-26.9631,-61.6221,-26.9631,-61.5926986266587,-26.89939773097879,4.6939426872076115
uk17,2002-02-22,-61.6221,-26.9631,-61.5379,-26.6908,-61.57393523512549,-26.943145323877758,13.952505346626108
uk17,2002-02-23,-61.5379,-26.6908,-61.5379,-26.6908,-61.52037479870306,-26.62667647447293,3.918042910412619
uk17,2002-02-24,-61.5379,-26.6908,-61.5379,-26.6908,-61.510070129615045,-26.618479248738453,4.927203573240615
uk17,2002-02-25,-61.5379,-26.6908,-61.5379,-26.6908,-61.52443751145926,-26.685948637303795,1.518885608812535
uk17,2002-02-26,-61.5379,-26.6908,-61.5528,-26.4737,-61.53511401394847,-26.686316398020267,11.435345504678244
uk17,2002-02-27,-61.5528,-26.4737,-61.5973,-26.4134,-61.542534342387924,-26.391400996065556,6.200021750480872
uk17,2002-02-28,-61.5973,-26.4134,-61.5973,-26.4134,-61.61720509680543,-26.363147929192394,3.458158616703899
uk17,2002-03-01,-61.5973,-26.4134,-61.5455,-26.2751,-61.58163289386228,-26.40184016797818,7.82159361368627
uk17,2002-03-02,-61.5455,-26.2751,-61.5086,-26.1918,-61.53061758065285,-26.240741991428592,3.5677003919582115
uk17,2002-03-03,-61.5086,-26.1918,-61.478,-26.0813,-61.47776425556909,-26.138661494310924,3.045741453209548
uk17,2002-03-04,-61.478,-26.0813,-61.4462,-25.9759,-61.44759807900857,-25.992779235715773,0.9104707905743794
uk17,2002-03-05,-61.4462,-25.9759,-61.4462,-25.9759,-61.41812658448478,-25.909157205148944,4.7264627889837545
uk17,2002-03-06,-61.4462,-25.9759,-61.3767,-25.985,-61.433215946763944,-25.972888270046553,6.317257572784476
uk17,2002-03-07,-61.3767,-25.985,-61.3179,-26.0994,-61.32518878402545,-26.018704799642535,4.3816453051453355
uk17,2002-03-08,-61.3179,-26.0994,-61.3179,-26.0994,-61.278669721570026,-26.177212323238365,6.024551217179463
uk17,2002-03-09,-61.3179,-26.0994,-61.2914,-26.1669,-61.30994235639831,-26.113668534264264,3.5114680383729198
uk17,2002-03-10,-61.2914,-26.1669,-61.2479,-26.1444,-61.26684567876797,-26.20352397807747,3.7990237232135358
uk17,2002-03-11,-61.2479,-26.1444,-61.2479,-26.1444,-61.217812156749076,-26.133853436692903,3.3928840418112
uk17,2002-03-12,-61.2479,-26.1444,-61.2089,-26.0709,-61.23781267974699,-26.123870765183767,4.2866900589141
uk17,2002-03-13,-61.2089,-26.0709,-61.2089,-26.0709,-61.18539888122089,-26.044177614084134,2.979655420939433
uk17,2002-03-14,-61.2089,-26.0709,-61.1775,-26.056,-61.19583920699014,-26.066321605604003,2.1129169543305157
uk17,2002-03-15,-61.1775,-26.056,-61.1775,-26.056,-61.1535139475639,-26.049285342510416,2.6913253015611738
uk17,2002-03-16,-61.1775,-26.056,-61.2014,-25.9791,-61.16797134115679,-26.02442132966553,4.4403545257725945
uk17,2002-03-17,-61.2014,-25.9791,-61.2284,-25.9678,-61.20389575867802,-25.96031960041796,2.754025277381885
uk17,2002-03-18,-61.2284,-25.9678,-61.2271,-25.939,-61.2431859745188,-25.932960598895164,1.8176371310563835
uk17,2002-03-19,-61.2271,-25.939,-61.2242,-25.9012,-61.219439536340296,-25.911961734134508,0.7823562772816092
uk17,2002-03-20,-61.2242,-25.9012,-61.2212,-25.8824,-61.21269681478496,-25.861893271357445,1.448941057559883
uk17,2002-03-21,-61.2212,-25.8824,-61.2184,-25.9756,-61.20758188322816,-25.85528589708946,6.55373651585695
uk17,2002-03-22,-61.2184,-25.9756,-61.2184,-25.9756,-61.21260184503391,-25.99995723016508,1.4548028028791185
uk17,2002-03-23,-61.2184,-25.9756,-61.2184,-25.9756,-61.20904708922829,-25.94892482785022,1.7668370405361948
uk17,2002-03-24,-61.2184,-25.9756,-61.2184,-25.9756,-61.19752782815566,-25.900930426289136,4.623626690605758
uk17,2002-03-25,-61.2184,-25.9756,-61.3035,-25.5273,-61.20075282085496,-25.914105478886427,23.631567233655947
uk17,2002-03-26,-61.3035,-25.5273,-61.3437,-25.4702,-61.3094605037037,-25.464182389814823,3.820771408391427
uk17,2002-03-27,-61.3437,-25.4702,-61.3771,-25.3467,-61.37001236208971,-25.36203329400061,1.135061761743181
uk17,2002-03-28,-61.3771,-25.3467,-61.3961,-25.2148,-61.38036911097269,-25.26383079645575,3.142603314684932
uk17,2002-03-29,-61.3961,-25.2148,-61.35,-25.1094,-61.391601036991695,-25.09623201825218,4.678721915054241
uk17,2002-03-30,-61.35,-25.1094,-61.2823,-24.9825,-61.311509386058056,-25.02336360501772,3.912975050351557
uk17,2002-03-31,-61.2823,-24.9825,-61.2365,-24.7105,-61.23263238224832,-24.901670818920365,10.238538832132743
uk17,2002-04-01,-61.2365,-24.7105,-61.1141,-24.3476,-61.22599778042328,-24.51578375873015,15.366770858889886
uk17,2002-04-02,-61.1141,-24.3476,-60.9795,-23.7785,-61.000536313110366,-24.07353928561963,16.08110389045738
uk17,2002-04-03,-60.9795,-23.7785,-60.8504,-23.0602,-60.930757343278025,-23.461113379341043,23.455579013900504
uk17,2002-04-04,-60.8504,-23.0602,-60.7928,-22.3282,-60.79265186997355,-22.57641905753968,13.468328774821224
uk17,2002-04-05,-60.7928,-22.3282,-60.8674,-21.6193,-60.77415004352548,-21.860327354441665,16.680867860638692
uk17,2002-04-06,-60.8674,-21.6193,-60.8023,-21.0669,-60.93811271402117,-21.192801428968266,16.568130991435343
uk17,2002-04-07,-60.8023,-21.0669,-60.6592,-20.5537,-60.71165621618024,-20.59577045062298,6.266430078465641
uk17,2002-04-08,-60.6592,-20.5537,-60.5161,-20.1755,-60.595550264285706,-20.295996393650768,11.019463305584612
uk17,2002-04-09,-60.5161,-20.1755,-60.451,-20.0281,-60.431335531419855,-19.967447515422094,3.9812621285118417
uk17,2002-04-10,-60.451,-20.0281,-60.451,-20.0281,-60.39321110026393,-19.956943991819458,7.519593381005414
uk17,2002-04-11,-60.451,-20.0281,-59.9237,-19.5733,-60.42572880313778,-19.904404519699057,58.749411494182226
uk17,2002-04-12,-59.9237,-19.5733,-59.8355,-19.9548,-59.771128530291,-19.703047712169308,15.794864991764532
uk17,2002-04-13,-59.8355,-19.9548,-59.6772,-20.3829,-59.76567952433864,-20.127787969973525,17.359910522083165
uk17,2002-04-14,-59.6772,-20.3829,-59.3918,-20.4714,-59.5602025531746,-20.620368109920634,20.528623069924983
uk17,2002-04-15,-59.3918,-20.4714,-59.2481,-20.086,-59.19535457314816,-20.475112525925937,22.90424847656803
uk17,2002-04-16,-59.2481,-20.086,-59.2504,-19.7792,-59.177670899194325,-20.043653968458386,17.085980160698856
uk17,2002-04-17,-59.2504,-19.7792,-59.3051,-19.5092,-59.24775546172398,-19.591037485827144,7.891324634967208
uk17,2002-04-18,-59.3051,-19.5092,-59.3051,-19.5092,-59.33370193539356,-19.3007715741453,12.245882240847784
uk17,2002-04-19,-59.3051,-19.5092,-59.4681,-19.4994,-59.301432694924266,-19.425423515149646,19.000123088108424
uk17,2002-04-20,-59.4681,-19.4994,-59.5572,-19.3959,-59.54439776096844,-19.394669891831512,1.425230689754786
uk17,2002-04-21,-59.5572,-19.3959,-59.6032,-19.4796,-59.58246395829068,-19.2794578680589,11.497641273686916
uk17,2002-04-22,-59.6032,-19.4796,-59.6004,-20.1256,-59.64317020795119,-19.471625472661856,37.080334670176434
uk17,2002-04-23,-59.6004,-20.1256,-59.436,-20.5944,-59.592971718915344,-20.459749682142842,19.035605390595023
uk17,2002-04-24,-59.436,-20.5944,-59.4238,-21.154,-59.3795407765873,-20.79549460793649,20.8796694307976
uk17,2002-04-25,-59.4238,-21.154,-59.3473,-21.2475,-59.375871279528475,-21.466359593751918,12.802555503756865
uk17,2002-04-26,-59.3473,-21.2475,-59.4014,-21.3648,-59.280318914156915,-21.32853150863852,13.619753663013723
uk17,2002-04-27,-59.4014,-21.3648,-59.3834,-21.5228,-59.40873335071074,-21.402685978482452,7.3599894885430786
uk17,2002-04-28,-59.3834,-21.5228,-59.3834,-21.5228,-59.36408075267775,-21.6262821044985,6.243143818525293
uk17,2002-04-29,-59.3834,-21.5228,-59.3834,-21.5228,-59.38483580650125,-21.56399569586827,2.3383421944692646
uk17,2002-04-30,-59.3834,-21.5228,-59.5399,-21.9466,-59.37582147659112,-21.45413827292336,33.274743531185976
uk17,2002-05-01,-59.5399,-21.9466,-59.506,-22.1113,-59.53159810992064,-21.987315478571418,7.5503286065454684
uk17,2002-05-02,-59.506,-22.1113,-59.5653,-22.3895,-59.50022958359788,-22.166374630291017,14.512365145799576
uk17,2002-05-03,-59.5653,-22.3895,-59.4986,-22.5533,-59.58122538376582,-22.53713202715403,9.232615247434229
uk17,2002-05-04,-59.4986,-22.5533,-59.4727,-22.8851,-59.48340145640757,-22.60910385022177,15.63150896406038
uk17,2002-05-05,-59.4727,-22.8851,-59.4132,-23.0853,-59.450703077670255,-23.029881506713963,5.216454481714541
uk17,2002-05-06,-59.4132,-23.0853,-59.3694,-23.2266,-59.378716651290226,-23.237981269663493,1.2201913121754056
uk17,2002-05-07,-59.3694,-23.2266,-59.4061,-23.3593,-59.33719758114865,-23.31079653236509,8.139417446432335
uk17,2002-05-08,-59.4061,-23.3593,-59.4266,-23.4431,-59.421991801243,-23.434489378069685,0.7069415483947464
uk17,2002-05-09,-59.4266,-23.4431,-59.5659,-23.6448,-59.442634643830395,-23.51362336702107,15.577504117729418
uk17,2002-05-10,-59.5659,-23.6448,-59.5659,-23.6448,-59.62269888215488,-23.752866832142843,8.767932890649398
uk17,2002-05-11,-59.5659,-23.6448,-59.8851,-23.7701,-59.56586286435281,-23.71881349293446,35.613784320661885
uk17,2002-05-12,-59.8851,-23.7701,-59.8121,-23.6342,-60.07175341111112,-23.785514652380954,30.076929456890703
uk17,2002-05-13,-59.8121,-23.6342,-59.8121,-23.6342,-59.79389263756953,-23.567375394564863,4.250517036090037
uk17,2002-05-14,-59.8121,-23.6342,-59.8121,-23.6342,-59.79098869416392,-23.528667064557737,6.352200091707533
uk17,2002-05-15,-59.8121,-23.6342,-59.8121,-23.6342,-59.77423507549285,-23.52961505620189,7.208416178695611
uk17,2002-05-16,-59.8121,-23.6342,-59.8121,-23.6342,-59.762396370732006,-23.49835267925272,9.398136696779888
uk17,2002-05-17,-59.8121,-23.6342,-59.8121,-23.6342,-59.759842359019075,-23.551074613316672,7.4431849868255995
uk17,2002-05-18,-59.8121,-23.6342,-59.8121,-23.6342,-59.7763506065313,-23.588839564459562,4.716059946961891
uk17,2002-05-19,-59.8121,-23.6342,-59.8121,-23.6342,-59.79961330542968,-23.608988860940656,1.9787908360742124
uk17,2002-05-20,-59.8121,-23.6342,-59.8121,-23.6342,-59.80669361318767,-23.587888094023867,2.6585078016869024
uk17,2002-05-21,-59.8121,-23.6342,-60.0402,-23.6334,-59.81051388753961,-23.582571465465833,25.696496435268212
uk25,2002-01-19,-67.8824,155.8203,-67.8824,155.8203,-67.8938641163414,155.81134952683044,1.328659876285041
uk25,2002-01-20,-67.8824,155.8203,-67.8953,155.9138,-67.8802955855791,155.81873028865107,4.3148655853574205
uk25,2002-01-21,-67.8953,155.9138,-67.9379,155.8259,-67.89699748819558,155.95637097154628,7.101577734972189
uk25,2002-01-22,-67.9379,155.8259,-67.9379,155.8259,-67.94682637654363,155.8132992339854,1.123414303273921
uk25,2002-01-23,-67.9379,155.8259,-67.8781,155.7011,-67.9343670453456,155.7946488200215,7.379210853806985
uk25,2002-01-24,-67.8781,155.7011,-67.867,155.5709,-67.87060072997053,155.7034825166478,5.568336638117759
uk25,2002-01-25,-67.867,155.5709,-67.881,155.4604,-67.86293931039013,155.49904103193126,2.5792490149682754
uk25,2002-01-26,-67.881,155.4604,-67.9297,155.3948,-67.88973052454249,155.39690754181197,4.445276600311142
uk25,2002-01-27,-67.9297,155.3948,-67.9297,155.3948,-67.95659344304566,155.3532301873356,3.4576917962745286
uk25,2002-01-28,-67.9297,155.3948,-67.914,155.195,-67.92919837047236,155.39327852497502,8.457686491281166
uk25,2002-01-29,-67.914,155.195,-67.914,155.195,-67.89876770618014,155.09423646132143,4.541844067504711
uk25,2002-01-30,-67.914,155.195,-67.9348,155.0468,-67.90531162191601,155.17459729739676,6.267792349691279
uk25,2002-01-31,-67.9348,155.0468,-67.9204,154.9044,-67.92695519273136,155.06137369694636,6.600558178366134
uk25,2002-02-01,-67.9204,154.9044,-67.8967,154.6936,-67.91107645170261,154.83989194462555,6.3243558862326745
uk25,2002-02-02,-67.8967,154.6936,-67.8486,154.6094,-67.88427993343547,154.56476547741954,4.3860198275621975
uk25,2002-02-03,-67.8486,154.6094,-67.7738,154.4998,-67.81840578816494,154.56011823473295,5.570038427427605
uk25,2002-02-04,-67.7738,154.4998,-67.7452,154.5228,-67.73091798110035,154.4308517709917,4.186263341985685
uk25,2002-02-05,-67.7452,154.5228,-67.7007,154.5351,-67.71251180826947,154.5002399512514,1.9716234481722696
uk25,2002-02-06,-67.7007,154.5351,-67.6856,154.6488,-67.67447510746068,154.54707547454984,4.47033340468591
uk25,2002-02-07,-67.6856,154.6488,-67.6405,154.7331,-67.66820425187137,154.69616955748336,3.4536127395083396
uk25,2002-02-08,-67.6405,154.7331,-67.6405,154.7331,-67.61722023317445,154.7554103559646,2.7554179533132412
uk25,2002-02-09,-67.6405,154.7331,-67.6405,154.7331,-67.63844602137458,154.71346696591513,0.8613530685120677
uk25,2002-02-10,-67.6405,154.7331,-67.6622,154.5756,-67.63905307985056,154.72853088828714,6.959672299431277
uk25,2002-02-11,-67.6622,154.5756,-67.6622,154.5756,-67.65947581067844,154.5597309547428,0.7359214234228995
uk25,2002-02-12,-67.6622,154.5756,-67.6303,154.6307,-67.65490034691865,154.53268010116926,4.967009373106939
uk25,2002-02-13,-67.6303,154.6307,-67.5955,154.5437,-67.61617461532016,154.6398880669143,4.67854786519543
uk25,2002-02-14,-67.5955,154.5437,-67.5955,154.5437,-67.58127888644985,154.5344693033304,1.6290165348944914
uk25,2002-02-15,-67.5955,154.5437,-67.5946,154.3864,-67.58706236403152,154.52685905953444,6.012697845176626
uk25,2002-02-16,-67.5946,154.3864,-67.6002,154.2066,-67.59362332819373,154.35669135854926,6.402565842061841
uk25,2002-02-17,-67.6002,154.2066,-67.6002,153.9245,-67.60633786321824,154.09689502917934,7.3357150699088525
uk25,2002-02-18,-67.6002,153.9245,-67.6002,153.9245,-67.59995379161988,153.7608641061845,6.9337883281958055
uk25,2002-02-19,-67.6002,153.9245,-67.5404,153.7704,-67.58418348800832,153.8511273320081,5.953204970495516
uk25,2002-02-20,-67.5404,153.7704,-67.501,153.547,-67.52011410520853,153.72729263074427,7.957565281377331
uk25,2002-02-21,-67.501,153.547,-67.4634,153.2639,-67.48163837978375,153.40675642221197,6.414933084356051
uk25,2002-02-22,-67.4634,153.2639,-67.5248,153.1638,-67.4415754818771,153.1037961036643,9.600406789073567
uk25,2002-02-23,-67.5248,153.1638,-67.5578,153.1201,-67.54916872331982,153.1071229069567,1.1066560998873858
uk25,2002-02-24,-67.5578,153.1201,-67.6001,153.2397,-67.57800866503918,153.0930249402071,6.685587028251038
uk25,2002-02-25,-67.6001,153.2397,-67.6001,153.2397,-67.60410909485098,153.23699905617048,0.4602450243359913
uk25,2002-02-26,-67.6001,153.2397,-67.6209,153.1889,-67.59847462177167,153.24742260099606,3.516001012805488
uk25,2002-02-27,-67.6209,153.1889,-67.6239,153.1047,-67.62156202325441,153.17113803433904,2.824464547494129
uk25,2002-02-28,-67.6239,153.1047,-67.6413,152.935,-67.6301447387015,153.07085464136622,5.880190084356786
uk25,2002-03-01,-67.6413,152.935,-67.6677,152.9008,-67.6523599852411,152.84567518686214,2.887527356765081
uk25,2002-03-02,-67.6677,152.9008,-67.6983,152.771,-67.68666208247645,152.86465403137777,4.159299790076467
uk25,2002-03-03,-67.6983,152.771,-67.7322,152.6885,-67.71123467656469,152.7304131570598,2.925126470205534
uk25,2002-03-04,-67.7322,152.6885,-67.7683,152.6025,-67.75024415142244,152.6721165457417,3.5518459601756867
uk25,2002-03-05,-67.7683,152.6025,-67.833,152.4468,-67.78955542010365,152.57506108344683,7.23515483510567
uk25,2002-03-06,-67.833,152.4468,-67.8882,152.2885,-67.86426893841855,152.37709405956952,4.565681960391636
uk25,2002-03-07,-67.8882,152.2885,-67.9125,152.1579,-67.921826396209,152.214357195025,2.5778951649959883
uk25,2002-03-08,-67.9125,152.1579,-67.9593,152.055,-67.93232142372061,152.0711765764765,3.0749719345500197
uk25,2002-03-09,-67.9593,152.055,-67.9862,151.9798,-67.99070380423609,151.9946670064184,0.7966716411695266
uk25,2002-03-10,-67.9862,151.9798,-68.0281,151.8375,-67.99361487418936,151.99534859609764,7.608878507837834
uk25,2002-03-11,-68.0281,151.8375,-68.0447,151.7535,-68.045822308748,151.78753045654423,1.4202380733880842
uk25,2002-03-12,-68.0447,151.7535,-68.0447,151.7535,-68.05526267439052,151.76181613242875,1.2243221740316141
uk25,2002-03-13,-68.0447,151.7535,-68.0655,151.618,-68.04302453120022,151.7417989454446,5.719567816183019
uk25,2002-03-14,-68.0655,151.618,-68.0735,151.1431,-68.0676414433239,151.59300711682067,18.69475614326149
uk25,2002-03-15,-68.0735,151.1431,-68.0478,151.0089,-68.06083321891533,150.88963148346562,5.163921894629823
uk25,2002-03-16,-68.0478,151.0089,-68.0478,151.0089,-68.02800545528964,150.92019224065888,4.295747791783092
uk25,2002-03-17,-68.0478,151.0089,-68.0174,150.9866,-68.04052572861202,150.98344173578278,2.57481826369839
uk25,2002-03-18,-68.0174,150.9866,-68.0174,150.9866,-67.99627869125378,150.98746500776366,2.348858588770511
uk25,2002-03-19,-68.0174,150.9866,-68.0174,150.9866,-68.01377707971422,150.98081449305755,0.4693475662878429
uk25,2002-03-20,-68.0174,150.9866,-68.0174,150.9866,-68.01653229862676,150.9821775641293,0.20783195615691152
uk25,2002-03-21,-68.0174,150.9866,-68.0174,150.9866,-68.01758427363762,150.9759009357265,0.44579696763115456
uk25,2002-03-22,-68.0174,150.9866,-68.0174,150.9866,-68.01677782860172,150.98326741990087,0.15500890454808522
uk25,2002-03-23,-68.0174,150.9866,-68.0174,150.9866,-68.01629806323297,150.98328825135826,0.18443348283083286
uk25,2002-03-24,-68.0174,150.9866,-68.0421,150.8436,-68.01636611826153,150.9828453450085,6.461047111597838
uk25,2002-03-25,-68.0421,150.8436,-68.0421,150.8436,-68.0347720722722,150.85436330272302,0.929669612945109
uk25,2002-03-26,-68.0421,150.8436,-68.0866,150.4712,-68.03837037580546,150.81665872714063,15.320289580799239
uk25,2002-03-27,-68.0866,150.4712,-68.1242,150.2469,-68.10682292515632,150.2918661686508,2.684564813145163
uk25,2002-03-28,-68.1242,150.2469,-68.1388,150.1563,-68.14118455233424,150.06797442966155,3.666483793926906
uk25,2002-03-29,-68.1388,150.1563,-68.1388,150.1563,-68.15282853239273,150.1098651541074,2.475372221141998
uk25,2002-03-30,-68.1388,150.1563,-68.1388,150.1563,-68.13626913527897,150.1453996336116,0.5318952435301733
uk25,2002-03-31,-68.1388,150.1563,-68.1388,150.1563,-68.1377804547687,150.1530943722007,0.17455568650635936
uk25,2002-04-01,-68.1388,150.1563,-68.1388,150.1563,-68.13845948011335,150.15433854671056,0.08960651957148334
uk25,2002-04-02,-68.1388,150.1563,-68.1388,150.1563,-68.13723861444213,150.1520311985406,0.2477600767858548
uk25,2002-04-03,-68.1388,150.1563,-68.1388,150.1563,-68.13778757115394,150.15271498055773,0.1863001338814306
uk25,2002-04-04,-68.1388,150.1563,-68.193,150.0343,-68.13786955054184,150.15250268155296,7.840699037256191
uk25,2002-04-05,-68.193,150.0343,-68.193,150.0343,-68.21045136314507,150.01022717465474,2.180269552490045
uk25,2002-04-06,-68.193,150.0343,-68.193,150.0343,-68.19483595889389,149.96744810844876,2.768865419832018
uk25,2002-04-07,-68.193,150.0343,-68.193,150.0343,-68.1870807910939,150.01530395927477,1.0242406627573681
uk25,2002-04-08,-68.193,150.0343,-68.193,150.0343,-68.19151381372426,150.0246712520527,0.4307104890795742
uk25,2002-04-09,-68.193,150.0343,-68.193,150.0343,-68.19187335771225,150.02752115372965,0.3067657904502301
uk25,2002-04-10,-68.193,150.0343,-68.193,150.0343,-68.19202666457204,150.029130140848,0.23941486845881108
uk25,2002-04-11,-68.193,150.0343,-68.193,150.0343,-68.19196057403775,150.0276256172582,0.298949993708254
uk25,2002-04-12,-68.193,150.0343,-68.193,150.0343,-68.19197070150311,150.02717136456613,0.31592849815697355
uk25,2002-04-13,-68.193,150.0343,-68.193,150.0343,-68.19198246679771,150.02936207686594,0.2332536756115779
uk25,2002-04-14,-68.193,150.0343,-68.193,150.0343,-68.191828506043,150.0300722403236,0.2178711210357617
uk25,2002-04-15,-68.193,150.0343,-68.193,150.0343,-68.19187058625431,150.02994337081873,0.2194499662864897
uk25,2002-04-16,-68.193,150.0343,-68.193,150.0343,-68.19184215784254,150.03008989773872,0.21638021532756743
uk25,2002-04-17,-68.193,150.0343,-68.193,150.0343,-68.1918628176237,150.02970480082126,0.2280792312235283
uk25,2002-04-18,-68.193,150.0343,-68.193,150.0343,-68.19186712010556,150.0299480211611,0.2195134241120799
uk25,2002-04-19,-68.193,150.0343,-68.193,150.0343,-68.1921187915895,150.0287916457462,0.24773845408579698
uk25,2002-04-20,-68.193,150.0343,-68.193,150.0343,-68.19187009536869,150.02992073773032,0.22024844798891619
uk25,2002-04-21,-68.193,150.0343,-68.193,150.0343,-68.19186020748464,150.02995958834504,0.21956509641153654
uk25,2002-04-22,-68.193,150.0343,-68.193,150.0343,-68.19189039942316,150.0298098663585,0.22276687121606747
uk25,2002-04-23,-68.193,150.0343,-68.193,150.0343,-68.19186020748464,150.02995958834504,0.21956509641153654
uk25,2002-04-24,-68.193,150.0343,-68.193,150.0343,-68.19186614730806,150.02999511887856,0.21798555755657587
uk25,2002-04-25,-68.193,150.0343,-68.193,150.0343,-68.19187921645867,150.0299250798551,0.21952376026857037
uk25,2002-04-26,-68.193,150.0343,-68.193,150.0343,-68.19187009536869,150.02992073773032,0.22024844798891619
uk25,2002-04-27,-68.193,150.0343,-68.193,150.0343,-68.19182441235029,150.02835300130357,0.27827216637924296
uk25,2002-04-28,-68.193,150.0343,-68.193,150.0343,-68.1915471062018,150.0262889141818,0.36825250220466965
uk25,2002-04-29,-68.193,150.0343,-68.193,150.0343,-68.1813110797417,150.00332025297632,1.8242121797984827
uk25,2002-04-30,-68.193,150.0343,-68.193,150.0343,-68.19190555304937,150.02976542823933,0.22337503708012782
uk25,2002-05-01,-68.193,150.0343,-68.193,150.0343,-68.19186020748464,150.02995958834504,0.21956509641153654
uk25,2002-05-02,-68.193,150.0343,-68.193,150.0343,-68.1918826534015,150.02992096000628,0.21944727195741756
uk25,2002-05-03,-68.193,150.0343,-68.193,150.0343,-68.19187009536869,150.02992073773032,0.22024844798891619
uk25,2002-05-04,-68.193,150.0343,-68.193,150.0343,-68.19183965496194,150.03005024735637,0.21786351087018338
uk25,2002-05-05,-68.193,150.0343,-68.1568,150.029,-68.19187009536869,150.02992073773032,3.8998024452718205
uk25,2002-05-06,-68.1568,150.029,-68.1568,150.029,-68.14028348436491,150.0251023683157,1.8436233935735071
uk25,2002-05-07,-68.1568,150.029,-68.1568,150.029,-68.15374990004419,150.02498848712042,0.3775902896212379
uk25,2002-05-08,-68.1568,150.029,-68.1344,150.0717,-68.15567055704838,150.02464390131217,3.0639857220645763
uk25,2002-05-09,-68.1344,150.0717,-68.1344,150.0717,-68.11852702322224,150.09159207220273,1.9478924224195573
uk25,2002-05-10,-68.1344,150.0717,-68.1387,150.1579,-68.13134316622181,150.06929648640175,3.7592696566834665
uk25,2002-05-11,-68.1387,150.1579,-68.1387,150.1579,-68.13810746998799,150.15307981612426,0.21017476353130152
uk25,2002-05-12,-68.1387,150.1579,-68.1336,150.0798,-68.136602809193,150.1592194244776,3.3057541450861043
uk25,2002-05-13,-68.1336,150.0798,-68.1336,150.0798,-68.13440811781457,150.07544052641538,0.20166564205060142
uk25,2002-05-14,-68.1336,150.0798,-68.1336,150.0798,-68.13123606846621,150.06976063292723,0.4919098678988969
uk25,2002-05-15,-68.1336,150.0798,-68.1336,150.0798,-68.1325909008383,150.07650529861507,0.17665994765893941
uk25,2002-05-16,-68.1336,150.0798,-68.1336,150.0798,-68.13261215621036,150.0764817202222,0.17592994061014683
uk25,2002-05-17,-68.1336,150.0798,-68.1336,150.0798,-68.132588635707,150.07657860727852,0.17448784246478014
uk25,2002-05-18,-68.1336,150.0798,-68.1336,150.0798,-68.13262870211055,150.07631145690777,0.18038387349480461
uk25,2002-05-19,-68.1336,150.0798,-68.1336,150.0798,-68.1325664664614,150.07658931330934,0.17575105994014772
uk25,2002-05-20,-68.1336,150.0798,-68.1336,150.0798,-68.13255576245383,150.07662207044245,0.1755120799819715
uk25,2002-05-21,-68.1336,150.0798,-68.1336,150.0798,-68.1326932029444,150.07598298949665,0.18750007967029161
uk25,2002-05-22,-68.1336,150.0798,-68.1336,150.0798,-68.13244453411869,150.07448992502987,0.2546972887241835
uk25,2002-05-23,-68.1336,150.0798,-68.1336,150.0798,-68.13271086100508,150.0758895240628,0.1897444138829541
uk25,2002-05-24,-68.1336,150.0798,-68.1336,150.0798,-68.13258001064393,150.0765390538685,0.17635876431099845
uk25,2002-05-25,-68.1336,150.0798,-68.1336,150.0798,-68.13252935370296,150.07403845712383,0.2666631769645517
uk25,2002-05-26,-68.1336,150.0798,-68.1336,150.0798,-68.13274705161906,150.07381942405323,0.26522116500665094
uk25,2002-05-27,-68.1336,150.0798,-68.1336,150.0798,-68.13262779523082,150.07389459187277,0.26739745682222565
uk25,2002-05-28,-68.1336,150.0798,-68.151,150.0803,-68.13259784266515,150.0764932009376,2.052286564206229
uk25,2002-05-29,-68.151,150.0803,-68.1684,150.0807,-68.16384878263291,150.07598783163905,0.5422956824316792
uk25,2002-05-30,-68.1684,150.0807,-68.1684,150.0807,-68.18240085047361,150.07496205911053,1.574789661291589
uk25,2002-05-31,-68.1684,150.0807,-68.1684,150.0807,-68.16747416557841,150.0753690826308,0.24329792396874728
uk25,2002-06-01,-68.1684,150.0807,-68.1684,150.0807,-68.16741469488724,150.07737728421625,0.1757346132607735
uk25,2002-06-02,-68.1684,150.0807,-68.1684,150.0807,-68.1674127255539,150.0773668235563,0.1762093792826071
uk25,2002-06-03,-68.1684,150.0807,-68.1684,150.0807,-68.16741510989809,150.0773149791171,0.17772786615951736
uk25,2002-06-04,-68.1684,150.0807,-68.1684,150.0807,-68.16749240297769,150.07681442593395,0.18974116064825441
uk25,2002-06-05,-68.1684,150.0807,-68.1684,150.0807,-68.16771218894431,150.07674180750564,0.18066526435057503
uk25,2002-06-06,-68.1684,150.0807,-68.1684,150.0807,-68.16742315134799,150.0770955210425,0.18443181996366975
uk25,2002-06-07,-68.1684,150.0807,-68.142,150.0668,-68.1677204340694,150.07673273756257,2.8893587631957605
uk25,2002-06-08,-68.142,150.0668,-68.1224,150.0821,-68.12147134669148,150.05212118439346,1.246452313850685
uk25,2002-06-09,-68.1224,150.0821,-68.1224,150.0821,-68.10471708478903,150.07822529454108,1.972798835359322
uk25,2002-06-10,-68.1224,150.0821,-68.0889,150.0726,-68.11944579706054,150.07459677021853,3.397546746281164
uk25,2002-06-11,-68.0889,150.0726,-68.0889,150.0726,-68.07467002401663,150.0664860355655,1.6025223000578086
uk25,2002-06-12,-68.0889,150.0726,-68.0889,150.0726,-68.08585760897572,150.0666139196744,0.41970322200901783
uk25,2002-06-13,-68.0889,150.0726,-68.0889,150.0726,-68.08785576245383,150.06942207044244,0.17570398893438255
uk25,2002-06-14,-68.0889,150.0726,-68.0889,150.0726,-68.08800972320854,150.06871190698484,0.18928675729235148
uk25,2002-06-15,-68.0889,150.0726,-68.0889,150.0726,-68.08797588271351,150.06878550844579,0.1887128247458929
uk25,2002-06-16,-68.0889,150.0726,-68.1296,150.0873,-68.08790647286952,150.06927490997396,4.695950677825711
uk25,2002-06-17,-68.1296,150.0873,-68.1296,150.0873,-68.1423213615705,150.09017880203828,1.4195651371472005
uk25,2002-06-18,-68.1296,150.0873,-68.1296,150.0873,-68.12770684316311,150.08596454771225,0.2176564153672029
uk25,2002-06-19,-68.1296,150.0873,-68.1247,150.0786,-68.12710501491969,150.06848582648104,0.49707466389948063
uk25,2002-06-20,-68.1247,150.0786,-68.1247,150.0786,-68.11856240334653,150.06748069643834,0.8234314922932774
uk25,2002-06-21,-68.1247,150.0786,-68.1247,150.0786,-68.12373075152139,150.07491626613455,0.18683782407913566
uk25,2002-06-22,-68.1247,150.0786,-68.1247,150.0786,-68.12369670486864,150.0753155838596,0.17596187017325182
uk25,2002-06-23,-68.1247,150.0786,-68.1247,150.0786,-68.12375877627865,150.07502281695997,0.18143419594553759
uk25,2002-06-24,-68.1247,150.0786,-68.1247,150.0786,-68.12388275274503,150.07437335997463,0.1972874526577774
uk25,2002-06-25,-68.1247,150.0786,-68.1247,150.0786,-68.12421618669822,150.07437554714159,0.18310190962502595
uk25,2002-06-26,-68.1247,150.0786,-68.1247,150.0786,-68.12392843385422,150.0744472980499,0.19225356999443588
uk25,2002-06-27,-68.1247,150.0786,-68.1247,150.0786,-68.12240576340473,150.05895226030373,0.8530810236725057
uk25,2002-06-28,-68.1247,150.0786,-68.1247,150.0786,-68.12494447753473,150.06942670681298,0.38101733016549194
uk25,2002-06-29,-68.1247,150.0786,-68.1247,150.0786,-68.12398242155183,150.07435305481727,0.19319968784509942
uk25,2002-06-30,-68.1247,150.0786,-68.1247,150.0786,-68.12367477142789,150.07538756195243,0.17524275383824534
uk25,2002-07-01,-68.1247,150.0786,-68.1247,150.0786,-68.12347220094503,150.07140053152034,0.32804059809860764
uk25,2002-07-02,-68.1247,150.0786,-68.1247,150.0786,-68.12374497907703,150.07522256515506,0.17566258792090605
uk25,2002-07-03,-68.1247,150.0786,-68.1247,150.0786,-68.1237173624566,150.07524578394862,0.17677870528860873
uk25,2002-07-04,-68.1247,150.0786,-68.1247,150.0786,-68.12376644063384,150.07455292024417,0.19720616354395798
uk25,2002-07-05,-68.1247,150.0786,-68.1247,150.0786,-68.12349009033478,150.0754643532493,0.18702201585552333
uk25,2002-07-06,-68.1247,150.0786,-68.1247,150.0786,-68.12367887284742,150.07536143679044,0.1757712598611261
uk25,2002-07-07,-68.1247,150.0786,-68.1247,150.0786,-68.1237151043513,150.0751315199966,0.18067599434018883
uk25,2002-07-08,-68.1247,150.0786,-68.1247,150.0786,-68.12368001064394,150.07533905386845,0.1763987948095398
uk25,2002-07-09,-68.1247,150.0786,-68.1247,150.0786,-68.12381670138059,150.07329945423828,0.24056860367568042
uk25,2002-07-10,-68.1247,150.0786,-68.1247,150.0786,-68.12380972320855,150.07471190698482,0.18907316088876408
uk25,2002-07-11,-68.1247,150.0786,-68.1247,150.0786,-68.12401569998572,150.07316237569358,0.2377864773603481
uk25,2002-07-12,-68.1247,150.0786,-68.1247,150.0786,-68.12448531883956,150.07169556266,0.2870455957684868
uk25,2002-07-13,-68.1247,150.0786,-68.1247,150.0786,-68.12450603509546,150.07066882488812,0.32929600547452176
uk25,2002-07-14,-68.1247,150.0786,-68.1247,150.0786,-68.12432508140057,150.0742012536665,0.1869485146146188
uk25,2002-07-15,-68.1247,150.0786,-68.1247,150.0786,-68.12393150072974,150.0743071715396,0.19731802105353732
uk25,2002-07-16,-68.1247,150.0786,-68.1247,150.0786,-68.12365059757718,150.0754333706608,0.17558058069659316
uk25,2002-07-17,-68.1247,150.0786,-68.1247,150.0786,-68.12371469488724,150.07527728421627,0.1759391831718257
uk25,2002-07-18,-68.1247,150.0786,-68.1247,150.0786,-68.12469807700516,150.07340328052732,0.21529952089231563
uk25,2002-07-19,-68.1247,150.0786,-68.1247,150.0786,-68.12495402798521,150.0667041050673,0.49365143922300403
uk25,2002-07-20,-68.1247,150.0786,-68.1247,150.0786,-68.1237932029444,150.07478298949667,0.18755166600507286
uk25,2002-07-21,-68.1247,150.0786,-68.1247,150.0786,-68.12371310385105,150.0752241639036,0.17777564022950632
uk25,2002-07-22,-68.1247,150.0786,-68.1247,150.0786,-68.12380972320855,150.07471190698482,0.18907316088876408
uk25,2002-07-23,-68.1247,150.0786,-68.1247,150.0786,-68.12391534361609,150.07429443095708,0.19857678456658298
uk25,2002-07-24,-68.1247,150.0786,-68.1247,150.0786,-68.12365826533444,150.0754617208247,0.1741363341976141
uk25,2002-07-25,-68.1247,150.0786,-68.1247,150.0786,-68.12373280946021,150.0751152583582,0.180029307720381
uk25,2002-07-26,-68.1247,150.0786,-68.1247,150.0786,-68.12392710626432,150.07437109271183,0.1951490510755646
uk25,2002-07-27,-68.1247,150.0786,-68.1247,150.0786,-68.12454340343605,150.07436300596993,0.17640022749867984
uk25,2002-07-28,-68.1247,150.0786,-68.1247,150.0786,-68.12399793937799,150.074422806048,0.18985552146495446
uk25,2002-07-29,-68.1247,150.0786,-68.1247,150.0786,-68.12369735177954,150.07527056784915,0.1773628739304881
uk25,2002-07-30,-68.1247,150.0786,-68.1085,150.2043,-68.1236664664614,150.0753893133093,5.602593964163952
uk25,2002-07-31,-68.1085,150.2043,-68.1085,150.2043,-68.10085463987018,150.1996194989478,0.8719979993039789
uk25,2002-08-01,-68.1085,150.2043,-68.1085,150.2043,-68.10641029218525,150.20838225184315,0.2874723373105028
uk25,2002-08-02,-68.1085,150.2043,-68.1085,150.2043,-68.10748251352456,150.2010787042508,0.17503539880552005
uk25,2002-08-03,-68.1085,150.2043,-68.0965,150.3219,-68.10744745748735,150.20112382179929,5.15448647133816
uk25,2002-08-04,-68.0965,150.3219,-68.0965,150.3219,-68.09183393188198,150.31769273483968,0.5474135536119822
uk25,2002-08-05,-68.0965,150.3219,-68.0965,150.3219,-68.09076081853601,150.32208244421622,0.6382127446233613
uk25,2002-08-06,-68.0965,150.3219,-68.0965,150.3219,-68.09579793937799,150.31772280604798,0.19004890753632545
uk25,2002-08-07,-68.0965,150.3219,-68.0932,150.4951,-68.09551561924158,150.31825542342233,7.340824981889134
uk25,2002-08-08,-68.0932,150.4951,-68.0932,150.4951,-68.09690341711557,150.50662673945874,0.6310496290629365
uk25,2002-08-09,-68.0932,150.4951,-68.0609,150.1128,-68.09051083048651,150.5176567549479,17.12829107272325
uk25,2002-08-10,-68.0609,150.1128,-68.0609,150.1128,-68.05257237857144,150.095711663492,1.1668930558346164
uk25,2002-08-11,-68.0609,150.1128,-68.0609,150.1128,-68.01703125610643,150.0454665127093,5.624478641664494
uk25,2002-08-12,-68.0609,150.1128,-68.0609,150.1128,-68.05989160368766,150.10957237923355,0.17479676679231304
uk25,2002-08-13,-68.0609,150.1128,-68.0609,150.1128,-68.05985246424113,150.10964429683168,0.17537528697764537
uk25,2002-08-14,-68.0609,150.1128,-68.0609,150.1128,-68.05989675026242,150.1095253252024,0.17593747471122198
uk25,2002-08-15,-68.0609,150.1128,-68.0609,150.1128,-68.06021558550964,150.10724929335623,0.24283926885409063
uk25,2002-08-16,-68.0609,150.1128,-68.0609,150.1128,-68.05989675026242,150.1095253252024,0.17593747471122198
uk25,2002-08-17,-68.0609,150.1128,-68.0609,150.1128,-68.06012957165075,150.1086249151279,0.19345761949909715
uk25,2002-08-18,-68.0609,150.1128,-68.0609,150.1128,-68.0598888619626,150.10958671544813,0.17453651062837372
uk25,2002-08-19,-68.0609,150.1128,-68.0579,149.9666,-68.05999240297768,150.1089144259339,5.917491581114503
uk25,2002-08-20,-68.0579,149.9666,-68.0579,149.9666,-68.05747307219582,149.90584475734715,2.52485877346526
uk25,2002-08-21,-68.0579,149.9666,-68.0579,149.9666,-68.05295038940862,149.93465125276202,1.4371767113698977
uk25,2002-08-22,-68.0579,149.9666,-68.0579,149.9666,-68.05686514656684,149.96166459581514,0.23514989299451086
uk25,2002-08-23,-68.0579,149.9666,-68.0579,149.9666,-68.05700875436774,149.96133290731285,0.24024509831182966
uk25,2002-08-24,-68.0579,149.9666,-68.1009,149.9395,-68.05675749902994,149.96233728230868,4.999137106112993
uk25,2002-08-25,-68.1009,149.9395,-68.1009,149.9395,-68.11471310613086,149.9247248690519,1.6535990797028846
uk25,2002-08-26,-68.1009,149.9395,-68.1009,149.9395,-68.09959815422546,149.9329365728957,0.3083080474501479
uk25,2002-08-27,-68.1009,149.9395,-68.1009,149.9395,-68.10017949506047,149.9286352669434,0.4576641386322104
uk25,2002-08-28,-68.1009,149.9395,-68.1009,149.9395,-68.09992518693021,149.93338827275477,0.2756793061020341
uk25,2002-08-29,-68.1009,149.9395,-68.1009,149.9395,-68.09974751501703,149.93523773183364,0.21833688877261936
uk25,2002-08-30,-68.1009,149.9395,-68.1009,149.9395,-68.09976895757217,149.93514312065236,0.22015498290843735
uk25,2002-08-31,-68.1009,149.9395,-68.1009,149.9395,-68.09979034316456,149.9349247571178,0.22634181005372844
uk25,2002-09-01,-68.1009,149.9395,-68.1009,149.9395,-68.09996710889294,149.93119725490772,0.3596298050715415
uk25,2002-09-02,-68.1009,149.9395,-68.1009,149.9395,-68.09955818985777,149.930642058765,0.3965158385525605
uk25,2002-09-03,-68.1009,149.9395,-68.1009,149.9395,-68.1007201429768,149.93355302342195,0.24744781778554065
uk25,2002-09-04,-68.1009,149.9395,-68.1009,149.9395,-68.10008687393369,149.93325554480487,0.2743085307611285
uk25,2002-09-05,-68.1009,149.9395,-68.1009,149.9395,-68.10087163654603,149.93473456029562,0.1976610718974351
uk25,2002-09-06,-68.1009,149.9395,-68.1009,149.9395,-68.10007334124367,149.93332577744468,0.272064994954919
uk25,2002-09-07,-68.1009,149.9395,-68.1009,149.9395,-68.1004020102986,149.9341221913262,0.22980600192478967
uk25,2002-09-08,-68.1009,149.9395,-68.1009,149.9395,-68.10005748726277,149.93336172243403,0.27126620937896595
uk25,2002-09-09,-68.1009,149.9395,-68.1009,149.9395,-68.09992666457204,149.93433014084803,0.24018020016085526
uk25,2002-09-10,-68.1009,149.9395,-68.1009,149.9395,-68.09977009536868,149.93512073773036,0.22084553690118772
uk25,2002-09-11,-68.1009,149.9395,-68.1009,149.9395,-68.09991198434633,149.9342751537573,0.24295206854965518
uk25,2002-09-12,-68.1009,149.9395,-68.1009,149.9395,-68.0999013688724,149.93490769863513,0.22046602078360852
uk25,2002-09-13,-68.1009,149.9395,-68.1009,149.9395,-68.09987861866439,149.93403356943531,0.25356931362710833
uk25,2002-09-14,-68.1009,149.9395,-68.1009,149.9395,-68.10107322079007,149.93514605384075,0.18159373905758047
uk25,2002-09-15,-68.1009,149.9395,-68.1009,149.9395,-68.10086037486195,149.89380994886426,1.8948977961412565
uk25,2002-09-16,-68.1009,149.9395,-68.1009,149.9395,-68.09976533785581,149.93243572236827,0.31899378726817634
uk25,2002-09-17,-68.1009,149.9395,-68.1009,149.9395,-68.09975866393597,149.93521573886642,0.21835313715731275
uk25,2002-09-18,-68.1009,149.9395,-68.1009,149.9395,-68.10001799665683,149.934220361269,0.23992568360384162
uk25,2002-09-19,-68.1009,149.9395,-68.1009,149.9395,-68.10044551852303,149.9327921994419,0.2827464134199056
uk25,2002-09-20,-68.1009,149.9395,-68.1009,149.9395,-68.09955969502698,149.93086533759663,0.3878874745624962
uk25,2002-09-21,-68.1009,149.9395,-68.1009,149.9395,-68.10001879158949,149.93399164574623,0.2485780132370448
uk25,2002-09-22,-68.1009,149.9395,-68.1009,149.9395,-68.09978214747666,149.9351122468513,0.22037654950920904
uk25,2002-09-23,-68.1009,149.9395,-68.1009,149.9395,-68.09986514656683,149.93456459581512,0.23481675538525779
uk25,2002-09-24,-68.1009,149.9395,-68.1009,149.9395,-68.09977009536868,149.93512073773036,0.22084553690118772
uk25,2002-09-25,-68.1009,149.9395,-68.1009,149.9395,-68.09990819152392,149.93411840820846,0.24895417829236355
uk25,2002-09-26,-68.1009,149.9395,-68.1009,149.9395,-68.09988972827047,149.93386385759032,0.2593439925482627
uk25,2002-09-27,-68.1009,149.9395,-68.1009,149.9395,-68.09975866393597,149.93521573886642,0.21835313715731275
uk25,2002-09-28,-68.1009,149.9395,-68.1009,149.9395,-68.09977988321941,149.93507995919555,0.22162499841467748
uk25,2002-09-29,-68.1009,149.9395,-68.1009,149.9395,-68.09988072321579,149.93402015570314,0.25396229851017804
uk25,2002-09-30,-68.1009,149.9395,-68.1009,149.9395,-68.09980305016875,149.93492577785707,0.2255390068800815
uk25,2002-10-01,-68.1009,149.9395,-68.1009,149.9395,-68.09988230065673,149.9340885474047,0.2513481360141386
uk25,2002-10-02,-68.1009,149.9395,-68.1009,149.9395,-68.09990964790543,149.93438568489023,0.23899200795003428
uk25,2002-10-03,-68.1009,149.9395,-68.1009,149.9395,-68.09977988321941,149.93507995919555,0.22162499841467748
uk25,2002-10-04,-68.1009,149.9395,-68.1009,149.9395,-68.1000023152399,149.93427508500906,0.23858050914684928
uk25,2002-10-05,-68.1009,149.9395,-68.1009,149.9395,-68.0997826534015,149.93512096000626,0.22004647396073448
uk25,2002-10-06,-68.1009,149.9395,-68.1009,149.9395,-68.09976895757217,149.93514312065236,0.22015498290843735
uk25,2002-10-07,-68.1009,149.9395,-68.1009,149.9395,-68.09983099087117,149.9340431587924,0.2556331948532852
uk25,2002-10-08,-68.1009,149.9395,-68.1009,149.9395,-68.10071610015515,149.9345488316186,0.20635496411718424
uk25,2002-10-09,-68.1009,149.9395,-68.1009,149.9395,-68.09953456625833,149.90513373387734,1.4333689808549304
uk25,2002-10-10,-68.1009,149.9395,-68.1009,149.9395,-68.10004099166285,149.934147971867,0.24164658443767864
uk25,2002-10-11,-68.1009,149.9395,-68.1009,149.9395,-68.09974751501703,149.93523773183364,0.21833688877261936
uk25,2002-10-12,-68.1009,149.9395,-68.1009,149.9395,-68.09982948049321,149.93453387261275,0.23788793681705112
uk25,2002-10-13,-68.1009,149.9395,-68.1009,149.9395,-68.10006931248039,149.93301447948733,0.28439508069208486
uk25,2002-10-14,-68.1009,149.9395,-68.1009,149.9395,-68.09973921005054,149.93523948319046,0.21882155464284808
uk25,2002-10-15,-68.1009,149.9395,-68.1009,149.9395,-68.09986335489062,149.93422381450296,0.24732668052540638
uk25,2002-10-16,-68.1009,149.9395,-68.1009,149.9395,-68.10021768818532,149.93252640489152,0.2990040524671625
uk25,2002-10-17,-68.1009,149.9395,-68.1009,149.9395,-68.10001056036499,149.934266015066,0.23854060596595056
uk25,2002-10-18,-68.1009,149.9395,-68.1009,149.9395,-68.10007396943769,149.9338834689146,0.2503920221095276
uk25,2002-10-19,-68.1009,149.9395,-68.1009,149.9395,-68.10000033992635,149.93412701764055,0.2442614884802904
uk25,2002-10-20,-68.1009,149.9395,-68.1009,149.9395,-68.09978497825745,149.93509436034907,0.2208126023430029
uk25,2002-10-21,-68.1009,149.9395,-68.1009,149.9395,-68.0999031335715,149.92327802418617,0.6818544310999536
uk25,2002-10-22,-68.1009,149.9395,-68.1009,149.9395,-68.09989868548931,149.93409401579936,0.250329931807893
uk25,2002-10-23,-68.1009,149.9395,-68.1009,149.9395,-68.09985434085553,149.93409377068997,0.252570914773926
uk25,2002-10-24,-68.1009,149.9395,-68.1009,149.9395,-68.10027707229222,149.93402252053113,0.23749448442621587
uk25,2002-10-25,-68.1009,149.9395,-68.1009,149.9395,-68.09999303881793,149.93418526625146,0.2423963056606316
uk25,2002-10-26,-68.1009,149.9395,-68.1009,149.9395,-68.09993966228207,149.93330211458135,0.27834679773104487
uk25,2002-10-27,-68.1009,149.9395,-68.1009,149.9395,-68.09989834164243,149.93394608056462,0.2558562559865583
uk25,2002-10-28,-68.1009,149.9395,-68.1009,149.9395,-68.09980305016875,149.93492577785707,0.2255390068800815
uk25,2002-10-29,-68.1009,149.9395,-68.1009,149.9395,-68.10000050924265,149.93424197725597,0.2399119986129839
uk25,2002-10-30,-68.1009,149.9395,-68.1009,149.9395,-68.09977009536868,149.93512073773036,0.22084553690118772
uk25,2002-10-31,-68.1009,149.9395,-68.1009,149.9395,-68.09978321024768,149.93404667388415,0.2580189639021309
uk25,2002-11-01,-68.1009,149.9395,-68.1009,149.9395,-68.09981407728822,149.93508246332453,0.2194238849496262
uk25,2002-11-02,-68.1009,149.9395,-68.1009,149.9395,-68.09998248834668,149.93336233658204,0.2742347309090313
uk25,2002-11-03,-68.1009,149.9395,-68.1009,149.9395,-68.09983181943892,149.93411266545024,0.2530413923232599
uk25,2002-11-04,-68.1009,149.9395,-68.1009,149.9395,-68.09984257198387,149.93406461145065,0.254247697226445
uk25,2002-11-05,-68.1009,149.9395,-68.1009,149.9395,-68.09975749902993,149.93523728230866,0.2177022497287974
uk25,2002-11-06,-68.1009,149.9395,-68.1009,149.9395,-68.0997826534015,149.93512096000626,0.22004647396073448
uk25,2002-11-07,-68.1009,149.9395,-68.1009,149.9395,-68.09977009536868,149.93512073773036,0.22084553690118772
uk25,2002-11-08,-68.1009,149.9395,-68.1009,149.9395,-68.09988246679771,149.93456207686597,0.23397036472876065
uk25,2002-11-09,-68.1009,149.9395,-68.1009,149.9395,-68.09986594653355,149.93463315937788,0.23229814479028704
uk25,2002-11-10,-68.1009,149.9395,-68.1009,149.9395,-68.09987861866439,149.93403356943531,0.25356931362710833
uk25,2002-11-11,-68.1009,149.9395,-68.1009,149.9395,-68.09986064620875,149.93406415651089,0.25334123162095845
uk25,2002-11-12,-68.1009,149.9395,-68.1009,149.9395,-68.09995482813345,149.93416803918063,0.2448398778842903
uk25,2002-11-13,-68.1009,149.9395,-68.1009,149.9395,-68.09978497825745,149.93509436034907,0.2208126023430029
uk25,2002-11-14,-68.1009,149.9395,-68.1009,149.9395,-68.10037204798645,149.93151432810407,0.3363541110045191
uk25,2002-11-15,-68.1009,149.9395,-68.1009,149.9395,-68.09972520783029,149.93529446671283,0.21791411772844205
uk25,2002-11-16,-68.1009,149.9395,-68.1009,149.9395,-68.09992897970668,149.93374634878717,0.26191561303800726
uk25,2002-11-17,-68.1009,149.9395,-68.1009,149.9395,-68.10000875436774,149.9342329073129,0.23987370221792942
uk25,2002-11-18,-68.1009,149.9395,-68.1009,149.9395,-68.10004813535086,149.93266361483154,0.29893314668445364
uk25,2002-11-19,-68.1009,149.9395,-68.1009,149.9395,-68.09985099479422,149.93400460763007,0.2560286618202142
uk25,2002-11-20,-68.1009,149.9395,-68.1009,149.9395,-68.09974236503817,149.93300260667615,0.2986377093418322
uk25,2002-11-21,-68.1009,149.9395,-68.1009,149.9395,-68.0998233262907,149.93401656682283,0.25700602295588654
uk25,2002-11-22,-68.1009,149.9395,-68.1009,149.9395,-68.09982769335363,149.93412079655894,0.2529596278508765
uk25,2002-11-23,-68.1009,149.9395,-68.1009,149.9395,-68.09970671010167,149.9321100899313,0.33397715716134774
uk25,2002-11-24,-68.1009,149.9395,-68.1009,149.9395,-68.0997826534015,149.93512096000626,0.22004647396073448
uk25,2002-11-25,-68.1009,149.9395,-68.1009,149.9395,-68.09989246864656,149.93469807096352,0.2285024107415012
uk25,2002-11-26,-68.1009,149.9395,-68.1009,149.9395,-68.09975966685401,149.93517765656566,0.21957588042010553
uk25,2002-11-27,-68.1009,149.9395,-68.1009,149.9395,-68.09983200416617,149.93418501014776,0.2503862892683757
uk25,2002-11-28,-68.1009,149.9395,-68.1009,149.9395,-68.09991875985632,149.93396150581032,0.2542979982300441
uk25,2002-11-29,-68.1009,149.9395,-68.1009,149.9395,-68.09988029825669,149.93439041307192,0.2403404114135673
uk25,2002-11-30,-68.1009,149.9395,-68.1009,149.9395,-68.09982125962404,149.93394691920378,0.2596715940853394
uk25,2002-12-01,-68.1009,149.9395,-68.1009,149.9395,-68.09977156895067,149.93518081281502,0.21870702291053143
uk25,2002-12-02,-68.1009,149.9395,-68.1009,149.9395,-68.09984111645217,149.93422941460847,0.24828438053918936
uk25,2002-12-03,-68.1009,149.9395,-68.1009,149.9395,-68.09972736824646,149.93529462324562,0.21776498961928537
uk25,2002-12-04,-68.1009,149.9395,-68.1009,149.9395,-68.0997874384764,149.93512745409743,0.2195239290676539
uk25,2002-12-05,-68.1009,149.9395,-68.1009,149.9395,-68.09986980226412,149.934901189649,0.222486110166206
uk25,2002-12-06,-68.1009,149.9395,-68.1009,149.9395,-68.09999984985348,149.93422126259304,0.2407236364552182
uk25,2002-12-07,-68.1009,149.9395,-68.1009,149.9395,-68.10008621941056,149.93325410564603,0.27438887906935716
uk25,2002-12-08,-68.1009,149.9395,-68.1009,149.9395,-68.09975863129611,149.93214344340674,0.33044778523111473
uk25,2002-12-09,-68.1009,149.9395,-68.1009,149.9395,-68.10011915102395,149.93275864120642,0.2927590816491037
uk25,2002-12-10,-68.1009,149.9395,-68.1009,149.9395,-68.1000407531556,149.93268133031773,0.2984981479379356
uk25,2002-12-11,-68.1009,149.9395,-68.1009,149.9395,-68.09994962496056,149.9332107324302,0.2814326026498181
uk25,2002-12-12,-68.1009,149.9395,-68.1009,149.9395,-68.09973965496194,149.9352502473564,0.2184319906772604
uk25,2002-12-13,-68.1009,149.9395,-68.1009,149.9395,-68.10000050924265,149.93424197725597,0.2399119986129839
uk25,2002-12-14,-68.1009,149.9395,-68.1009,149.9395,-68.09982721734697,149.93401674562602,0.25679817641420766
uk25,2002-12-15,-68.1009,149.9395,-68.1009,149.9395,-68.09986548512083,149.93394938351219,0.25734529968621006
uk25,2002-12-16,-68.1009,149.9395,-68.1009,149.9395,-68.0998233262907,149.93401656682283,0.25700602295588654
uk25,2002-12-17,-68.1009,149.9395,-68.1009,149.9395,-68.09975707862408,149.9352360369329,0.21777147452016402
uk25,2002-12-18,-68.1009,149.9395,-68.1009,149.9395,-68.09981117461172,149.93497622288953,0.22329093003041406
uk25,2002-12-19,-68.1009,149.9395,-68.1009,149.9395,-68.09976137929615,149.9352287771597,0.21773761810399664
uk25,2002-12-20,-68.1009,149.9395,-68.1009,149.9395,-68.09999363754041,149.93422816249665,0.24075179251796244
uk25,2002-12-21,-68.1009,149.9395,-68.1009,149.9395,-68.09977921645867,149.93512507985508,0.22012162907968727
uk25,2002-12-22,-68.1009,149.9395,-68.1009,149.9395,-68.09986514656683,149.93456459581512,0.23481675538525779
uk25,2002-12-23,-68.1009,149.9395,-68.1009,149.9395,-68.09983225958429,149.93468968371712,0.2321573829766282
uk25,2002-12-24,-68.1009,149.9395,-68.1009,149.9395,-68.09991078570197,149.93436330196823,0.23975819672243384
uk25,2002-12-25,-68.1009,149.9395,-68.1009,149.9395,-68.09984099257208,149.93381448498326,0.263567481871363
uk25,2002-12-26,-68.1009,149.9395,-68.1009,149.9395,-68.09999550420436,149.93423908866748,0.240253363545563
uk25,2002-12-27,-68.1009,149.9395,-68.1009,149.9395,-68.09986594653355,149.93463315937788,0.23229814479028704
uk25,2002-12-28,-68.1009,149.9395,-68.1009,149.9395,-68.09990897970471,149.93433019421508,0.24107082595365575
uk25,2002-12-29,-68.1009,149.9395,-68.1009,149.9395,-68.09988360459424,149.93453969394398,0.23472238549431265
uk25,2002-12-30,-68.1009,149.9395,-68.1009,149.9395,-68.09985397714088,149.93290992204788,0.2970345412740423
uk26,2002-01-20,-65.58,-52.72,-65.58,-52.72,-65.57293528986345,-52.70710185655244,0.9842612108808633
uk26,2002-01-21,-65.58,-52.72,-65.58,-52.72,-65.57065242811655,-52.71292132479002,1.0891682131842961
uk26,2002-01-22,-65.58,-52.72,-65.58,-52.72,-65.5744127600361,-52.71100813499925,0.7462460409766319
uk26,2002-01-23,-65.58,-52.72,-65.5023,-52.6056,-65.57092416844453,-52.712173555792745,9.072460425766987
uk26,2002-01-24,-65.5023,-52.6056,-65.5023,-52.6056,-65.47650372719663,-52.59677015830755,2.897191104417762
uk26,2002-01-25,-65.5023,-52.6056,-65.4132,-52.5988,-65.48030489679213,-52.58779466614271,7.479031247521699
uk26,2002-01-26,-65.4132,-52.5988,-65.3442,-52.6148,-65.36064429931481,-52.61011377641336,1.8413905218954765
uk26,2002-01-27,-65.3442,-52.6148,-65.3193,-52.5644,-65.31109723102036,-52.64951670091318,4.056513821248997
uk26,2002-01-28,-65.3193,-52.5644,-65.2001,-52.6193,-65.29410909277814,-52.553773554075434,10.88941688008797
uk26,2002-01-29,-65.2001,-52.6193,-65.1513,-52.5905,-65.14425488659545,-52.6337684310611,2.1685049409865167
uk26,2002-01-30,-65.1513,-52.5905,-65.1026,-52.6503,-65.11687048072737,-52.64389639882546,1.6148570064298886
uk26,2002-01-31,-65.1026,-52.6503,-65.1026,-52.6503,-65.08260594503285,-52.66735553635121,2.362355919324164
uk26,2002-02-01,-65.1026,-52.6503,-65.1026,-52.6503,-65.09227823289862,-52.65154867278048,1.1492162573590654
uk26,2002-02-02,-65.1026,-52.6503,-65.1187,-52.6511,-65.09738257819805,-52.64306294704272,2.4000497989240133
uk26,2002-02-03,-65.1187,-52.6511,-65.1272,-52.5614,-65.12556164725352,-52.64707805200098,4.011352761422792
uk26,2002-02-04,-65.1272,-52.5614,-65.1272,-52.5614,-65.12789617589209,-52.511536877933736,2.3333102113210904
uk26,2002-02-05,-65.1272,-52.5614,-65.1421,-52.4833,-65.12253069606764,-52.56839673569252,4.5352541220686895
uk26,2002-02-06,-65.1421,-52.4833,-65.1639,-52.5323,-65.143893263429,-52.45200841527378,4.361424217589633
uk26,2002-02-07,-65.1639,-52.5323,-65.1639,-52.5323,-65.16534554969002,-52.545516431319015,0.637835973273932
uk26,2002-02-08,-65.1639,-52.5323,-65.1639,-52.5323,-65.1575175654568,-52.53516036053236,0.7221614241918524
uk26,2002-02-09,-65.1639,-52.5323,-65.1639,-52.5323,-65.15822754256973,-52.523301349100336,0.7579675830760804
uk26,2002-02-10,-65.1639,-52.5323,-65.1639,-52.5323,-65.15471853947832,-52.50861676507742,1.5053951363809799
uk26,2002-02-11,-65.1639,-52.5323,-65.1639,-52.5323,-65.15796372286464,-52.52033305175755,0.8649635175114972
uk26,2002-02-12,-65.1639,-52.5323,-65.2652,-52.4507,-65.12615981706858,-52.392478592450885,15.697302505934063
uk26,2002-02-13,-65.2652,-52.4507,-65.2028,-52.4823,-65.26918719201973,-52.470403984421736,7.402684590966783
uk26,2002-02-14,-65.2028,-52.4823,-65.2028,-52.4823,-65.20948275154913,-52.43327969194151,2.4035736847280793
uk26,2002-02-15,-65.2028,-52.4823,-65.2112,-52.5939,-65.17719122918304,-52.484764864068566,6.342054148630106
uk26,2002-02-16,-65.2112,-52.5939,-65.1918,-52.4945,-65.20992844212338,-52.59558854184712,5.127563297347491
uk26,2002-02-17,-65.1918,-52.4945,-65.1918,-52.4945,-65.18263293427918,-52.49033067972255,1.0377320047690393
uk26,2002-02-18,-65.1918,-52.4945,-65.1252,-52.4618,-65.18609568309148,-52.488786078769564,6.887663364886434
uk26,2002-02-19,-65.1252,-52.4618,-65.1252,-52.4618,-65.10053334696961,-52.45551247826651,2.7585420606046327
uk26,2002-02-20,-65.1252,-52.4618,-65.1,-52.4791,-65.06512095959451,-52.40162149277951,5.3119146390913246
uk26,2002-02-21,-65.1,-52.4791,-65.0725,-52.4705,-65.07276640968765,-52.50202798800302,1.4778628558048692
uk26,2002-02-22,-65.0725,-52.4705,-65.0725,-52.4705,-65.05077626311143,-52.4885981477602,2.560267108050059
uk26,2002-02-23,-65.0725,-52.4705,-65.045,-52.462,-65.06333804787846,-52.46470343587666,2.0430356385417507
uk26,2002-02-24,-65.045,-52.462,-65.045,-52.462,-65.02839466940327,-52.47672804260472,1.971549186681388
uk26,2002-02-25,-65.045,-52.462,-65.045,-52.462,-64.94647894453834,-52.15743314345106,18.025679932969872
uk26,2002-02-26,-65.045,-52.462,-65.0775,-52.3218,-64.96452878661859,-52.2326027441992,13.24166364153246
uk26,2002-02-27,-65.0775,-52.3218,-65.0775,-52.3218,-65.0724004941205,-52.295447770388165,1.3588598807780887
uk26,2002-02-28,-65.0775,-52.3218,-65.0775,-52.3218,-65.07351656903444,-52.317022562621474,0.4962981898312271
uk26,2002-03-01,-65.0775,-52.3218,-65.0481,-52.4056,-65.07369415232513,-52.31923508148077,4.949358666812614
uk26,2002-03-02,-65.0481,-52.4056,-65.0481,-52.4056,-65.03955436817778,-52.420138671786646,1.169697518191668
uk26,2002-03-03,-65.0481,-52.4056,-65.0481,-52.4056,-65.03919753688919,-52.429452412662584,1.494063517707488
uk26,2002-03-04,-65.0481,-52.4056,-65.0481,-52.4056,-65.04496554401261,-52.40874347154201,0.3784476898290848
uk26,2002-03-05,-65.0481,-52.4056,-65.0481,-52.4056,-65.04488895400708,-52.40803315385142,0.37485275616520364
uk26,2002-03-06,-65.0481,-52.4056,-65.0481,-52.4056,-65.04478146878527,-52.4059397933224,0.3693479640983983
uk26,2002-03-07,-65.0481,-52.4056,-65.0146,-52.5989,-65.04489538365073,-52.405258605633676,9.693806572508755
uk26,2002-03-08,-65.0146,-52.5989,-65.0146,-52.5989,-64.9972701482906,-52.6566109318734,3.3264135583869567
uk26,2002-03-09,-65.0146,-52.5989,-65.0146,-52.5989,-65.01272331461833,-52.63214384382502,1.5753119903969477
uk26,2002-03-10,-65.0146,-52.5989,-64.8676,-52.7084,-65.01102728795684,-52.58656483851806,16.949337315639387
uk26,2002-03-11,-64.8676,-52.7084,-64.8045,-52.6913,-64.8457597111111,-52.660458263492046,4.8142212516190686
uk26,2002-03-12,-64.8045,-52.6913,-64.7586,-52.7015,-64.77057201918336,-52.70868752876663,1.374143017444457
uk26,2002-03-13,-64.7586,-52.7015,-64.6933,-52.6809,-64.72084326950181,-52.716725880973044,3.503822143814324
uk26,2002-03-14,-64.6933,-52.6809,-64.6933,-52.6809,-64.66002575773406,-52.680058242042605,3.700143518620504
uk26,2002-03-15,-64.6933,-52.6809,-64.6588,-52.5838,-64.67314058672245,-52.68948938473633,5.275441594933961
uk26,2002-03-16,-64.6588,-52.5838,-64.602,-52.5995,-64.6481122266294,-52.575098225738785,5.257637944436433
uk26,2002-03-17,-64.602,-52.5995,-64.5379,-52.5263,-64.57146113894383,-52.60087782950747,5.1595647808342004
uk26,2002-03-18,-64.5379,-52.5263,-64.5389,-52.4951,-64.49747308402068,-52.510551516600174,4.66539277992399
uk26,2002-03-19,-64.5389,-52.4951,-64.5409,-52.4743,-64.52487875739006,-52.46479565184298,1.8385272171602043
uk26,2002-03-20,-64.5409,-52.4743,-64.5419,-52.4337,-64.54144138632566,-52.45825371398634,1.1747170788105532
uk26,2002-03-21,-64.5419,-52.4337,-64.4894,-52.2395,-64.54059175259745,-52.40320302528576,9.68226309791832
uk26,2002-03-22,-64.4894,-52.2395,-64.4177,-52.0815,-64.46738701465726,-52.20507224734452,8.103404918839685
uk26,2002-03-23,-64.4177,-52.0815,-64.4177,-52.0815,-64.3729397698167,-52.002435181833306,6.261539070962347
uk26,2002-03-24,-64.4177,-52.0815,-64.2598,-51.993,-64.38475369912747,-52.050804005772534,14.170603347070461
uk26,2002-03-25,-64.2598,-51.993,-64.2225,-51.8901,-64.21551870289802,-51.95669168603894,3.3127632367273527
uk26,2002-03-26,-64.2225,-51.8901,-64.1887,-51.7366,-64.20099249212215,-51.865081438234114,6.367514727760977
uk26,2002-03-27,-64.1887,-51.7366,-64.144,-51.5893,-64.17406541724652,-51.668846313454594,5.102977555413905
uk26,2002-03-28,-64.144,-51.5893,-64.1449,-51.5102,-64.1198530034974,-51.521312319415756,2.8367945830037975
uk26,2002-03-29,-64.1449,-51.5102,-64.0966,-51.246,-64.14465313414168,-51.471432724406384,12.176194060158899
uk26,2002-03-30,-64.0966,-51.246,-64.0883,-51.1339,-64.07030408160172,-51.07310244298944,3.5689056016833622
uk26,2002-03-31,-64.0883,-51.1339,-64.0844,-50.9176,-64.08092474549287,-51.09283420826745,8.525213948288282
uk26,2002-04-01,-64.0844,-50.9176,-64.0844,-50.9176,-64.07810271153878,-50.81226423777454,5.167284096917231
uk26,2002-04-02,-64.0844,-50.9176,-63.9562,-50.5351,-64.06872111089542,-50.77102306089262,16.990456003243633
uk26,2002-04-03,-63.9562,-50.5351,-63.845,-50.5017,-63.89525752941318,-50.40805535217652,7.229126249182737
uk26,2002-04-04,-63.845,-50.5017,-63.7596,-50.5186,-63.77726889447813,-50.517601487983455,1.9653042400747407
uk26,2002-04-05,-63.7596,-50.5186,-63.714,-50.6185,-63.70379556152942,-50.521660114836834,4.9026508064208
uk26,2002-04-06,-63.714,-50.6185,-63.7152,-50.7082,-63.67612678650335,-50.647426736553996,5.276775902748519
uk26,2002-04-07,-63.7152,-50.7082,-63.7178,-50.7962,-63.703348633670785,-50.7643270338757,2.246367976828044
uk26,2002-04-08,-63.7178,-50.7962,-63.7204,-50.8632,-63.71306741079785,-50.83881673777634,1.4512749103284992
uk26,2002-04-09,-63.7204,-50.8632,-63.7216,-50.8899,-63.70896374064394,-50.88720120720399,1.411358194022941
uk26,2002-04-10,-63.7216,-50.8899,-63.7216,-50.8899,-63.69927784567097,-50.886619530681685,2.4873627186827987
uk26,2002-04-11,-63.7216,-50.8899,-63.7377,-50.9877,-63.68737035692808,-50.86944789476172,8.076596408424951
uk26,2002-04-12,-63.7377,-50.9877,-63.7812,-50.9143,-63.738363878097026,-51.005433107632825,6.539238393784679
uk26,2002-04-13,-63.7812,-50.9143,-63.8292,-50.8906,-63.80079919047977,-50.90800340648278,3.271441842777078
uk26,2002-04-14,-63.8292,-50.8906,-63.8292,-50.8906,-63.864378052778484,-50.84345791504694,4.543044605863309
uk26,2002-04-15,-63.8292,-50.8906,-63.8292,-50.8906,-63.804400229125335,-50.870567652521345,2.9275299284119707
uk26,2002-04-16,-63.8292,-50.8906,-63.8229,-50.9806,-63.81699046362566,-50.88172013258662,4.895199495255804
uk26,2002-04-17,-63.8229,-50.9806,-63.8056,-51.1259,-63.81342490024607,-51.022218954246284,5.162172878777962
uk26,2002-04-18,-63.8056,-51.1259,-63.8056,-51.1259,-63.79444158388974,-51.218928043295335,4.732584012974619
uk26,2002-04-19,-63.8056,-51.1259,-63.8056,-51.1259,-63.79661889648056,-51.18646879767172,3.1366244986850393
uk26,2002-04-20,-63.8056,-51.1259,-63.8056,-51.1259,-63.79028511498402,-51.10979745670744,1.8775031279306458
uk26,2002-04-21,-63.8056,-51.1259,-63.798,-51.1031,-63.79362490615968,-51.118307725585964,0.8912026144927044
uk26,2002-04-22,-63.798,-51.1031,-63.798,-51.1031,-63.784392199191956,-51.07241283805632,2.135551778918364
uk26,2002-04-23,-63.798,-51.1031,-63.798,-51.1031,-63.788598250349864,-51.089824780643056,1.2320155396323516
uk26,2002-04-24,-63.798,-51.1031,-63.798,-51.1031,-63.79088953459384,-51.08605387779352,1.151397315209472
uk26,2002-04-25,-63.798,-51.1031,-63.798,-51.1031,-63.788260179996215,-51.08043167141841,1.5530590698900162
uk26,2002-04-26,-63.798,-51.1031,-63.822,-50.8519,-63.79059582435088,-51.085048711315096,11.96438842900879
uk26,2002-04-27,-63.822,-50.8519,-63.822,-50.8519,-63.8135727022914,-50.78857464653055,3.245123925447013
uk26,2002-04-28,-63.822,-50.8519,-63.822,-50.8519,-63.809566981375326,-50.822211502761945,2.008286193392702
uk26,2002-04-29,-63.822,-50.8519,-63.822,-50.8519,-63.812604373573855,-50.84127131879177,1.167660577714346
uk26,2002-04-30,-63.822,-50.8519,-63.822,-50.8519,-63.81492185284232,-50.83834806541802,1.0302957108035922
uk26,2002-05-01,-63.822,-50.8519,-63.822,-50.8519,-63.81383536807028,-50.81933497704233,1.837629593176533
uk26,2002-05-02,-63.822,-50.8519,-63.822,-50.8519,-63.81343318143662,-50.838946576117365,1.1451262887673337
uk26,2002-05-03,-63.822,-50.8519,-63.6166,-50.1789,-63.81221866383606,-50.84293903555596,39.27244804581495
uk26,2002-05-04,-63.6166,-50.1789,-63.5565,-50.0267,-63.611489408044726,-50.136786252344876,8.188098288324175
uk26,2002-05-05,-63.5565,-50.0267,-63.4964,-49.7898,-63.50410199952435,-49.92180247381552,6.604993694566716
uk26,2002-05-06,-63.4964,-49.7898,-63.3937,-49.7062,-63.44738727683118,-49.63896870049638,6.8429990128035945
uk26,2002-05-07,-63.3937,-49.7062,-63.2903,-49.746,-63.32043405955258,-49.68750321842754,4.445903110610444
uk26,2002-05-08,-63.2903,-49.746,-63.2426,-49.8292,-63.241080195084216,-49.775537432379025,2.6918085877360185
uk26,2002-05-09,-63.2426,-49.8292,-63.1745,-49.9776,-63.20670966253689,-49.837393751259015,7.891156790083147
uk26,2002-05-10,-63.1745,-49.9776,-63.1469,-50.1135,-63.13497248976495,-50.053787769130224,3.279908923153141
uk26,2002-05-11,-63.1469,-50.1135,-63.0947,-50.3289,-63.125304537851726,-50.14274490415363,9.961270579345253
uk26,2002-05-12,-63.0947,-50.3289,-63.0558,-50.5878,-63.06126186062996,-50.498631234713514,4.5332075511798315
uk26,2002-05-13,-63.0558,-50.5878,-62.9407,-50.9394,-63.03080676070816,-50.75257378481757,13.76313209983094
uk26,2002-05-14,-62.9407,-50.9394,-62.8694,-51.1682,-62.87499490753969,-51.05766566203704,5.638770134206655
uk26,2002-05-15,-62.8694,-51.1682,-62.802,-51.2382,-62.8284712945753,-51.30918695612428,4.654954665202647
uk26,2002-05-16,-62.802,-51.2382,-62.7287,-51.3868,-62.75032800289962,-51.280791934389015,5.910523947958518
uk26,2002-05-17,-62.7287,-51.3868,-62.6802,-51.4914,-62.67971208100505,-51.46323547266974,1.4383739447930917
uk26,2002-05-18,-62.6802,-51.4914,-62.6413,-51.6401,-62.64161819827727,-51.54465765856676,4.877272958996139
uk26,2002-05-19,-62.6413,-51.6401,-62.6332,-51.7616,-62.61669318060016,-51.730324310457746,2.4343500048253133
uk26,2002-05-20,-62.6332,-51.7616,-62.6254,-51.9025,-62.62593539313717,-51.801994373565805,5.138960894057516
uk26,2002-05-21,-62.6254,-51.9025,-62.5524,-51.9919,-62.61870106425298,-52.012502407374996,7.447414240594219
uk26,2002-05-22,-62.5524,-51.9919,-62.472,-52.1878,-62.49359220367801,-52.05878685391913,7.049352119723073
uk26,2002-05-23,-62.472,-52.1878,-62.4624,-52.4171,-62.41146426610189,-52.318916645618884,7.589411091581578
uk26,2002-05-24,-62.4624,-52.4171,-62.4774,-52.6834,-62.45983524061813,-52.587007002891525,5.325495700183742
uk26,2002-05-25,-62.4774,-52.6834,-62.4397,-52.4711,-62.48151795054807,-52.88080959335443,21.571049847381584
uk26,2002-05-26,-62.4397,-52.4711,-62.3026,-52.9098,-62.401199437831515,-52.46743146420869,25.322201353568502
uk26,2002-05-27,-62.3026,-52.9098,-62.3026,-52.9098,-62.27786902843915,-53.01430973544973,6.063151918483817
uk26,2002-05-28,-62.3026,-52.9098,-62.198,-52.902,-62.28122109424784,-52.984540893612774,10.193489751445496
uk26,2002-05-29,-62.198,-52.902,-62.0934,-52.8806,-62.1582937299514,-52.92905108593014,7.6428425549905565
uk26,2002-05-30,-62.0934,-52.8806,-62.0963,-52.7929,-62.030953641203574,-52.90126201077031,9.201264637099172
uk26,2002-05-31,-62.0963,-52.7929,-62.0963,-52.7929,-62.0677852672243,-52.719783585479206,4.954141431060128
uk26,2002-06-01,-62.0963,-52.7929,-62.027,-52.7622,-62.08560513876702,-52.76974484495301,6.528441866992213
uk26,2002-06-02,-62.027,-52.7622,-61.9679,-52.6563,-61.99447948408644,-52.76166046990619,6.246890964908723
uk26,2002-06-03,-61.9679,-52.6563,-61.9301,-52.4911,-61.9288250789528,-52.603475313195304,5.881598599260183
uk26,2002-06-04,-61.9301,-52.4911,-61.8671,-52.2759,-61.89734272801345,-52.361849579414724,5.6210355726468695
uk26,2002-06-05,-61.8671,-52.2759,-61.8247,-52.2107,-61.8110612323763,-52.13636714943634,4.187812499739803
uk26,2002-06-06,-61.8247,-52.2107,-61.9421,-52.0507,-61.79007484083076,-52.17690597929882,18.153439930746913
uk26,2002-06-07,-61.9421,-52.0507,-61.882,-51.8745,-61.959999874394,-51.960032860911156,9.760350591967818
uk26,2002-06-08,-61.882,-51.8745,-61.882,-51.8745,-61.85293476407639,-51.79028168024129,5.471956305758679
uk26,2002-06-09,-61.882,-51.8745,-61.8127,-51.7882,-61.84412729582883,-51.87394235453485,5.698472224705748
uk26,2002-06-10,-61.8127,-51.7882,-61.8127,-51.7882,-61.77622856653866,-51.7726172158126,4.137300716248976
uk26,2002-06-11,-61.8127,-51.7882,-61.6572,-51.4067,-61.79270455640945,-51.76534925117639,24.164163551938614
uk26,2002-06-12,-61.6572,-51.4067,-61.6263,-51.2272,-61.59305324502165,-51.30239206778498,5.428717417103101
uk26,2002-06-13,-61.6263,-51.2272,-61.6263,-51.2272,-61.59594481028935,-51.10573035660789,7.25487306216639
uk26,2002-06-14,-61.6263,-51.2272,-61.502,-51.0587,-61.61699217332813,-51.2073286909382,15.014826247084791
uk26,2002-06-15,-61.502,-51.0587,-61.3924,-50.8803,-61.46165232156567,-51.006151565713964,10.202674738244786
uk26,2002-06-16,-61.3924,-50.8803,-61.206,-50.3436,-61.325345073059644,-50.77850046012088,26.769238863538142
uk26,2002-06-17,-61.206,-50.3436,-61.0362,-50.2362,-61.09702528297259,-50.06553802631072,11.403135574702588
uk26,2002-06-18,-61.0362,-50.2362,-60.8585,-50.3414,-60.93697745991092,-50.20615290579002,11.386342000423495
uk26,2002-06-19,-60.8585,-50.3414,-60.7769,-50.5648,-60.7154722618244,-50.422336920299585,10.32385584589382
uk26,2002-06-20,-60.7769,-50.5648,-60.8246,-50.6254,-60.71888626240864,-50.68507938396172,12.193263207110492
uk26,2002-06-21,-60.8246,-50.6254,-60.8246,-50.6254,-60.831705164884035,-50.63699663233183,1.0095785319928983
uk26,2002-06-22,-60.8246,-50.6254,-60.749,-51.0576,-60.82047150882727,-50.62655930791169,24.70702691107844
uk26,2002-06-23,-60.749,-51.0576,-60.7127,-51.0005,-60.71720007843916,-51.233312082142845,12.672884128857355
uk26,2002-06-24,-60.7127,-51.0005,-60.7127,-51.0005,-60.680899356753564,-50.94225652535579,4.748794701401242
uk26,2002-06-25,-60.7127,-51.0005,-60.6751,-50.9683,-60.68424535727775,-50.97667945545879,1.114587275619016
uk26,2002-06-26,-60.6751,-50.9683,-60.6591,-50.7788,-60.642479379259434,-50.94303979535243,9.139884721680794
uk26,2002-06-27,-60.6591,-50.7788,-60.7129,-50.7738,-60.64683071059427,-50.69851153742323,8.412976856021935
uk26,2002-06-28,-60.7129,-50.7738,-60.7834,-50.8731,-60.72761987546271,-50.71164553903864,10.742213349499663
uk26,2002-06-29,-60.7834,-50.8731,-60.8562,-50.994,-60.81276454595151,-50.89824161324918,7.088957258495981
uk26,2002-06-30,-60.8562,-50.994,-60.8562,-50.994,-60.899271873044974,-51.06183728647426,6.034470104944507
uk26,2002-07-01,-60.8562,-50.994,-60.8544,-51.1167,-60.85180592993879,-51.008736130224264,5.854166841316505
uk26,2002-07-02,-60.8544,-51.1167,-60.8544,-51.1167,-60.800026304436315,-51.185050098233035,7.090814704931957
uk26,2002-07-03,-60.8544,-51.1167,-60.7485,-51.2585,-60.83914903267179,-51.1441285985735,11.836785910817513
uk26,2002-07-04,-60.7485,-51.2585,-60.7485,-51.2585,-60.69776491485073,-51.25387162871027,5.647095304674348
uk26,2002-07-05,-60.7485,-51.2585,-60.7485,-51.2585,-60.738374078863316,-51.187984007055434,3.9940638917858218
uk26,2002-07-06,-60.7485,-51.2585,-60.642,-51.2614,-60.72219704468029,-51.26087668776481,8.917550019757448
uk26,2002-07-07,-60.642,-51.2614,-60.5653,-51.1286,-60.601959070160376,-51.279466805503205,9.192593163446793
uk26,2002-07-08,-60.5653,-51.1286,-60.5653,-51.1286,-60.513671141382055,-51.07652851683497,6.408349847057244
uk26,2002-07-09,-60.5653,-51.1286,-60.51,-50.9111,-60.54048684253745,-51.066617878865344,9.15918939659706
uk26,2002-07-10,-60.51,-50.9111,-60.51,-50.9111,-60.4741448981278,-50.85336053719982,5.088765703457884
uk26,2002-07-11,-60.51,-50.9111,-60.4811,-50.6376,-60.46398031163135,-50.80368154349554,9.298439899138383
uk26,2002-07-12,-60.4811,-50.6376,-60.4565,-50.4708,-60.47270464778245,-50.53090314562911,3.7550965190550425
uk26,2002-07-13,-60.4565,-50.4708,-60.4565,-50.4708,-60.426725768693316,-50.314095802883514,9.211327442812525
uk26,2002-07-14,-60.4565,-50.4708,-60.5059,-50.115,-60.43577928579686,-50.45891655641876,20.397143206449048
uk26,2002-07-15,-60.5059,-50.115,-60.446,-49.9431,-60.498863337830684,-50.0406287170635,7.944717760274606
uk26,2002-07-16,-60.446,-49.9431,-60.3948,-49.7372,-60.40981785070101,-49.812724528735686,4.47133701322581
uk26,2002-07-17,-60.3948,-49.7372,-60.3948,-49.7372,-60.3490342887557,-49.55929317066639,11.02454221153062
uk26,2002-07-18,-60.3948,-49.7372,-60.3948,-49.7372,-60.374412575447856,-49.67026746658462,4.320457539428173
uk26,2002-07-19,-60.3948,-49.7372,-60.3948,-49.7372,-60.38607406752663,-49.69601711555231,2.4618567159825253
uk26,2002-07-20,-60.3948,-49.7372,-60.3948,-49.7372,-60.38842352722175,-49.71354238787842,1.4805233993637914
uk26,2002-07-21,-60.3948,-49.7372,-60.2905,-49.7351,-60.385159400184975,-49.693044113258395,10.77706304903184
uk26,2002-07-22,-60.2905,-49.7351,-60.2905,-49.7351,-60.247610255748384,-49.75975314156102,4.959106095580755
uk26,2002-07-23,-60.2905,-49.7351,-60.2905,-49.7351,-60.26713987822387,-49.717979871830664,2.76367656827483
uk26,2002-07-24,-60.2905,-49.7351,-60.2905,-49.7351,-60.28130360570896,-49.72291322883794,1.2234629314513852
uk26,2002-07-25,-60.2905,-49.7351,-60.2905,-49.7351,-60.27976568462081,-49.71664340839004,1.5682943673351781
uk26,2002-07-26,-60.2905,-49.7351,-60.2905,-49.7351,-60.282941160254836,-49.7156083791065,1.364009442395519
uk26,2002-07-27,-60.2905,-49.7351,-60.2905,-49.7351,-60.28011201937391,-49.72503905722368,1.2813039848438341
uk26,2002-07-28,-60.2905,-49.7351,-60.1786,-48.9926,-60.282982734582816,-49.713540095642486,41.460038312325864
uk26,2002-07-29,-60.1786,-48.9926,-60.2654,-48.6334,-60.19029106693122,-48.86734149629629,15.381690969252675
uk26,2002-07-30,-60.2654,-48.6334,-60.2728,-48.5405,-60.29781351224146,-48.34852834018761,10.940406191638374
uk26,2002-07-31,-60.2728,-48.5405,-60.2544,-48.5285,-60.2778503275634,-48.45716151633039,4.719954751151725
uk26,2002-08-01,-60.2544,-48.5285,-60.1646,-48.4348,-60.2370397594944,-48.487297752803954,8.561412002967785
uk26,2002-08-02,-60.1646,-48.4348,-60.1329,-48.3697,-60.11108582114865,-48.377029536797295,2.4593693278071806
uk26,2002-08-03,-60.1329,-48.3697,-60.0627,-48.3209,-60.09202492563245,-48.28672512536639,3.7717330318806273
uk26,2002-08-04,-60.0627,-48.3209,-59.992,-48.4087,-60.01146168095816,-48.27474150321149,7.75540199297021
uk26,2002-08-05,-59.992,-48.4087,-59.9242,-48.226,-59.95023737742543,-48.4286054990076,11.651169687564177
uk26,2002-08-06,-59.9242,-48.226,-59.8559,-48.1174,-59.891266570361466,-48.07539059841787,4.578434089142532
uk26,2002-08-07,-59.8559,-48.1174,-59.7862,-47.9205,-59.78803714105519,-48.02046720985294,5.597380718743519
uk26,2002-08-08,-59.7862,-47.9205,-59.6791,-47.708,-59.717212092552025,-47.749403822059776,4.832753787112725
uk26,2002-08-09,-59.6791,-47.708,-59.649,-47.6426,-59.591349247204874,-47.525151230948296,9.204128054452283
uk26,2002-08-10,-59.649,-47.6426,-59.6155,-47.5491,-59.58261085792399,-47.53184711871822,3.783769527238542
uk26,2002-08-11,-59.6155,-47.5491,-59.5604,-47.2619,-59.556326836427054,-47.462627680725916,11.317671445736387
uk26,2002-08-12,-59.5604,-47.2619,-59.614,-46.9781,-59.52550921046438,-47.12935929670067,13.014974205225354
uk26,2002-08-13,-59.614,-46.9781,-59.5054,-46.3245,-59.63997305978588,-46.74666334006605,28.090981967370354
uk26,2002-08-14,-59.5054,-46.3245,-59.4374,-45.8537,-59.444019633453586,-45.9590442668711,6.000930850072397
uk26,2002-08-15,-59.4374,-45.8537,-59.3377,-45.5138,-59.40084674147992,-45.61819061514939,9.180418561724178
uk26,2002-08-16,-59.3377,-45.5138,-59.4845,-45.1196,-59.2575889122807,-45.218793701482866,25.84955182194337
uk26,2002-08-17,-59.4845,-45.1196,-59.4845,-45.1196,-59.592776173101335,-44.84693122171376,19.524628398861246
uk26,2002-08-18,-59.4845,-45.1196,-59.5966,-44.4662,-59.49592272439559,-44.99470773862606,31.819977091044073
uk26,2002-08-19,-59.5966,-44.4662,-59.4976,-44.0699,-59.59152209973546,-44.36392507671957,19.587923627576338
uk26,2002-08-20,-59.4976,-44.0699,-59.2733,-43.91,-59.39577617342446,-43.798969470144755,15.003967843738435
uk26,2002-08-21,-59.2733,-43.91,-59.1315,-43.7274,-59.140777840079366,-43.85025578716932,7.083587293598638
uk26,2002-08-22,-59.1315,-43.7274,-59.0112,-43.549,-59.04585952553014,-43.599963338870054,4.832953577773906
uk26,2002-08-23,-59.0112,-43.549,-58.8951,-43.3556,-58.92456193126926,-43.41573296269428,4.759639261021334
uk26,2002-08-24,-58.8951,-43.3556,-58.7401,-43.1822,-58.81264881541348,-43.273346606359894,9.62703610454382
uk26,2002-08-25,-58.7401,-43.1822,-58.6211,-42.8418,-58.62538089759105,-42.99114892107568,8.659665614748404
uk26,2002-08-26,-58.6211,-42.8418,-58.4617,-42.8236,-58.56678459234628,-42.62532281242463,16.405264169108317
uk26,2002-08-27,-58.4617,-42.8236,-58.3858,-43.062,-58.34133732420817,-42.83773228260043,13.983529844888743
uk26,2002-08-28,-58.3858,-43.062,-58.1468,-43.3582,-58.33082457107776,-43.21451082336671,22.123505880643908
uk26,2002-08-29,-58.1468,-43.3582,-58.0772,-43.0427,-58.01325937518037,-43.45501951634199,25.285091186435242
uk26,2002-08-30,-58.0772,-43.0427,-58.0772,-43.0427,-57.98555066507936,-43.2030746899471,13.892464195427802
uk26,2002-08-31,-58.0772,-43.0427,-57.9965,-42.6319,-58.053986416318594,-43.024593121407264,23.990104519499482
uk26,2002-09-01,-57.9965,-42.6319,-57.7283,-42.5196,-57.95860241017316,-42.533405541606555,25.621489885939862
uk26,2002-09-02,-57.7283,-42.5196,-57.641,-42.3918,-57.57278996934824,-42.44800952545694,8.290841346862058
uk26,2002-09-03,-57.641,-42.3918,-57.6065,-42.2789,-57.5452328218781,-42.23785898462938,7.238702103210007
uk26,2002-09-04,-57.6065,-42.2789,-57.6335,-41.9521,-57.561953231661626,-42.14564424961526,14.010225719610101
uk26,2002-09-05,-57.6335,-41.9521,-57.8494,-41.5353,-57.642305970036205,-41.71552623120803,25.390185657979327
uk26,2002-09-06,-57.8494,-41.5353,-58.0855,-41.4341,-57.97715056666667,-41.20695873192642,17.999262955928216
uk26,2002-09-07,-58.0855,-41.4341,-58.2423,-40.9614,-58.22824644408177,-41.29954151446839,19.855230402631705
uk26,2002-09-08,-58.2423,-40.9614,-58.2132,-40.0109,-58.291560259523806,-40.783646453835956,46.04383097821084
uk26,2002-09-09,-58.2132,-40.0109,-58.1171,-39.3066,-58.194028227380954,-39.3539169,8.993193325018783
uk26,2002-09-10,-58.1171,-39.3066,-57.8056,-38.9906,-58.059616752492346,-38.864816156244785,29.20515397790981
uk26,2002-09-11,-57.8056,-38.9906,-57.5743,-39.1683,-57.60286934219576,-38.89358007169312,16.6786078964565
uk26,2002-09-12,-57.5743,-39.1683,-57.5543,-39.364,-57.4275994452381,-39.267415865608484,15.224939860186042
uk26,2002-09-13,-57.5543,-39.364,-57.6079,-39.3117,-57.51990963066496,-39.468988644905124,13.554577476299015
uk26,2002-09-14,-57.6079,-39.3117,-57.7348,-39.0562,-57.64088249140629,-39.287380322639564,17.25879722344986
uk26,2002-09-15,-57.7348,-39.0562,-57.5724,-38.6775,-57.79182579444444,-38.85454138650792,26.572109746377354
uk26,2002-09-16,-57.5724,-38.6775,-57.3591,-38.8217,-57.45412295172976,-38.42649163786123,25.923106513538986
uk26,2002-09-17,-57.3591,-38.8217,-57.2169,-39.1279,-57.22747041884319,-38.87875841688313,15.044053776284873
uk26,2002-09-18,-57.2169,-39.1279,-57.2169,-39.1279,-57.069570168559224,-39.197266182600714,16.908353737474695
uk26,2002-09-19,-57.2169,-39.1279,-57.2169,-39.1279,-57.18014588759399,-39.140060148524725,4.151995527875418
uk26,2002-09-20,-57.2169,-39.1279,-57.2169,-39.1279,-57.214082183167974,-39.08266337996531,2.7416566983002557
uk26,2002-09-21,-57.2169,-39.1279,-57.1693,-39.0756,-57.117611596370764,-39.00535298175299,7.140919916875113
uk26,2002-09-22,-57.1693,-39.0756,-57.0813,-39.1925,-57.13588646705517,-39.0395813971582,11.050160882563533
uk26,2002-09-23,-57.0813,-39.1925,-57.0006,-39.3807,-57.024815766102265,-39.25720725100436,7.946416958191678
uk26,2002-09-24,-57.0006,-39.3807,-57.0006,-39.3807,-56.927048516143664,-39.50544428222793,11.138778492886658
uk26,2002-09-25,-57.0006,-39.3807,-57.0518,-39.535,-56.985097469995985,-39.413198407974875,10.457985511848133
uk26,2002-09-26,-57.0518,-39.535,-57.0518,-39.535,-57.07226958094207,-39.591054071842194,4.082431302122204
uk26,2002-09-27,-57.0518,-39.535,-56.9695,-39.331,-57.05949977676207,-39.56132788073273,17.163052121250654
uk26,2002-09-28,-56.9695,-39.331,-56.8449,-39.4943,-56.93377230059523,-39.25875657030423,17.388254266414584
uk26,2002-09-29,-56.8449,-39.4943,-56.778,-39.8193,-56.77515228668832,-39.58546261428572,14.249887455008082
uk26,2002-09-30,-56.778,-39.8193,-57.0001,-40.1678,-56.7129040460422,-39.95345112356313,34.49111517669223
uk26,2002-10-01,-57.0001,-40.1678,-57.2133,-40.0849,-57.057315818686874,-40.29613583235931,21.524391625240472
uk26,2002-10-02,-57.2133,-40.0849,-57.2763,-39.7716,-57.3237324226984,-39.91417825190476,10.058630239171121
uk26,2002-10-03,-57.2763,-39.7716,-57.2582,-39.6267,-57.286141800527254,-39.522681753310565,6.982637418070282
uk26,2002-10-04,-57.2582,-39.6267,-57.2582,-39.6267,-57.23401983516427,-39.53179637800815,6.310815659626874
uk26,2002-10-05,-57.2582,-39.6267,-57.2582,-39.6267,-57.236952411403585,-39.592643202225645,3.1272141013670303
uk26,2002-10-06,-57.2582,-39.6267,-57.2582,-39.6267,-57.24989245423428,-39.614067069759386,1.1961074699118366
uk26,2002-10-07,-57.2582,-39.6267,-57.2582,-39.6267,-57.2483885555852,-39.595171740633646,2.187797965654629
uk26,2002-10-08,-57.2582,-39.6267,-57.2582,-39.6267,-57.153851176386574,-39.42183722352223,16.936801274544024
uk26,2002-10-09,-57.2582,-39.6267,-57.4125,-39.6575,-57.174347593729266,-39.36289253123272,31.8524111331204
uk26,2002-10-10,-57.4125,-39.6575,-57.5557,-39.5562,-57.4754434860253,-39.57098128924099,8.967668640126929
uk26,2002-10-11,-57.5557,-39.5562,-57.5454,-39.4448,-57.603076390770816,-39.43386298613538,6.4463894281214
uk26,2002-10-12,-57.5454,-39.4448,-57.4966,-39.3885,-57.53579760090844,-39.35739921539539,4.737794908663885
uk26,2002-10-13,-57.4966,-39.3885,-57.4966,-39.3885,-57.45622721013118,-39.322045407262806,5.994767881174806
uk26,2002-10-14,-57.4966,-39.3885,-57.5934,-39.254,-57.482208699703605,-39.31261293692404,12.849265172577685
uk26,2002-10-15,-57.5934,-39.254,-57.5455,-39.2005,-57.59550534811763,-39.17459032950751,5.7709929884202795
uk26,2002-10-16,-57.5455,-39.2005,-57.4847,-39.1084,-57.531179426625876,-39.1295367738976,5.320253000972801
uk26,2002-10-17,-57.4847,-39.1084,-57.479,-39.3405,-57.43832615562524,-39.013458340453724,20.077241505046338
uk26,2002-10-18,-57.479,-39.3405,-57.5403,-39.2138,-57.46941268838014,-39.4141584716219,14.331198578724944
uk26,2002-10-19,-57.5403,-39.2138,-57.4929,-39.1319,-57.542872461111116,-39.13466249537038,5.559132301564724
uk26,2002-10-20,-57.4929,-39.1319,-57.4929,-39.1319,-57.45851743599247,-39.06307397973359,5.61673685278179
uk26,2002-10-21,-57.4929,-39.1319,-57.3552,-39.0677,-57.48469493367607,-39.09661639510992,14.502899686001145
uk26,2002-10-22,-57.3552,-39.0677,-57.3552,-39.0677,-57.293542899735456,-39.061592276322756,6.865754309518191
uk26,2002-10-23,-57.3552,-39.0677,-57.2708,-38.8493,-57.27480301651638,-38.95274107501899,6.234414024919503
uk26,2002-10-24,-57.2708,-38.8493,-57.085,-38.8289,-57.21995781053391,-38.769928958213086,15.422348948429027
uk26,2002-10-25,-57.085,-38.8289,-57.0015,-38.9732,-56.96799044329004,-38.81633255854979,10.208278113151518
uk26,2002-10-26,-57.0015,-38.9732,-57.0015,-38.9732,-56.9392553605897,-39.04158962602338,8.067566769750448
uk26,2002-10-27,-57.0015,-38.9732,-57.0015,-38.9732,-56.98005125283728,-38.98298601649296,2.4575590758002472
uk26,2002-10-28,-57.0015,-38.9732,-56.9209,-38.8016,-56.91132149033814,-38.80675526128516,1.1100958540117989
uk26,2002-10-29,-56.9209,-38.8016,-56.8156,-38.9043,-56.903785966250425,-38.75054169932611,13.546877822000718
uk26,2002-10-30,-56.8156,-38.9043,-56.8156,-38.9043,-56.74380185871044,-38.94693203273954,8.395395559666337
uk26,2002-10-31,-56.8156,-38.9043,-56.8156,-38.9043,-56.79286021312453,-38.86281037891348,3.5740090044230346
uk26,2002-11-01,-56.8156,-38.9043,-56.8156,-38.9043,-56.8096689914846,-38.864394768242136,2.516804366840764
uk26,2002-11-02,-56.8156,-38.9043,-56.7669,-39.1321,-56.82691510195866,-38.78917160762609,21.92175507846346
uk26,2002-11-03,-56.7669,-39.1321,-56.3546,-38.7042,-56.758546239781744,-39.22715578750001,55.17703073033729
uk26,2002-11-04,-56.3546,-38.7042,-56.3965,-38.8735,-56.282828541907165,-38.859300853138535,12.66994795752013
uk26,2002-11-05,-56.3965,-38.8735,-56.3632,-38.83,-56.399557225132284,-38.843042252513214,4.121704634345986
uk26,2002-11-06,-56.3632,-38.83,-56.3059,-38.7472,-56.34503924380342,-38.81149536078311,5.886836768667424
uk26,2002-11-07,-56.3059,-38.7472,-56.1345,-38.8118,-56.25517654902444,-38.652526076562594,16.647880933963727
uk26,2002-11-08,-56.1345,-38.8118,-56.1345,-38.8118,-56.042051572867464,-38.79911917013388,10.309853486693628
uk26,2002-11-09,-56.1345,-38.8118,-56.0112,-38.9861,-56.08186197795923,-38.800902667968785,13.929209080402773
uk26,2002-11-10,-56.0112,-38.9861,-55.89,-39.2058,-55.98869272566138,-39.04821595899472,14.72219704996175
uk26,2002-11-11,-55.89,-39.2058,-55.6905,-39.0879,-55.82031022619047,-39.32354889563493,20.634066132288353
uk26,2002-11-12,-55.6905,-39.0879,-55.557,-39.2292,-55.588530222222225,-38.97204405158726,16.541926666845434
uk26,2002-11-13,-55.557,-39.2292,-55.5916,-39.5313,-55.453286113287646,-39.3096295295214,20.766047185395298
uk26,2002-11-14,-55.5916,-39.5313,-55.5916,-39.5313,-55.58916958357494,-39.598753502465115,4.247172959146303
uk26,2002-11-15,-55.5916,-39.5313,-55.5916,-39.5313,-55.58703209789428,-39.5940261936837,3.9742159423837435
uk26,2002-11-16,-55.5916,-39.5313,-55.8702,-39.9727,-55.54688355847171,-39.466800182229576,47.92630893099139
uk26,2002-11-17,-55.8702,-39.9727,-55.8771,-39.7792,-55.894536691005285,-39.9942475648148,13.550435172466642
uk26,2002-11-18,-55.8771,-39.7792,-55.8887,-39.6221,-55.86150832738095,-39.6046251186508,3.214078598580283
uk26,2002-11-19,-55.8887,-39.6221,-55.8963,-39.5407,-55.8773965733761,-39.49896192078222,3.3456011845537312
uk26,2002-11-20,-55.8963,-39.5407,-55.8963,-39.5407,-55.88298658586166,-39.4802853219594,4.047697317493996
uk26,2002-11-21,-55.8963,-39.5407,-55.8963,-39.5407,-55.86125497181661,-39.47978098615499,5.442758030958035
uk26,2002-11-22,-55.8963,-39.5407,-55.7178,-39.5422,-55.875657888644355,-39.52495953507784,17.58604474303364
uk26,2002-11-23,-55.7178,-39.5422,-55.7113,-39.6548,-55.63404398749084,-39.580548545724525,9.771082128979272
uk26,2002-11-24,-55.7113,-39.6548,-55.6478,-39.8877,-55.678356037716874,-39.66787178490338,14.200182122928798
uk26,2002-11-25,-55.6478,-39.8877,-55.509,-40.131,-55.6077163741525,-40.03998651200655,12.379401066763844
uk26,2002-11-26,-55.509,-40.131,-55.3947,-40.3687,-55.42762905461761,-40.18748923519723,12.01040063690088
uk26,2002-11-27,-55.3947,-40.3687,-55.2276,-40.2826,-55.342846378900504,-40.46133644540262,17.097526470821954
uk26,2002-11-28,-55.2276,-40.2826,-55.1559,-40.0959,-55.12399263899332,-40.183365498736435,6.5946924213461005
uk26,2002-11-29,-55.1559,-40.0959,-55.1903,-39.7838,-55.10510595071471,-39.943466186200084,13.880828261465211
uk26,2002-11-30,-55.1903,-39.7838,-55.2535,-39.114,-55.19693009994709,-39.532943992566146,27.303947363682926
uk26,2002-12-01,-55.2535,-39.114,-55.2793,-38.5146,-55.24393621283069,-38.76509806759259,16.35195544178977
uk26,2002-12-02,-55.2793,-38.5146,-55.3232,-37.8653,-55.300284680687824,-38.07170534285714,13.308006031640197
uk26,2002-12-03,-55.3232,-37.8653,-55.2877,-37.1253,-55.36231966150794,-37.37333218827558,17.74953169808694
uk26,2002-12-04,-55.2877,-37.1253,-55.4575,-36.5579,-55.28428412142857,-36.59261200793651,19.38521280074901
uk26,2002-12-05,-55.4575,-36.5579,-55.5274,-36.3388,-55.56260804193122,-36.162004733597854,11.791010813145132
uk26,2002-12-06,-55.5274,-36.3388,-55.6633,-36.0106,-55.55093961588319,-36.19044242028389,16.843246337685247
uk26,2002-12-07,-55.6633,-36.0106,-55.651,-35.0712,-55.74035912896825,-35.737837780230876,42.9421529485872
uk26,2002-12-08,-55.651,-35.0712,-55.4761,-34.9048,-55.62509625555556,-34.62054072539681,24.375832639667337
uk26,2002-12-09,-55.4761,-34.9048,-55.4761,-34.9048,-55.37344886150794,-34.78267928214285,13.772026868692835
uk26,2002-12-10,-55.4761,-34.9048,-55.4761,-34.9048,-55.414766894467675,-34.88260455807438,6.96211134878208
uk26,2002-12-11,-55.4761,-34.9048,-55.4761,-34.9048,-55.44986752078278,-34.829558735788055,5.56838722669375
uk26,2002-12-12,-55.4761,-34.9048,-55.4761,-34.9048,-55.45526505166856,-34.861502903862714,3.5799889541188703
uk26,2002-12-13,-55.4761,-34.9048,-55.4761,-34.9048,-55.47398469498768,-34.87565519123575,1.8517461232745527
uk26,2002-12-14,-55.4761,-34.9048,-55.4761,-34.9048,-55.467126262689526,-34.8964444092413,1.1282768889246426
uk26,2002-12-15,-55.4761,-34.9048,-55.4355,-34.6416,-55.467831386137306,-34.847138477327604,13.450359599428367
uk26,2002-12-16,-55.4355,-34.6416,-55.4355,-34.6416,-55.40210829322828,-34.518225423181605,8.626308019907414
uk26,2002-12-17,-55.4355,-34.6416,-55.4102,-34.4006,-55.42739331229943,-34.540697425285714,9.046060809174522
uk26,2002-12-18,-55.4102,-34.4006,-55.4102,-34.4006,-55.38841990519355,-34.27489829953356,8.29837496821765
uk26,2002-12-19,-55.4102,-34.4006,-55.1985,-34.2191,-55.40954253125398,-34.369960403538926,25.335139849702614
uk26,2002-12-20,-55.1985,-34.2191,-55.1985,-34.2191,-55.09601552658731,-34.073879451190464,14.66350304276301
uk26,2002-12-21,-55.1985,-34.2191,-55.1985,-34.2191,-55.125563383546734,-34.219741292604226,8.110284017874415
uk26,2002-12-22,-55.1985,-34.2191,-55.0382,-34.0638,-55.18179098818094,-34.19816894234751,18.11000358059066
uk26,2002-12-23,-55.0382,-34.0638,-54.7288,-34.0366,-54.99366277645503,-34.00869046547618,29.505511571292296
uk26,2002-12-24,-54.7288,-34.0366,-54.4378,-33.9947,-54.541111500486664,-34.07294744264999,12.550251100158802
uk26,2002-12-25,-54.4378,-33.9947,-54.1828,-33.777,-54.22534822365092,-33.97963913997103,14.002699442078066
uk28,2002-01-06,-74.3327,-179.9564,-74.3327,-179.9564,-74.3372075029225,-179.9336972433917,0.8460683934253523
uk28,2002-01-07,-74.3327,-179.9564,-74.3327,-179.9564,-74.34118379151246,179.97352291129982,2.3055671754570564
uk28,2002-01-08,-74.3327,-179.9564,-74.3327,-179.9564,-74.34108852859606,179.9546747894218,2.827839737832269
uk28,2002-01-09,-74.3327,-179.9564,-74.3327,-179.9564,-74.34209274091684,179.9557319158758,2.8370034809993254
uk28,2002-01-10,-74.3327,-179.9564,-74.3327,-179.9564,-74.3401112933188,179.95986687670046,2.6454193096846126
uk28,2002-01-11,-74.3327,-179.9564,-74.3327,-179.9564,-74.34244807165568,179.96295982750814,2.6523498208890053
uk28,2002-01-12,-74.3327,-179.9564,-74.3327,-179.9564,-74.341704510253,179.9572360870319,2.779256450929842
uk28,2002-01-13,-74.3327,-179.9564,-74.3327,-179.9564,-74.3404727698016,179.9604392191801,2.6419454745540243
uk28,2002-01-14,-74.3327,-179.9564,-74.3327,-179.9564,-74.34101324351617,179.96282403931025,2.5951525974314382
uk28,2002-01-15,-74.3327,-179.9564,-74.3327,-179.9564,-74.34244807165568,179.96295982750814,2.6523498208890053
uk28,2002-01-16,-74.3327,-179.9564,-74.3327,-179.9564,-74.33805055997773,179.96527018312963,2.4258102317300896
uk28,2002-01-17,-74.3327,-179.9564,-74.3327,-179.9564,-74.34093478475772,179.96490412109807,2.5337402278127574
uk28,2002-01-18,-74.3327,-179.9564,-74.3327,-179.9564,-74.34217084036871,179.96487163138426,2.5873951826399795
uk28,2002-01-19,-74.3327,-179.9564,-74.3327,-179.9564,-74.34227611894859,179.96161023147397,2.681739862336896
uk28,2002-01-20,-74.3327,-179.9564,-74.3327,-179.9564,-74.3295767719195,179.97716837396888,2.0250241287648545
uk28,2002-01-21,-74.3327,-179.9564,-74.3327,-179.9564,-74.33567589083299,179.96130711262413,2.49294538559401
uk28,2002-01-22,-74.3327,-179.9564,-74.3327,-179.9564,-74.34013372990624,179.96045244317418,2.6295018037186995
uk28,2002-01-23,-74.3327,-179.9564,-74.3327,-179.9564,-74.33937099536685,179.96079774740178,2.5942069390093248
uk28,2002-01-24,-74.3327,-179.9564,-74.3327,-179.9564,-74.34105957682394,179.9555042208525,2.803278535051098
uk28,2002-01-25,-74.3327,-179.9564,-74.3327,-179.9564,-74.34024667613589,179.95971837056584,2.654366743488884
uk28,2002-01-26,-74.3327,-179.9564,-74.3327,-179.9564,-74.3413342510039,179.95895036958643,2.716517305666315
uk28,2002-01-27,-74.3327,-179.9564,-74.3327,-179.9564,-74.34169201089975,179.96756807820015,2.4918672021853383
uk28,2002-01-28,-74.3327,-179.9564,-74.3327,-179.9564,-74.34069475091674,179.96773864479138,2.4447744279793797
uk28,2002-01-29,-74.3327,-179.9564,-74.3327,-179.9564,-74.33975464628321,179.9622302414931,2.5657175405693393
uk28,2002-01-30,-74.3327,-179.9564,-74.3327,-179.9564,-74.3419801777087,179.9588610717459,2.745161251062546
uk28,2002-01-31,-74.3327,-179.9564,-74.3327,-179.9564,-74.33959365977788,179.956748528613,2.71778186453754
uk28,2002-02-01,-74.3327,-179.9564,-74.3327,-179.9564,-74.33970632801743,179.9621936166959,2.5651310634968394
uk28,2002-02-02,-74.3327,-179.9564,-74.3327,-179.9564,-74.33727258196517,179.96313276050103,2.4688732185217765
uk28,2002-02-03,-74.3327,-179.9564,-74.3327,-179.9564,-74.34159699473516,179.9631255380757,2.6105570064275745
uk28,2002-02-04,-74.3327,-179.9564,-74.3327,-179.9564,-74.34296477359864,179.9614517120383,2.7173250352727276
uk28,2002-02-05,-74.3327,-179.9564,-74.3327,-179.9564,-74.33924293345298,179.96392384642036,2.5002457080839333
uk28,2002-02-06,-74.3327,-179.9564,-74.3327,-179.9564,-74.34201480985357,179.9578510054646,2.7747152853926873
uk28,2002-02-07,-74.3327,-179.9564,-74.3327,-179.9564,-74.3393493773789,179.9790183427683,2.0750706289861176
uk28,2002-02-08,-74.3327,-179.9564,-74.3327,-179.9564,-74.3406149667863,179.96482424271665,2.5233758633728978
uk28,2002-02-09,-74.3327,-179.9564,-74.3327,-179.9564,-74.3402659827638,179.9619032256481,2.592916043374732
uk28,2002-02-10,-74.3327,-179.9564,-74.3327,-179.9564,-74.3399246746039,179.95907796421324,2.661612650651878
uk28,2002-02-11,-74.3327,-179.9564,-74.3327,-179.9564,-74.32744564464004,179.98591105146886,1.8284431912803132
uk28,2002-02-12,-74.3327,-179.9564,-74.3327,-179.9564,-74.33996492196346,179.96211028720927,2.576366697555519
uk28,2002-02-13,-74.3327,-179.9564,-74.3327,-179.9564,-74.34122331443294,179.95608032510472,2.7930806884232293
uk28,2002-02-14,-74.3327,-179.9564,-74.3327,-179.9564,-74.34075714096329,179.95551817285013,2.7919344730386606
uk28,2002-02-15,-74.3327,-179.9564,-74.3327,-179.9564,-74.33426193122959,179.98952727527018,1.6328956522511087
uk28,2002-02-16,-74.3327,-179.9564,-74.3327,-179.9564,-74.33774809362716,179.96728582674666,2.358981364401784
uk28,2002-02-17,-74.3327,-179.9564,-74.3327,-179.9564,-74.33658041032109,179.96932821785595,2.2713461244933875
uk28,2002-02-18,-74.3327,-179.9564,-74.3327,-179.9564,-74.32734078034541,179.99751695452824,1.506866478569452
uk28,2002-02-19,-74.3327,-179.9564,-74.3327,-179.9564,-74.33850104926304,179.96731472968293,2.3794063468276643
uk28,2002-02-20,-74.3327,-179.9564,-74.3327,-179.9564,-74.3376904414747,179.960190692987,2.564994555601831
uk28,2002-02-21,-74.3327,-179.9564,-74.3327,-179.9564,-74.33849106915514,179.9695509993361,2.3145445478705597
uk28,2002-02-22,-74.3327,-179.9564,-74.3327,-179.9564,-74.34182442838521,179.95639927428783,2.807487382504855
uk28,2002-02-23,-74.3327,-179.9564,-74.3327,-179.9564,-74.32666222276008,179.9641885088081,2.4777312549897164
uk28,2002-02-24,-74.3327,-179.9564,-74.3327,-179.9564,-74.3381403990483,179.9618521673524,2.527786842491317
uk28,2002-02-25,-74.3327,-179.9564,-74.3327,-179.9564,-74.34122198214587,179.96444382206914,2.558265990730432
uk28,2002-02-26,-74.3327,-179.9564,-74.3327,-179.9564,-74.33998106736767,179.96280013486057,2.5572757248436155
uk28,2002-02-27,-74.3327,-179.9564,-74.3327,-179.9564,-74.33059370966448,179.97810585312925,1.9807023355966338
uk28,2002-02-28,-74.3327,-179.9564,-74.3327,-179.9564,-74.32800962410874,179.9911796157608,1.6584655811701015
uk28,2002-03-01,-74.3327,-179.9564,-74.3327,-179.9564,-74.34201359115538,179.95781933191586,2.7755469306026095
uk28,2002-03-02,-74.3327,-179.9564,-74.3327,-179.9564,-74.33865420787913,179.97302858989485,2.219782410494969
uk28,2002-03-03,-74.3327,-179.9564,-74.3327,-179.9564,-74.34235077479974,179.96563160633752,2.574835438506103
uk28,2002-03-04,-74.3327,-179.9564,-74.3327,-179.9564,-74.34150044000548,179.9623191845808,2.6289657759250655
uk28,2002-03-05,-74.3327,-179.9564,-74.3327,-179.9564,-74.32329814934269,-179.99891451845184,1.6503637338181452
uk28,2002-03-06,-74.3327,-179.9564,-74.3327,-179.9564,-74.3409569731339,179.95826654906887,2.721319861886495
uk28,2002-03-07,-74.3327,-179.9564,-74.3327,-179.9564,-74.3406143323795,179.95497277640806,2.8024308529847404
uk28,2002-03-08,-74.3327,-179.9564,-74.3327,-179.9564,-74.34142738645372,179.95888772189687,2.7219448305201115
uk28,2002-03-09,-74.3327,-179.9564,-74.3327,-179.9564,-74.31843539512143,179.99831186645963,2.089716790695506
uk28,2002-03-10,-74.3327,-179.9564,-74.3327,-179.9564,-74.32902674766501,179.9869423186716,1.7498648168846707
uk28,2002-03-11,-74.3327,-179.9564,-74.3327,-179.9564,-74.34239312289482,179.9636236446131,2.631670593551358
uk28,2002-03-12,-74.3327,-179.9564,-74.3327,-179.9564,-74.33176540882452,179.98238412300532,1.8411971124336768
uk28,2002-03-13,-74.3327,-179.9564,-74.3327,-179.9564,-74.3383717616685,179.98036717451282,2.0004540527739936
uk28,2002-03-14,-74.3327,-179.9564,-74.3327,-179.9564,-74.34176248338194,179.96798349819773,2.483613897617327
uk28,2002-03-15,-74.3327,-179.9564,-74.3327,-179.9564,-74.33109236511763,179.97753654351072,1.991909806286385
uk28,2002-03-16,-74.3327,-179.9564,-74.3327,-179.9564,-74.33860046318514,179.96589532328431,2.4234151876477172
uk28,2002-03-17,-74.3327,-179.9564,-74.3327,-179.9564,-74.33617126767894,179.96807992767043,2.300112154758245
uk28,2002-03-18,-74.3327,-179.9564,-74.3327,-179.9564,-74.34083161136489,179.95806412241097,2.7223892318594807
uk28,2002-03-19,-74.3327,-179.9564,-74.3327,-179.9564,-74.31177186805105,-179.98937453514574,2.529252048723612
uk28,2002-03-20,-74.3327,-179.9564,-74.3327,-179.9564,-74.31785019090661,-179.99571604111205,2.030179412177231
uk28,2002-03-21,-74.3327,-179.9564,-74.3327,-179.9564,-74.32953962761727,179.98557328749212,1.7776951599736164
uk28,2002-03-22,-74.3327,-179.9564,-74.3327,-179.9564,-74.33675784414255,179.9633873063649,2.4502498158409005
uk28,2002-03-23,-74.3327,-179.9564,-74.3327,-179.9564,-74.34068682088898,179.9561251063908,2.772174200330556
uk28,2002-03-24,-74.3327,-179.9564,-74.3327,-179.9564,-74.34091063081459,179.95587240299483,2.787396244592732
uk28,2002-03-25,-74.3327,-179.9564,-74.3327,-179.9564,-74.34117256240566,179.95497414898796,2.8224559980143833
uk28,2002-03-26,-74.3327,-179.9564,-74.3327,-179.9564,-74.32133340992607,179.99512035624667,1.928263667443268
uk28,2002-03-27,-74.3327,-179.9564,-74.3327,-179.9564,-74.33899627574476,179.9566233434976,2.703475716382335
uk28,2002-03-28,-74.3327,-179.9564,-74.3327,-179.9564,-74.33898264540602,179.95585367059482,2.7254136184516438
uk28,2002-03-29,-74.3327,-179.9564,-74.3327,-179.9564,-74.3306072274789,179.9799508683189,1.9255128666553145
uk28,2002-03-30,-74.3327,-179.9564,-74.3327,-179.9564,-74.32735622581603,179.9924557771077,1.6469548167355086
uk28,2002-03-31,-74.3327,-179.9564,-74.3327,-179.9564,-74.32860925756212,179.98475652319758,1.8247964619258292
uk28,2002-04-01,-74.3327,-179.9564,-74.3327,-179.9564,-74.33838924079677,179.96569882684366,2.422871314213756
uk28,2002-04-02,-74.3327,-179.9564,-74.3327,-179.9564,-74.3403309766201,179.9598447155605,2.653744614503259
uk28,2002-04-03,-74.3327,-179.9564,-74.3327,-179.9564,-74.33833216804216,179.95502386882913,2.732071880791402
uk28,2002-04-04,-74.3327,-179.9564,-74.3327,-179.9564,-74.34074367391736,179.95611508425213,2.7744863146950864
uk28,2002-04-05,-74.3327,-179.9564,-74.3327,-179.9564,-74.32722163475255,179.98942491830383,1.7373591424174204
uk40,2002-05-01,-66.5509,57.8776,-66.5509,57.8776,-66.55882275680972,57.831749335729114,2.211532543659862
uk40,2002-05-02,-66.5509,57.8776,-66.5509,57.8776,-66.54815812347803,57.859873364338796,0.84158315873167
uk40,2002-05-03,-66.5509,57.8776,-66.5509,57.8776,-66.54867889002338,57.85635316274704,0.9720758059259678
uk40,2002-05-04,-66.5509,57.8776,-66.5509,57.8776,-66.60281283159935,57.651819732436394,11.529106057168383
uk40,2002-05-05,-66.5509,57.8776,-66.5509,57.8776,-66.54650177833852,57.85683275366762,1.0410250627224307
uk40,2002-05-06,-66.5509,57.8776,-66.5042,58.0158,-66.54659893905573,57.85908195314147,8.391241302720722
uk40,2002-05-07,-66.5042,58.0158,-66.5042,58.0158,-66.4979510791137,58.02545872562865,0.8162122212046955
uk40,2002-05-08,-66.5042,58.0158,-66.5042,58.0158,-66.49941966636024,58.00438100971215,0.7340652911575126
uk40,2002-05-09,-66.5042,58.0158,-66.5042,58.0158,-66.50169608388487,57.99380986002703,1.0138808668869612
uk40,2002-05-10,-66.5042,58.0158,-66.5042,58.0158,-66.50083765742005,57.99504036603312,0.9934062048430969
uk40,2002-05-11,-66.5042,58.0158,-66.5773,57.8712,-66.50178091831785,57.99655189201624,10.065195302805613
uk40,2002-05-12,-66.5773,57.8712,-66.5809,57.8069,-66.58756983055073,57.865117384072164,2.677335352368158
uk40,2002-05-13,-66.5809,57.8069,-66.6265,57.7202,-66.59082671701873,57.760201559640706,4.341999747150736
uk40,2002-05-14,-66.6265,57.7202,-66.6265,57.7202,-66.63856986482259,57.699640386659496,1.6196996722832793
uk40,2002-05-15,-66.6265,57.7202,-66.6184,57.8661,-66.62570040057095,57.694365117741654,7.620566748073404
uk40,2002-05-16,-66.6184,57.8661,-66.6184,57.8661,-66.61650567574677,57.87822117391053,0.5748838949169774
uk40,2002-05-17,-66.6184,57.8661,-66.6184,57.8661,-66.61258593765872,57.86653313794295,0.646776784965154
uk40,2002-05-18,-66.6184,57.8661,-66.6184,57.8661,-66.66487158203576,57.66394739918394,10.301932986128238
uk40,2002-05-19,-66.6184,57.8661,-66.6184,57.8661,-66.67130598490792,57.63445001712654,11.784718677324516
uk40,2002-05-20,-66.6184,57.8661,-66.6184,57.8661,-66.614452137131,57.84738002374246,0.9355298220893351
uk40,2002-05-21,-66.6184,57.8661,-66.6184,57.8661,-66.61346283665944,57.84189167446206,1.201169305819704
uk40,2002-05-22,-66.6184,57.8661,-66.6184,57.8661,-66.61564774470835,57.84838958186512,0.8393508130111729
uk40,2002-05-23,-66.6184,57.8661,-66.6184,57.8661,-66.61430847316673,57.84638895253158,0.9816723704127105
uk40,2002-05-24,-66.6184,57.8661,-66.6184,57.8661,-66.61443977161588,57.84798846419585,0.9125679428277994
uk40,2002-05-25,-66.6184,57.8661,-66.5672,57.9533,-66.61236727171185,57.84038206806048,7.0788670769485265
uk40,2002-05-26,-66.5672,57.9533,-66.5672,57.9533,-66.5452730693776,57.97741096343921,2.661270372499736
uk40,2002-05-27,-66.5672,57.9533,-66.5672,57.9533,-66.5834334475017,57.88827904879196,3.3940451446301076
uk40,2002-05-28,-66.5672,57.9533,-66.5672,57.9533,-66.57032800523405,57.92153121310531,1.4471243008295869
uk40,2002-05-29,-66.5672,57.9533,-66.5672,57.9533,-66.56361015439448,57.92999075825173,1.105382264872625
uk40,2002-05-30,-66.5672,57.9533,-66.5672,57.9533,-66.5646891987963,57.93339130297829,0.923599614667262
uk40,2002-05-31,-66.5672,57.9533,-66.5672,57.9533,-66.57229754560029,57.915742817081764,1.754654186104527
uk40,2002-06-01,-66.5672,57.9533,-66.5913,57.8712,-66.56494011992895,57.93218627848373,3.9821368622239666
uk40,2002-06-02,-66.5913,57.8712,-66.5913,57.8712,-66.59285899222593,57.862988288803024,0.4020445414055605
uk40,2002-06-03,-66.5913,57.8712,-66.5913,57.8712,-66.58831051817013,57.85072930149414,0.9635318005829854
uk40,2002-06-04,-66.5913,57.8712,-66.5913,57.8712,-66.58736854586724,57.85285878995626,0.9207125419656681
uk40,2002-06-05,-66.5913,57.8712,-66.5913,57.8712,-66.60069288709391,57.817861418028144,2.5769976209990553
uk40,2002-06-06,-66.5913,57.8712,-66.5379,57.9994,-66.58747780379767,57.852815523742464,8.5100298541764
uk40,2002-06-07,-66.5379,57.9994,-66.5379,57.9994,-66.5253218182659,57.99422832997578,1.4172557089953592
uk40,2002-06-08,-66.5379,57.9994,-66.5379,57.9994,-66.54252877490394,57.97135998279927,1.3437364625362267
uk40,2002-06-09,-66.5379,57.9994,-66.5379,57.9994,-66.53409026889616,57.97895782215795,0.9993067917664066
uk40,2002-06-10,-66.5379,57.9994,-66.5379,57.9994,-66.5342360570925,57.98058085839932,0.9274834431685943
uk40,2002-06-11,-66.5379,57.9994,-66.5379,57.9994,-66.53253539043239,57.97350708253151,1.2923454545339195
uk40,2002-06-12,-66.5379,57.9994,-66.5379,57.9994,-66.53528104635704,57.98114110623257,0.8592435461830601
uk40,2002-06-13,-66.5379,57.9994,-66.5247,57.9319,-66.53473278800128,57.97818657013909,2.333756875073332
uk40,2002-06-14,-66.5247,57.9319,-66.5247,57.9319,-66.52006926312421,57.910339207151054,1.0850784965050906
uk40,2002-06-15,-66.5247,57.9319,-66.5247,57.9319,-66.52036854890666,57.903121534978766,1.362797220620521
uk40,2002-06-16,-66.5247,57.9319,-66.5247,57.9319,-66.52156267992967,57.91185465344478,0.9540320014692103
uk40,2002-06-17,-66.5247,57.9319,-66.5247,57.9319,-66.52180318380009,57.907423838237605,1.1310683914769084
uk40,2002-06-18,-66.5247,57.9319,-66.5247,57.9319,-66.52340263331205,57.898911953391035,1.4683443874614635
uk40,2002-06-19,-66.5247,57.9319,-66.5782,57.8997,-66.5208097906396,57.90637614927891,6.388334631214557
uk40,2002-06-20,-66.5782,57.8997,-66.5782,57.8997,-66.59699231650416,57.88280597106291,2.2189242974454833
uk40,2002-06-21,-66.5782,57.8997,-66.5782,57.8997,-66.57382541790055,57.87327717050533,1.2652270219315682
uk40,2002-06-22,-66.5782,57.8997,-66.5782,57.8997,-66.59377521282568,57.84062017334321,3.1327422583756284
uk40,2002-06-23,-66.5782,57.8997,-66.5782,57.8997,-66.58886448992303,57.84310606363948,2.767794292222334
uk40,2002-06-24,-66.5782,57.8997,-66.5782,57.8997,-66.57499250290196,57.881806558346256,0.8676305452121861
uk40,2002-06-25,-66.5782,57.8997,-66.5782,57.8997,-66.62324909040645,57.713264313711676,9.637071857326218
uk40,2002-06-26,-66.5782,57.8997,-66.5782,57.8997,-66.58545411893122,57.85823384548581,2.0021923286163377
uk40,2002-06-27,-66.5782,57.8997,-66.5782,57.8997,-66.57358986739683,57.87605695519392,1.164062153477779
uk40,2002-06-28,-66.5782,57.8997,-66.5782,57.8997,-66.57461428047978,57.876382627143045,1.1051259714686452
uk40,2002-06-29,-66.5782,57.8997,-66.5782,57.8997,-66.58620421890235,57.852645888327544,2.261906685389845
uk40,2002-06-30,-66.5782,57.8997,-66.5782,57.8997,-66.62267040366605,57.709593623351,9.743182047737546
uk40,2002-07-01,-66.5782,57.8997,-66.5782,57.8997,-66.57504197436052,57.87784836901179,1.0277479825308238
uk40,2002-07-02,-66.5782,57.8997,-66.5782,57.8997,-66.57423252171054,57.88051164288993,0.9560573318915982
uk40,2002-07-03,-66.5782,57.8997,-66.5782,57.8997,-66.5756891987963,57.879791302978276,0.9232278960815716
uk40,2002-07-04,-66.5782,57.8997,-66.5782,57.8997,-66.57468367183444,57.880736679000336,0.9249386849757439
uk40,2002-07-05,-66.5782,57.8997,-66.5782,57.8997,-66.57657653455122,57.87933725935355,0.9179803205008573
uk40,2002-07-06,-66.5782,57.8997,-66.5782,57.8997,-66.5749782493781,57.88180174289241,0.8684773661053286
uk40,2002-07-07,-66.5782,57.8997,-66.5782,57.8997,-66.5759061602717,57.88098502778283,0.8656631228412568
uk40,2002-07-08,-66.5782,57.8997,-66.5782,57.8997,-66.57408855153143,57.87742278819786,1.085676270609888
uk40,2002-07-09,-66.5782,57.8997,-66.5782,57.8997,-66.57545812347803,57.88197336433879,0.840780048496159
uk40,2002-07-10,-66.5782,57.8997,-66.5782,57.8997,-66.57478971271314,57.878550689013196,1.0088380944720796
uk40,2002-07-11,-66.5782,57.8997,-66.5782,57.8997,-66.57483232250652,57.880766419227086,0.9168711334766217
uk40,2002-07-12,-66.5782,57.8997,-66.5782,57.8997,-66.57509451974641,57.8819257564607,0.8582018138568978
uk40,2002-07-13,-66.5782,57.8997,-66.5782,57.8997,-66.57501739933085,57.87760130642559,1.038946298431301
uk40,2002-07-14,-66.5782,57.8997,-66.5782,57.8997,-66.57496142671488,57.88188564666865,0.8658767274568222
uk40,2002-07-15,-66.5782,57.8997,-66.5543,58.0177,-66.57423252171054,57.88051164288993,6.459246963833672
uk40,2002-07-16,-66.5543,58.0177,-66.5543,58.0177,-66.54539897132354,58.01954062239403,0.9930948003482926
uk40,2002-07-17,-66.5543,58.0177,-66.5543,58.0177,-66.57070946388124,57.9515522214771,3.4479313863326504
uk40,2002-07-18,-66.5543,58.0177,-66.5543,58.0177,-66.55167415534659,58.002963613867735,0.7143968811797721
uk40,2002-07-19,-66.5543,58.0177,-66.5543,58.0177,-66.55090376132556,57.9984296501529,0.9325117959489256
uk40,2002-07-20,-66.5543,58.0177,-66.5543,58.0177,-66.55552269453719,57.9874881325419,1.3435038604217302
uk40,2002-07-21,-66.5543,58.0177,-66.5543,58.0177,-66.55061533500962,57.99920188100478,0.9152821328984283
uk40,2002-07-22,-66.5543,58.0177,-66.5543,58.0177,-66.55892557062914,57.97787570039736,1.8352963238330178
uk40,2002-07-23,-66.5543,58.0177,-66.5543,58.0177,-66.58918014549002,57.927305763066784,5.569039287599728
uk40,2002-07-24,-66.5543,58.0177,-66.5543,58.0177,-66.55079257085238,57.99484497766181,1.0838306159996023
uk40,2002-07-25,-66.5543,58.0177,-66.5543,58.0177,-66.55790076746081,57.981453508444645,1.6527402125071422
uk40,2002-07-26,-66.5543,58.0177,-66.5543,58.0177,-66.60782255856925,57.78563433576349,11.857727677807775
uk40,2002-07-27,-66.5543,58.0177,-66.5543,58.0177,-66.55141026633518,57.99985315005307,0.85250486173364
uk40,2002-07-28,-66.5543,58.0177,-66.5543,58.0177,-66.55815707468938,57.98466098056397,1.5232320480087438
uk40,2002-07-29,-66.5543,58.0177,-66.5543,58.0177,-66.60257182471288,57.803071115069486,10.899686269170452
uk40,2002-07-30,-66.5543,58.0177,-66.5543,58.0177,-66.55807232397147,57.984741386603815,1.5171891760961036
uk40,2002-07-31,-66.5543,58.0177,-66.5543,58.0177,-66.56158018094692,57.9709759576952,2.2197481162015182
uk40,2002-08-01,-66.5543,58.0177,-66.5543,58.0177,-66.55079214097803,57.99958841628052,0.8912410270950134
uk40,2002-08-02,-66.5543,58.0177,-66.5543,58.0177,-66.55106927689347,57.99553565748775,1.044391640609797
uk40,2002-08-03,-66.5543,58.0177,-66.5543,58.0177,-66.57395049550472,57.934903403850115,4.264047532440689
uk40,2002-08-04,-66.5543,58.0177,-66.5543,58.0177,-66.60790336123998,57.782851382694275,11.968722058918223
uk40,2002-08-05,-66.5543,58.0177,-66.5543,58.0177,-66.55075780594163,57.99771690573601,0.9679227429065326
uk40,2002-08-06,-66.5543,58.0177,-66.5543,58.0177,-66.55117981441332,57.99570580903341,1.0331315765616707
uk40,2002-08-07,-66.5543,58.0177,-66.5543,58.0177,-66.56327452450684,57.964034449891386,2.5750785268571534
uk40,2002-08-08,-66.5543,58.0177,-66.5543,58.0177,-66.55203914371316,57.99660307167301,0.9666786368262071
uk40,2002-08-09,-66.5543,58.0177,-66.5543,58.0177,-66.55049193271375,57.9946216074994,1.1054321546756614
uk40,2002-08-10,-66.5543,58.0177,-66.5912,57.9519,-66.55179957756599,57.99777508545196,4.827826499033859
uk40,2002-08-11,-66.5912,57.9519,-66.5837,57.8533,-66.59785515388066,57.9377999542798,4.051237402796536
uk40,2002-08-12,-66.5837,57.8533,-66.5837,57.8533,-66.5781534324411,57.80712143336109,2.132008313666323
uk40,2002-08-13,-66.5837,57.8533,-66.5837,57.8533,-66.58076645006759,57.82760538290614,1.181432884466015
uk40,2002-08-14,-66.5837,57.8533,-66.5837,57.8533,-66.57916449336946,57.83031093452473,1.134262822993562
uk40,2002-08-15,-66.5837,57.8533,-66.5837,57.8533,-66.58083245681136,57.83523786433878,0.8595391305786008
uk40,2002-08-16,-66.5837,57.8533,-66.5837,57.8533,-66.58007637810438,57.8305579380974,1.0828021668992744
uk40,2002-08-17,-66.5837,57.8533,-66.5837,57.8533,-66.58058960516777,57.83484792900032,0.8857599384529271
uk40,2002-08-18,-66.5837,57.8533,-66.5837,57.8533,-66.58043410283074,57.83118136307954,1.0427623756106386
uk40,2002-08-19,-66.5837,57.8533,-66.5837,57.8533,-66.5846897512686,57.82400925380858,1.2989986844306336
uk40,2002-08-20,-66.5837,57.8533,-66.5837,57.8533,-66.5804983012881,57.829235158693905,1.121497762670301
uk40,2002-08-21,-66.5837,57.8533,-66.5837,57.8533,-66.58108775688063,57.82860512400475,1.1293149862397103
uk40,2002-08-22,-66.5837,57.8533,-66.5837,57.8533,-66.59220621960725,57.79700837825061,2.6608754314530976
uk40,2002-08-23,-66.5837,57.8533,-66.5837,57.8533,-66.58012988300645,57.82932744850322,1.131354406122954
uk40,2002-08-24,-66.5837,57.8533,-66.5837,57.8533,-66.5794912885468,57.82834258070454,1.1981358046429738
uk40,2002-08-25,-66.5837,57.8533,-66.5837,57.8533,-66.58095812347803,57.835573364338785,0.8406182437046992
uk40,2002-08-26,-66.5837,57.8533,-66.5837,57.8533,-66.6220433770214,57.71093457930513,7.5957258261334575
uk40,2002-08-27,-66.5837,57.8533,-66.5424,57.9118,-66.58685181663326,57.82246842422094,6.327600973383306
uk40,2002-08-28,-66.5424,57.9118,-66.5424,57.9118,-66.53680635393147,57.91211092411817,0.6221373407874109
uk40,2002-08-29,-66.5424,57.9118,-66.5424,57.9118,-66.54235007287332,57.88204789256841,1.3169424358483777
uk40,2002-08-30,-66.5424,57.9118,-66.5424,57.9118,-66.53889813203077,57.8925260310391,0.9378487170049103
uk40,2002-08-31,-66.5424,57.9118,-66.5424,57.9118,-66.54614950753275,57.87480967299177,1.6894472821100843
uk40,2002-09-01,-66.5424,57.9118,-66.5424,57.9118,-66.53837309612074,57.893279797671454,0.9341445757600526
uk40,2002-09-02,-66.5424,57.9118,-66.5424,57.9118,-66.56352520895514,57.827639902524,4.402645482315632
uk40,2002-09-03,-66.5424,57.9118,-66.5424,57.9118,-66.56562289436016,57.82229680310411,4.727434448538364
uk40,2002-09-04,-66.5424,57.9118,-66.5424,57.9118,-66.55155473338507,57.86180649488884,2.4354235655258902
uk40,2002-09-05,-66.5424,57.9118,-66.5424,57.9118,-66.59608349286982,57.67764720553137,11.950798507167933
uk40,2002-09-06,-66.5424,57.9118,-66.5424,57.9118,-66.54654516793246,57.876381978978316,1.6339495911226194
uk40,2002-09-07,-66.5424,57.9118,-66.5424,57.9118,-66.55153676497662,57.86159127159016,2.443248872625935
uk40,2002-09-08,-66.5424,57.9118,-66.5424,57.9118,-66.54680381056951,57.87098375347651,1.8716973681719073
uk40,2002-09-09,-66.5424,57.9118,-66.5424,57.9118,-66.53919830128811,57.887735158693886,1.1231760526177874
uk40,2002-09-10,-66.5424,57.9118,-66.5424,57.9118,-66.53555013582655,57.86430251057638,2.236391340851135
uk40,2002-09-11,-66.5424,57.9118,-66.5424,57.9118,-66.53882437669411,57.889163418299376,1.0780404115324236
uk40,2002-09-12,-66.5424,57.9118,-66.5424,57.9118,-66.53867527087255,57.892298520145744,0.9574792782116996
uk40,2002-09-13,-66.5424,57.9118,-66.5424,57.9118,-66.54590932468938,57.879940397230655,1.4631112952115841
uk40,2002-09-14,-66.5424,57.9118,-66.5424,57.9118,-66.55072345808996,57.865576763313044,2.245284726137549
uk40,2002-09-15,-66.5424,57.9118,-66.5424,57.9118,-66.53896945001091,57.89293936644242,0.917909829052798
uk40,2002-09-16,-66.5424,57.9118,-66.5424,57.9118,-66.58264173701336,57.74291776691794,8.707030604464125
uk40,2002-09-17,-66.5424,57.9118,-66.5424,57.9118,-66.54652066499877,57.87156094974614,1.8389662833753315
uk40,2002-09-18,-66.5424,57.9118,-66.5424,57.9118,-66.58466126636321,57.73692991564343,9.049523962324773
uk40,2002-09-19,-66.5424,57.9118,-66.5424,57.9118,-66.53989957756599,57.89187508545194,0.9247741944685931
uk40,2002-09-20,-66.5424,57.9118,-66.5424,57.9118,-66.5466035121516,57.87449176643389,1.7161284052320864
uk40,2002-09-21,-66.5424,57.9118,-66.5424,57.9118,-66.53933206551574,57.878592297639074,1.5090415751727728
uk40,2002-09-22,-66.5424,57.9118,-66.5424,57.9118,-66.5645225538121,57.826201166073275,4.515986851678284
uk40,2002-09-23,-66.5424,57.9118,-66.5424,57.9118,-66.58418869101499,57.73568095250744,9.069804246649387
uk40,2002-09-24,-66.5424,57.9118,-66.5424,57.9118,-66.59428259728783,57.68623288025742,11.522227959898974
uk40,2002-09-25,-66.5424,57.9118,-66.5424,57.9118,-66.55178408474315,57.84198740969359,3.261010614269333
uk40,2002-09-26,-66.5424,57.9118,-66.5424,57.9118,-66.53846854586723,57.89345878995624,0.9221183781769206
uk40,2002-09-27,-66.5424,57.9118,-66.5424,57.9118,-66.53785016857864,57.891544274338486,1.0295479828792946
uk40,2002-09-28,-66.5424,57.9118,-66.5424,57.9118,-66.53889466462786,57.8925207216173,0.9382227008930514
uk40,2002-09-29,-66.5424,57.9118,-66.5424,57.9118,-66.58775334040645,57.72199911926725,9.792055525448209
uk40,2002-09-30,-66.5424,57.9118,-66.5424,57.9118,-66.54945764580091,57.87077971322421,1.977799728234603
uk40,2002-10-01,-66.5424,57.9118,-66.5424,57.9118,-66.53943788199986,57.89307968004249,0.8917328285167162
uk40,2002-10-02,-66.5424,57.9118,-66.5424,57.9118,-66.53906630345446,57.88947551888327,1.0554606617262963
uk40,2002-10-03,-66.5424,57.9118,-66.5424,57.9118,-66.53921332716189,57.890005698520895,1.027766500521851
uk40,2002-10-04,-66.5424,57.9118,-66.5424,57.9118,-66.56666577817579,57.827160534467026,4.615462320898916
uk40,2002-10-05,-66.5424,57.9118,-66.5424,57.9118,-66.55072592347639,57.86563058572912,2.2432277920541885
uk40,2002-10-06,-66.5424,57.9118,-66.5424,57.9118,-66.59076758840723,57.69667762472841,10.927866006571227
uk40,2002-10-07,-66.5424,57.9118,-66.5424,57.9118,-66.54861319078633,57.874441908935495,1.7919278374830003
uk40,2002-10-08,-66.5424,57.9118,-66.5424,57.9118,-66.5706461692493,57.82752632553891,4.874801687849069
uk40,2002-10-09,-66.5424,57.9118,-66.5424,57.9118,-66.53952551498452,57.893749962016244,0.8605618598952018
uk40,2002-10-10,-66.5424,57.9118,-66.5424,57.9118,-66.53722144984678,57.88618515883206,1.2717501855409918
uk40,2002-10-11,-66.5424,57.9118,-66.5424,57.9118,-66.54000621482005,57.88948131620373,1.0231774337401967
uk40,2002-10-12,-66.5424,57.9118,-66.5424,57.9118,-66.53828855153144,57.88952278819784,1.0869644207045768
uk40,2002-10-13,-66.5424,57.9118,-66.5424,57.9118,-66.53975068099429,57.89125718797342,0.9558706541727724
uk40,2002-10-14,-66.5424,57.9118,-66.5424,57.9118,-66.53937373100399,57.89020792281579,1.013303432137384
uk40,2002-10-15,-66.5424,57.9118,-66.5424,57.9118,-66.53900376132556,57.89252965015288,0.9328851054997792
uk40,2002-10-16,-66.5424,57.9118,-66.5424,57.9118,-66.53965812347803,57.894073364338794,0.8418332011448286
uk40,2002-10-17,-66.5424,57.9118,-66.5424,57.9118,-66.53817570678677,57.88783378388422,1.1602500927799586
uk40,2002-10-18,-66.5424,57.9118,-66.5424,57.9118,-66.53922650218222,57.89382385533949,0.8704699552936134
uk40,2002-10-19,-66.5424,57.9118,-66.5424,57.9118,-66.54535627424143,57.88086409739182,1.4081531882497256
uk40,2002-10-20,-66.5424,57.9118,-66.5424,57.9118,-66.59340369243066,57.68918469383283,11.36048084396297
uk40,2002-10-21,-66.5424,57.9118,-66.5424,57.9118,-66.54102212871861,57.88454402628767,1.216164911164949
uk40,2002-10-22,-66.5424,57.9118,-66.5424,57.9118,-66.53928960516778,57.89334792900033,0.8870093099885413
uk40,2002-10-23,-66.5424,57.9118,-66.5424,57.9118,-66.53916256451141,57.89396326374663,0.8677584074671121
uk40,2002-10-24,-66.5424,57.9118,-66.5424,57.9118,-66.5371847307376,57.886965649736794,1.2429430550012657
uk40,2002-10-25,-66.5424,57.9118,-66.5424,57.9118,-66.54575475806001,57.8812744724782,1.40162395100997
uk40,2002-10-26,-66.5424,57.9118,-66.5424,57.9118,-66.54542960680706,57.881784164563044,1.3705680007045493
uk40,2002-10-27,-66.5424,57.9118,-66.5424,57.9118,-66.54720536424496,57.875485705389224,1.6937317625315373
uk40,2002-10-28,-66.5424,57.9118,-66.5424,57.9118,-66.54969204689327,57.870102307257355,2.0156886478146063
uk40,2002-10-29,-66.5424,57.9118,-66.5424,57.9118,-66.54232603745133,57.881026315181174,1.3621747525196415
uk40,2002-10-30,-66.5424,57.9118,-66.5424,57.9118,-66.54589421326145,57.87882689456748,1.5102345219299964
uk40,2002-10-31,-66.5424,57.9118,-66.5424,57.9118,-66.55604933540805,57.842143869340106,3.435772571076497
uk40,2002-11-01,-66.5424,57.9118,-66.5424,57.9118,-66.54522584959584,57.87332820747582,1.7315446571648567
uk40,2002-11-02,-66.5424,57.9118,-66.5424,57.9118,-66.53783734672129,57.89051488032706,1.0701451566771578
uk40,2002-11-03,-66.5424,57.9118,-66.5424,57.9118,-66.54652634598538,57.87557125185026,1.667829174061833
uk40,2002-11-04,-66.5424,57.9118,-66.5424,57.9118,-66.5371847307376,57.886965649736794,1.2429430550012657
uk40,2002-11-05,-66.5424,57.9118,-66.5424,57.9118,-66.53903917075338,57.89285168603314,0.9182581275682261
uk40,2002-11-06,-66.5424,57.9118,-66.5424,57.9118,-66.53926689297562,57.89351268603315,0.8812936301077198
uk40,2002-11-07,-66.5424,57.9118,-66.5424,57.9118,-66.53964774470836,57.8940895818651,0.8415832281918012
uk40,2002-11-08,-66.5424,57.9118,-66.5424,57.9118,-66.54439648292197,57.880677902868,1.3952883764826554
uk40,2002-11-09,-66.5424,57.9118,-66.5424,57.9118,-66.54719162470643,57.875481663408465,1.6934206388519506
uk40,2002-11-10,-66.5424,57.9118,-66.5424,57.9118,-66.55155473338507,57.86180649488884,2.4354235655258902
uk40,2002-11-11,-66.5424,57.9118,-66.5424,57.9118,-66.5458896987805,57.88039781684762,1.4430213690032787
uk40,2002-11-12,-66.5424,57.9118,-66.5424,57.9118,-66.54511192913978,57.87798125846092,1.5269238445854374
uk40,2002-11-13,-66.5424,57.9118,-66.5424,57.9118,-66.54588178997021,57.88045282453686,1.44044013399034
uk40,2002-11-14,-66.5424,57.9118,-66.5424,57.9118,-66.58962289869699,57.68898709468175,11.164928199576334
uk40,2002-11-15,-66.5424,57.9118,-66.5424,57.9118,-66.58811242636853,57.72656528685087,9.640469899688588
uk40,2002-11-16,-66.5424,57.9118,-66.5424,57.9118,-66.53927892730943,57.89296755861352,0.9029938596634952
uk40,2002-11-17,-66.5424,57.9118,-66.5424,57.9118,-66.53940859990259,57.89096867694275,0.9802796590470779
uk40,2002-11-18,-66.5424,57.9118,-66.5424,57.9118,-66.54798343477681,57.873430917951,1.8080889332943595
uk40,2002-11-19,-66.5424,57.9118,-66.5424,57.9118,-66.5456040655409,57.88098759685448,1.4095430101485174
uk40,2002-11-20,-66.5424,57.9118,-66.5424,57.9118,-66.54820052216877,57.87248572062941,1.8556785587417473
uk40,2002-11-21,-66.5424,57.9118,-66.5424,57.9118,-66.54702612470643,57.8762234967418,1.656485463751446
uk40,2002-11-22,-66.5424,57.9118,-66.5424,57.9118,-66.54533100711504,57.862955705670714,2.1863153657671885
uk40,2002-11-23,-66.5424,57.9118,-66.5424,57.9118,-66.5350953455737,57.876987000168015,1.7421060868953584
uk40,2002-11-24,-66.5424,57.9118,-66.5424,57.9118,-66.53843252171055,57.892611642889904,0.9571426246687817
uk40,2002-11-25,-66.5424,57.9118,-66.5424,57.9118,-66.53780426383241,57.891331443492106,1.0402625039036875
uk40,2002-11-26,-66.5424,57.9118,-66.5424,57.9118,-66.5371847307376,57.886965649736794,1.2429430550012657
uk40,2002-11-27,-66.5424,57.9118,-66.5424,57.9118,-66.53922528583536,57.89292148348622,0.9071823018040137
uk40,2002-11-28,-66.5424,57.9118,-66.5424,57.9118,-66.53881015439448,57.88849075825175,1.1063421096824992
uk40,2002-11-29,-66.5424,57.9118,-66.5424,57.9118,-66.53884780616437,57.88937021607475,1.0685706631361636
uk40,2002-11-30,-66.5424,57.9118,-66.5424,57.9118,-66.54941684634258,57.870602341238566,1.9832198984740677
uk40,2002-12-01,-66.5424,57.9118,-66.5424,57.9118,-66.53810587489123,57.892378409103685,0.9834350529128979
uk40,2002-12-02,-66.5424,57.9118,-66.5424,57.9118,-66.53806378824497,57.88639629728442,1.2235606650773396
uk40,2002-12-03,-66.5424,57.9118,-66.5424,57.9118,-66.53921635154936,57.89142888745039,0.9687504144218094
uk40,2002-12-04,-66.5424,57.9118,-66.5424,57.9118,-66.53921282672454,57.89061992588631,1.0023075426145271
uk40,2002-12-05,-66.5424,57.9118,-66.5424,57.9118,-66.55050405876533,57.86503241090978,2.257414794794088
uk40,2002-12-06,-66.5424,57.9118,-66.5424,57.9118,-66.57562565375575,57.815334599856726,5.644206719526561
uk40,2002-12-07,-66.5424,57.9118,-66.5424,57.9118,-66.54931641056828,57.85595143120639,2.588587806887255
uk40,2002-12-08,-66.5424,57.9118,-66.5424,57.9118,-66.53934356838157,57.88920323760482,1.0564311046842247
uk40,2002-12-09,-66.5424,57.9118,-66.5424,57.9118,-66.583417462249,57.75364078184123,8.350481050823646
uk40,2002-12-10,-66.5424,57.9118,-66.5424,57.9118,-66.60282099293848,57.65392151766582,13.233067530682852
uk40,2002-12-11,-66.5424,57.9118,-66.5424,57.9118,-66.53926138361979,57.88988415689056,1.030996513434746
uk40,2002-12-12,-66.5424,57.9118,-66.5424,57.9118,-66.54035969063588,57.890606260482855,0.9651879683858426
uk40,2002-12-13,-66.5424,57.9118,-66.5424,57.9118,-66.5483838158065,57.86929973242047,1.9951948683695366
uk40,2002-12-14,-66.5424,57.9118,-66.5424,57.9118,-66.53998146274728,57.889964275201606,1.0032852141070925
uk40,2002-12-15,-66.5424,57.9118,-66.5424,57.9118,-66.53852407082792,57.888682865956326,1.110376626073592
uk40,2002-12-16,-66.5424,57.9118,-66.5424,57.9118,-66.53885193224967,57.889362084966024,1.0687355862391386
uk40,2002-12-17,-66.5424,57.9118,-66.5424,57.9118,-66.53885193224967,57.889362084966024,1.0687355862391386
uk40,2002-12-18,-66.5424,57.9118,-66.5424,57.9118,-66.538735967368,57.88808934106086,1.1258931079843977
uk40,2002-12-19,-66.5424,57.9118,-66.5424,57.9118,-66.54736798547515,57.870994962508064,1.8885865197745235
uk40,2002-12-20,-66.5424,57.9118,-66.5424,57.9118,-66.56536195001092,57.8247484643189,4.620877481721943
uk40,2002-12-21,-66.5424,57.9118,-66.5424,57.9118,-66.55186119138816,57.85644249738985,2.6661809469304316
uk40,2002-12-22,-66.5424,57.9118,-66.5424,57.9118,-66.59627029299989,57.677088712991235,11.982533953530545
uk40,2002-12-23,-66.5424,57.9118,-66.5424,57.9118,-66.55152923674615,57.86155632080178,2.444308185482915
uk40,2002-12-24,-66.5424,57.9118,-66.5424,57.9118,-66.53884780616437,57.88937021607475,1.0685706631361636
uk40,2002-12-25,-66.5424,57.9118,-66.5424,57.9118,-66.53924766752438,57.89148759292206,0.9650611853216958
uk40,2002-12-26,-66.5424,57.9118,-66.5424,57.9118,-66.54083109145785,57.89275309968906,0.8609669643343918
uk40,2002-12-27,-66.5424,57.9118,-66.5424,57.9118,-66.53928180127149,57.89140435674793,0.96712723080106
uk40,2002-12-28,-66.5424,57.9118,-66.5424,57.9118,-66.53811736644292,57.88750523986147,1.1761760928871292
uk40,2002-12-29,-66.5424,57.9118,-66.5424,57.9118,-66.53965118165118,57.89408546201625,0.8416141928289532
uk40,2002-12-30,-66.5424,57.9118,-66.5424,57.9118,-66.53927981441332,57.88980580903342,1.033570508617198
uk42,2002-05-02,-64.0975,156.9567,-64.1047,156.9954,-64.08229897013275,156.9413560572425,3.619105085581705
uk42,2002-05-03,-64.1047,156.9954,-64.1105,157.147,-64.10848042633036,156.98729707365186,7.75739698590242
uk42,2002-05-04,-64.1105,157.147,-64.0645,157.1686,-64.10171501467387,157.21837303320024,4.7932624721908965
uk42,2002-05-05,-64.0645,157.1686,-64.0342,157.2342,-64.04298552420681,157.2177977601483,1.2616713383719238
uk42,2002-05-06,-64.0342,157.2342,-64.0306,157.4019,-64.0055325633504,157.31785876028766,4.9527316543174225
uk42,2002-05-07,-64.0306,157.4019,-64.0306,157.4019,-64.02010723185865,157.516749284132,5.713602743968905
uk42,2002-05-08,-64.0306,157.4019,-63.9933,157.4297,-64.01986297030648,157.43753356925856,2.978235799004376
uk42,2002-05-09,-63.9933,157.4297,-63.9933,157.4297,-63.9679877440461,157.44244969661816,2.8824839498589196
uk42,2002-05-10,-63.9933,157.4297,-63.9385,157.3179,-63.97903715458032,157.36471712168589,5.053817493797606
uk42,2002-05-11,-63.9385,157.3179,-63.9385,157.3179,-63.92406356753134,157.27294741928984,2.7206315155081096
uk42,2002-05-12,-63.9385,157.3179,-63.9271,157.1544,-63.91991363355537,157.27383066037248,5.891973515432671
uk42,2002-05-13,-63.9271,157.1544,-63.9271,157.1544,-63.92025590408578,157.1077618889551,2.4032439943605746
uk42,2002-05-14,-63.9271,157.1544,-63.9284,157.1179,-63.919341498347364,157.1235388614408,1.0442863614332003
uk42,2002-05-15,-63.9284,157.1179,-63.9316,157.194,-63.92273369778335,157.07935390866112,5.689019668106011
uk42,2002-05-16,-63.9316,157.194,-63.9316,157.194,-63.9273430872009,157.2129811751825,1.0413618566605225
uk42,2002-05-17,-63.9316,157.194,-63.9316,157.194,-63.91468404065955,157.23981614312999,2.92456815897835
uk42,2002-05-18,-63.9316,157.194,-63.9316,157.194,-63.923883651737206,157.1946089221227,0.8585346753041669
uk42,2002-05-19,-63.9316,157.194,-63.914,156.9978,-63.90224082842239,157.1253617250859,6.3739448525785445
uk42,2002-05-20,-63.914,156.9978,-63.914,156.9978,-63.90027668183356,156.90619249341682,4.732951020301076
uk42,2002-05-21,-63.914,156.9978,-63.914,156.9978,-63.904139802456726,156.98610867896957,1.236524002607658
uk42,2002-05-22,-63.914,156.9978,-63.914,156.9978,-63.8859638592627,156.99361537386767,3.1241904123509077
uk42,2002-05-23,-63.914,156.9978,-63.8634,157.0423,-63.888774019384165,156.99935901306134,3.518638464128913
uk42,2002-05-24,-63.8634,157.0423,-63.8679,156.8925,-63.840554799207304,157.05702367516227,8.615832112685457
uk42,2002-05-25,-63.8679,156.8925,-63.8262,156.5339,-63.85314080474467,156.82984624251117,14.814532274401982
uk42,2002-05-26,-63.8262,156.5339,-63.7985,156.3213,-63.80022645172679,156.39662044168824,3.7027854370440947
uk42,2002-05-27,-63.7985,156.3213,-63.7627,156.1523,-63.7760466010148,156.15802540000516,1.5105142498685176
uk42,2002-05-28,-63.7627,156.1523,-63.7774,155.8592,-63.746653667632906,156.0567133082601,10.293933599296164
uk42,2002-05-29,-63.7774,155.8592,-63.792,155.664,-63.78426095093454,155.69062603410106,1.565450059193062
uk42,2002-05-30,-63.792,155.664,-63.792,155.664,-63.80491909906396,155.51147697779686,7.624799062643251
uk42,2002-05-31,-63.792,155.664,-63.7909,155.4425,-63.785151994931,155.61913913855557,8.69897473059268
uk42,2002-06-01,-63.7909,155.4425,-63.74,155.1481,-63.78387926121925,155.34854927606062,10.995768318212322
uk42,2002-06-02,-63.74,155.1481,-63.74,155.1481,-63.703817324340626,154.98596342216837,8.938511050187017
uk42,2002-06-03,-63.74,155.1481,-63.8197,154.9306,-63.73091853732212,155.08210222658693,12.364219691454698
uk42,2002-06-04,-63.8197,154.9306,-63.8197,154.9306,-63.830423651260084,154.76854244122114,8.037790738956794
uk42,2002-06-05,-63.8197,154.9306,-63.9348,154.9163,-63.81963575787781,154.8436792340118,13.290085379607024
uk42,2002-06-06,-63.9348,154.9163,-63.9348,154.9163,-63.98251140593298,154.90529609237103,5.332392250775288
uk42,2002-06-07,-63.9348,154.9163,-64.0547,154.809,-63.91653910292284,154.95087210510752,16.848989776928814
uk42,2002-06-08,-64.0547,154.809,-64.0879,154.5135,-64.09041087013753,154.76190084340055,12.072788147347818
uk42,2002-06-09,-64.0879,154.5135,-64.1587,154.0044,-64.11908328578392,154.34324091463378,17.01466911819975
uk42,2002-06-10,-64.1587,154.0044,-64.1608,153.8415,-64.19165630126008,153.75391817905182,5.456049392448312
uk42,2002-06-11,-64.1608,153.8415,-64.1056,153.7017,-64.15378178291616,153.71911068721,5.4237564782400645
uk42,2002-06-12,-64.1056,153.7017,-63.9247,153.6026,-64.07295983293822,153.62869362410157,16.5347385712403
uk42,2002-06-13,-63.9247,153.6026,-63.8324,153.7213,-63.8201860404762,153.61743666137568,5.272160757971894
uk42,2002-06-14,-63.8324,153.7213,-63.7597,153.7767,-63.77939082656441,153.7191300267802,3.577597420184169
uk42,2002-06-15,-63.7597,153.7767,-63.6991,153.7408,-63.698616398472694,153.78047092999998,1.9552967175949119
uk42,2002-06-16,-63.6991,153.7408,-63.6333,153.4842,-63.66503468645957,153.7213862502083,12.226761759006271
uk42,2002-06-17,-63.6333,153.4842,-63.6333,153.4842,-63.59523828193264,153.3681227417515,7.128472451636772
uk42,2002-06-18,-63.6333,153.4842,-63.5226,153.5997,-63.6058817259728,153.4793353256298,11.011812602108483
uk42,2002-06-19,-63.5226,153.5997,-63.5785,153.4088,-63.49964921854948,153.58006695015746,12.201745450931245
uk42,2002-06-20,-63.5785,153.4088,-63.6074,153.255,-63.58791378994709,153.3426975351852,4.8474464406701685
uk42,2002-06-21,-63.6074,153.255,-63.5777,153.0873,-63.62186272910214,153.13744972390168,5.501137383760795
uk42,2002-06-22,-63.5777,153.0873,-63.5155,153.168,-63.55427906595653,152.9385205942126,12.16178242034122
uk42,2002-06-23,-63.5155,153.168,-63.5155,153.168,-63.48584363036196,153.1987048676957,3.6325079284625597
uk42,2002-06-24,-63.5155,153.168,-63.5155,153.168,-63.50093848206396,153.14548162889218,1.9670345999403955
uk42,2002-06-25,-63.5155,153.168,-63.5155,153.168,-63.50368945086069,153.1986413362962,2.0085686923004054
uk42,2002-06-26,-63.5155,153.168,-63.5056,153.5129,-63.45787914982283,153.20168274844383,16.336658946852065
uk42,2002-06-27,-63.5056,153.5129,-63.5056,153.5129,-63.50881761706349,153.67439852738096,8.01870025657708
uk42,2002-06-28,-63.5056,153.5129,-63.5056,153.5129,-63.48062567109529,153.67385428667092,8.456625835722667
uk42,2002-06-29,-63.5056,153.5129,-63.5056,153.5129,-63.491526968416295,153.55973421332857,2.801565440220896
uk42,2002-06-30,-63.5056,153.5129,-63.4464,153.331,-63.48335111842409,153.4911648182408,8.954622791241086
uk42,2002-07-01,-63.4464,153.331,-63.3629,153.2607,-63.43350302787191,153.30916009629533,8.213134921899652
uk42,2002-07-02,-63.3629,153.2607,-63.3629,153.2607,-63.30947439598805,153.22267318653098,6.236339692404903
uk42,2002-07-03,-63.3629,153.2607,-63.2934,153.142,-63.34897938614296,153.25665837219447,8.423913609053523
uk42,2002-07-04,-63.2934,153.142,-63.2934,153.142,-63.28034037703556,153.118253955594,1.875528400646041
uk42,2002-07-05,-63.2934,153.142,-63.2193,153.2096,-63.276550884997306,153.11043531429794,8.07226914803961
uk42,2002-07-06,-63.2193,153.2096,-63.163,153.0948,-63.197260899736484,153.21095811500481,6.96236062789717
uk42,2002-07-07,-63.163,153.0948,-63.163,153.0948,-63.12848429153546,153.02832313768442,5.087189898060811
uk42,2002-07-08,-63.163,153.0948,-63.2022,153.0606,-63.15489721705373,153.07687817736542,5.3228592676787585
uk42,2002-07-09,-63.2022,153.0606,-63.2145,153.174,-63.218302513350295,153.0848654034907,4.486225859779933
uk42,2002-07-10,-63.2145,153.174,-63.2143,153.1676,-63.211644542798545,153.18705431612824,1.018644789465818
uk42,2002-07-11,-63.2143,153.1676,-63.2139,153.1501,-63.207278030115226,153.19886233449893,2.5523390562737087
uk42,2002-07-12,-63.2139,153.1501,-63.2133,153.1243,-63.20433762718858,153.1674104321889,2.3794448680562628
uk42,2002-07-13,-63.2133,153.1243,-63.2125,153.093,-63.184702311154425,153.15923329752695,4.536701945002724
uk42,2002-07-14,-63.2125,153.093,-63.2117,153.059,-63.20014306883288,153.11769211838498,3.21036563062943
uk42,2002-07-15,-63.2117,153.059,-63.2108,153.025,-63.205031536877904,153.05257140695494,1.5235269638049795
uk42,2002-07-16,-63.2108,153.025,-63.21,152.9937,-63.201233821168316,153.00084762520464,1.0385134635527398
uk42,2002-07-17,-63.21,152.9937,-63.2094,152.9679,-63.1998683076364,152.9998863499166,1.9220277672571147
uk42,2002-07-18,-63.2094,152.9679,-63.209,152.9504,-63.19987540746814,152.96628415678458,1.2897364085053757
uk42,2002-07-19,-63.209,152.9504,-63.2088,152.944,-63.196164617030945,152.9421906890534,1.407915199562541
uk42,2002-07-20,-63.2088,152.944,-63.2088,152.944,-63.1952342651651,152.93509992295617,1.5730440944172315
uk42,2002-07-21,-63.2088,152.944,-63.2088,152.944,-63.196372294398124,152.95409708538568,1.471684342720054
uk42,2002-07-22,-63.2088,152.944,-63.2088,152.944,-63.18070557140232,152.95073612065437,3.1421660521067714
uk42,2002-07-23,-63.2088,152.944,-63.1915,152.8349,-63.19065501264707,152.9363432522723,5.088322271904007
uk42,2002-07-24,-63.1915,152.8349,-63.1592,152.6322,-63.18163234936254,152.81025717670138,9.27767110834429
uk42,2002-07-25,-63.1592,152.6322,-63.1419,152.5231,-63.139573653495674,152.4993543440603,1.2206564987489967
uk42,2002-07-26,-63.1419,152.5231,-63.2281,152.5509,-63.12622210834372,152.46036387370646,12.205161394227687
uk42,2002-07-27,-63.2281,152.5509,-63.3748,152.5561,-63.255337549972346,152.57868266396622,13.331398432022825
uk42,2002-07-28,-63.3748,152.5561,-63.3748,152.5561,-63.46119042217635,152.6258865920729,10.214505010758888
uk42,2002-07-29,-63.3748,152.5561,-63.3551,152.7486,-63.36837265144671,152.57447437290733,8.805577893572778
uk42,2002-07-30,-63.3551,152.7486,-63.3551,152.7486,-63.345046985454,152.80417173257064,2.988580376380849
uk42,2002-07-31,-63.3551,152.7486,-63.3847,152.9125,-63.3165567677208,152.87809388959943,7.769057565529498
uk42,2002-08-01,-63.3847,152.9125,-63.3231,152.8447,-63.3660767817548,152.93062294644932,6.419404354422895
uk42,2002-08-02,-63.3231,152.8447,-63.3231,152.8447,-63.29709256205837,152.82703643375578,3.023463295902029
uk42,2002-08-03,-63.3231,152.8447,-63.2433,152.8383,-63.31220835464325,152.84729194225622,7.675438846764542
uk42,2002-08-04,-63.2433,152.8383,-63.2526,152.9092,-63.203260507509924,152.843691938507,6.392580386302725
uk42,2002-08-05,-63.2526,152.9092,-63.2526,152.9092,-63.23066394163747,152.9559077198777,3.378965325140159
uk42,2002-08-06,-63.2526,152.9092,-63.2526,152.9092,-63.21228557885856,152.94898647709715,4.905615715691418
uk42,2002-08-07,-63.2526,152.9092,-63.1831,152.8073,-63.228047911880644,152.89406009948254,6.625161515034549
uk42,2002-08-08,-63.1831,152.8073,-63.1831,152.8073,-63.15417616486939,152.77212564526718,3.6688457537649697
uk42,2002-08-09,-63.1831,152.8073,-63.1831,152.8073,-63.16837799658342,152.79001012545575,1.8526921046816094
uk42,2002-08-10,-63.1831,152.8073,-63.1831,152.8073,-63.16910112906917,152.81427324347567,1.5954435829924987
uk42,2002-08-11,-63.1831,152.8073,-63.1831,152.8073,-63.17055671533097,152.8053096693696,1.398320297855045
uk42,2002-08-12,-63.1831,152.8073,-63.1831,152.8073,-63.17488006307807,152.8376752465117,1.7770567743865437
uk42,2002-08-13,-63.1831,152.8073,-63.117,152.7118,-63.16103229653012,152.82392624774775,7.463697195904304
uk42,2002-08-14,-63.117,152.7118,-63.117,152.7118,-63.09772854240178,152.70592103620356,2.163192288029151
uk42,2002-08-15,-63.117,152.7118,-63.0648,152.5779,-63.0983159117291,152.72490658972606,8.285794250821183
uk42,2002-08-16,-63.0648,152.5779,-63.0033,152.5566,-63.04917865511904,152.54976674485135,5.113102011026517
uk42,2002-08-17,-63.0033,152.5566,-63.0033,152.5566,-62.969361358636945,152.54950226514364,3.7907920093795275
uk42,2002-08-18,-63.0033,152.5566,-62.9568,152.5893,-62.98980215185188,152.57016062813886,3.7949583582873663
uk42,2002-08-19,-62.9568,152.5893,-62.9568,152.5893,-62.93150167880144,152.60151192722168,2.880055432939016
uk42,2002-08-20,-62.9568,152.5893,-62.9568,152.5893,-62.94314628835392,152.60105662665637,1.630473095336962
uk42,2002-08-21,-62.9568,152.5893,-62.9568,152.5893,-62.94477310587703,152.59761573466824,1.4018804706917498
uk42,2002-08-22,-62.9568,152.5893,-62.9568,152.5893,-62.94336268256034,152.60488523611502,1.6892709281923404
uk42,2002-08-23,-62.9568,152.5893,-62.9568,152.5893,-62.9323141051112,152.66745790400887,4.799943369056197
uk42,2002-08-24,-62.9568,152.5893,-62.8896,152.5394,-62.934774467284626,152.61403444144696,6.285932783699184
uk42,2002-08-25,-62.8896,152.5394,-62.8576,152.6335,-62.858116183413706,152.50269821199686,6.635439265974446
uk42,2002-08-26,-62.8576,152.6335,-62.837,152.7802,-62.8298987941214,152.6918277668633,4.555543965905775
uk42,2002-08-27,-62.837,152.7802,-62.6731,152.6563,-62.81066890098904,152.90097326042383,19.729698736059945
uk42,2002-08-28,-62.6731,152.6563,-62.5859,152.6963,-62.59602373822751,152.65147812936505,2.55560389261792
uk42,2002-08-29,-62.5859,152.6963,-62.4938,152.6772,-62.530358159176096,152.70928683158405,4.385983027370716
uk42,2002-08-30,-62.4938,152.6772,-62.5219,152.8246,-62.4608474781292,152.64820271990288,11.32089660311025
uk42,2002-08-31,-62.5219,152.8246,-62.4249,152.8506,-62.48630981518301,152.84081069959228,6.846988128518638
uk42,2002-09-01,-62.4249,152.8506,-62.4249,152.8506,-62.39411743367877,152.8551605409914,3.430913683410598
uk42,2002-09-02,-62.4249,152.8506,-62.4249,152.8506,-62.40442594827258,152.88235423675127,2.8029204706654003
uk42,2002-09-03,-62.4249,152.8506,-62.4396,153.0346,-62.411951235312166,152.88159929934204,8.454058101046643
uk42,2002-09-04,-62.4396,153.0346,-62.4895,152.9453,-62.4406744934634,153.0732845803177,8.529836772515326
uk42,2002-09-05,-62.4895,152.9453,-62.4895,152.9453,-62.51154011455856,152.96150265916356,2.5880923387831603
uk42,2002-09-06,-62.4895,152.9453,-62.4915,153.1188,-62.486249029671804,152.945684811096,8.910906520734446
uk42,2002-09-07,-62.4915,153.1188,-62.4915,153.1188,-62.48475084793513,153.16029972928948,2.2598646437841756
uk42,2002-09-08,-62.4915,153.1188,-62.5231,153.0001,-62.476522807498796,153.1256251402312,8.268117434736578
uk42,2002-09-09,-62.5231,153.0001,-62.5298,152.8486,-62.527483757623436,152.9717128928081,6.320299109646834
uk42,2002-09-10,-62.5298,152.8486,-62.4835,152.808,-62.52728416584744,152.7621723429438,5.407176024625899
uk42,2002-09-11,-62.4835,152.808,-62.4835,152.808,-62.460793337924244,152.78296212719238,2.8338428364513297
uk42,2002-09-12,-62.4835,152.808,-62.4364,152.8898,-62.45816565781518,152.816347046516,4.4867695661849964
uk42,2002-09-13,-62.4364,152.8898,-62.4364,152.8898,-62.40287099580443,152.93962362260743,4.525407299047888
uk42,2002-09-14,-62.4364,152.8898,-62.4572,152.9634,-62.40795855001845,152.9468315089639,5.541385516411585
uk42,2002-09-15,-62.4572,152.9634,-62.4572,152.9634,-62.45424928221514,153.00449870320085,2.1386263654631943
uk42,2002-09-16,-62.4572,152.9634,-62.4572,152.9634,-62.44883672017318,152.99169325991068,1.726783469260477
uk42,2002-09-17,-62.4572,152.9634,-62.552,152.9282,-62.4518346207851,152.9876126863054,11.548016524153757
uk42,2002-09-18,-62.552,152.9282,-62.6342,153.0089,-62.59402974597417,152.9360761820779,5.815969056714028
uk42,2002-09-19,-62.6342,153.0089,-62.5891,153.1732,-62.66953389398786,153.03470413972343,11.407012927264462
uk42,2002-09-20,-62.5891,153.1732,-62.5051,153.2354,-62.582780767191835,153.2235772546784,8.658948165696193
uk42,2002-09-21,-62.5051,153.2354,-62.4089,153.0937,-62.44510433525031,153.24943010488659,8.969554874089226
uk42,2002-09-22,-62.4089,153.0937,-62.4089,153.0937,-62.34439995160795,152.97201438757395,9.52877161167004
uk42,2002-09-23,-62.4089,153.0937,-62.3534,152.7495,-62.38969649607985,153.10943848412995,18.993985796458222
uk42,2002-09-24,-62.3534,152.7495,-62.3193,152.8558,-62.34589952481481,152.70713875777778,8.225830224446531
uk42,2002-09-25,-62.3193,152.8558,-62.2979,152.7046,-62.29354537443279,152.8871581275805,9.44983089999359
uk42,2002-09-26,-62.2979,152.7046,-62.2979,152.7046,-62.28464523501829,152.67760053992134,2.030015121728483
uk42,2002-09-27,-62.2979,152.7046,-62.2707,152.6899,-62.28866103402977,152.6810647771025,2.048791326841397
uk42,2002-09-28,-62.2707,152.6899,-62.2091,152.6494,-62.238658514984024,152.68334721722528,3.727897626812692
uk42,2002-09-29,-62.2091,152.6494,-62.1425,152.5888,-62.17191863798537,152.616877306179,3.5814747499097863
uk42,2002-09-30,-62.1425,152.5888,-62.0768,152.4332,-62.09779923720066,152.50692475771115,4.492161023846858
uk42,2002-10-01,-62.0768,152.4332,-62.0168,152.4605,-62.03032054897923,152.32631351450044,7.1591367465185245
uk42,2002-10-02,-62.0168,152.4605,-61.9473,152.4911,-61.97344428310338,152.46026419619568,3.3240383122121724
uk42,2002-10-03,-61.9473,152.4911,-61.9373,152.5775,-61.89077724017885,152.48337431922363,7.144300767609785
uk42,2002-10-04,-61.9373,152.5775,-61.8806,152.7588,-61.91341373378738,152.63265890007312,7.5477097368306145
uk42,2002-10-05,-61.8806,152.7588,-61.8806,152.7588,-61.83705098307944,152.8685449040263,7.521649187307201
uk42,2002-10-06,-61.8806,152.7588,-61.8052,152.7129,-61.8626229357763,152.7879836127746,7.50339426987425
uk42,2002-10-07,-61.8052,152.7129,-61.8488,152.8386,-61.76619384787167,152.69006157486115,12.052355172481981
uk42,2002-10-08,-61.8488,152.8386,-61.8923,152.9643,-61.83488132874779,152.89845607416225,7.258411100635393
uk42,2002-10-09,-61.8923,152.9643,-61.8923,152.9643,-61.909993763778516,153.10436842248737,7.594943301139713
uk42,2002-10-10,-61.8923,152.9643,-61.7564,153.1159,-61.87019866647652,153.01144261914044,13.792011480147965
uk42,2002-10-11,-61.7564,153.1159,-61.7,153.224,-61.71046429285714,153.16698077063495,3.222716611589148
uk42,2002-10-12,-61.7,153.224,-61.6396,153.3337,-61.662388039152326,153.30225501148323,3.029404933998403
uk42,2002-10-13,-61.6396,153.3337,-61.6062,153.2709,-61.59757441348663,153.4026692187054,7.034148683599901
uk42,2002-10-14,-61.6062,153.2709,-61.575,153.1413,-61.58428136007121,153.2350191835074,5.066019479832625
uk42,2002-10-15,-61.575,153.1413,-61.6269,153.1673,-61.55707704717044,153.06846145569415,9.360423573026042
uk42,2002-10-16,-61.6269,153.1673,-61.6562,153.2512,-61.65195957317879,153.17702731721374,3.944206062024111
uk42,2002-10-17,-61.6562,153.2512,-61.6562,153.2512,-61.65038134410111,153.29231811076306,2.2652372369754636
uk42,2002-10-18,-61.6562,153.2512,-61.5731,153.0955,-61.646069318319896,153.28631956997089,12.946688052132105
uk42,2002-10-19,-61.5731,153.0955,-61.5731,153.0955,-61.52804017499949,152.9906794190801,7.478934335152412
uk42,2002-10-20,-61.5731,153.0955,-61.6181,153.131,-61.556685788154134,153.04901853789852,8.090029640681301
uk42,2002-10-21,-61.6181,153.131,-61.6974,153.1378,-61.63638443392594,153.15500619423688,6.845113889534612
uk42,2002-10-22,-61.6974,153.1378,-61.6759,153.252,-61.756259950292375,153.17806524296276,9.74784037354693
uk42,2002-10-23,-61.6759,153.252,-61.6759,153.252,-61.67354033000446,153.2858938793387,1.807367646622793
uk42,2002-10-24,-61.6759,153.252,-61.7041,153.3133,-61.65685142635302,153.2933502007753,5.358158038541444
uk42,2002-10-25,-61.7041,153.3133,-61.6977,153.2435,-61.703046477168854,153.31472354358453,3.8013644466525425
uk42,2002-10-26,-61.6977,153.2435,-61.6977,153.2435,-61.69013537108501,153.21293982796243,1.8176708393381502
uk42,2002-10-27,-61.6977,153.2435,-61.6977,153.2435,-61.684753625684834,153.25412979757493,1.5448462323655983
uk42,2002-10-28,-61.6977,153.2435,-61.6576,153.2188,-61.6900574401972,153.27676876278548,4.730745210576774
uk42,2002-10-29,-61.6576,153.2188,-61.6576,153.2188,-61.63322272913852,153.18547208522375,3.231905116389994
uk42,2002-10-30,-61.6576,153.2188,-61.6576,153.2188,-61.64512638067124,153.2141439719245,1.4086208428468436
uk42,2002-10-31,-61.6576,153.2188,-61.6503,153.0371,-61.642969350113034,153.18998951490119,8.114735193714878
uk42,2002-11-01,-61.6503,153.0371,-61.6503,153.0371,-61.63403046376144,152.9892085992596,3.109757404458872
uk42,2002-11-02,-61.6503,153.0371,-61.6503,153.0371,-61.64183847996957,153.02042539714262,1.2886558845933478
uk42,2002-11-03,-61.6503,153.0371,-61.6503,153.0371,-61.639903428061885,153.05009903611625,1.3445057780034013
uk42,2002-11-04,-61.6503,153.0371,-61.6048,153.0471,-61.64243671649076,153.0540720376639,4.201199764668515
uk42,2002-11-05,-61.6048,153.0471,-61.6048,153.0471,-61.5808088120425,153.0603037061178,2.757620379315829
uk42,2002-11-06,-61.6048,153.0471,-61.6048,153.0471,-61.59295764884508,153.049880891901,1.3249977176294867
uk42,2002-11-07,-61.6048,153.0471,-61.6048,153.0471,-61.59693595871361,153.06589143113678,1.323735442263132
uk42,2002-11-08,-61.6048,153.0471,-61.6048,153.0471,-61.5943578646702,153.06641464774623,1.5464992700609301
uk42,2002-11-09,-61.6048,153.0471,-61.6048,153.0471,-61.59413655478537,153.05243950816384,1.2188853410894787
uk42,2002-11-10,-61.6048,153.0471,-61.6048,153.0471,-61.58109999729468,153.03414701695067,2.7229416433367355
uk42,2002-11-11,-61.6048,153.0471,-61.5522,152.962,-61.588237539389,153.05584612446523,6.382687410868327
uk42,2002-11-12,-61.5522,152.962,-61.5522,152.962,-61.51593464700086,152.91029587488129,4.875494963408829
uk42,2002-11-13,-61.5522,152.962,-61.5522,152.962,-61.54344309694896,152.9520461451396,1.1073386823842184
uk42,2002-11-14,-61.5522,152.962,-61.5522,152.962,-61.52952510069853,152.9503928147791,2.5952647152225046
uk42,2002-11-15,-61.5522,152.962,-61.5522,152.962,-61.51597094666284,153.01269542129683,4.842289461802124
uk42,2002-11-16,-61.5522,152.962,-61.4463,152.9865,-61.543014977278254,152.97923060260666,10.761131397024002
uk42,2002-11-17,-61.4463,152.9865,-61.3701,153.0721,-61.38140280838138,153.00176821761488,3.9517202308503974
uk42,2002-11-18,-61.3701,153.0721,-61.3701,153.0721,-61.30843690621422,153.11304284234745,7.195911862262657
uk42,2002-11-19,-61.3701,153.0721,-61.3701,153.0721,-61.347959030068424,153.1301097123649,3.9522733978507794
uk42,2002-11-20,-61.3701,153.0721,-61.3701,153.0721,-61.345120551550266,153.0700286948649,2.779781139218724
uk42,2002-11-21,-61.3701,153.0721,-61.3701,153.0721,-61.36005201634105,153.0781124041082,1.1623136034452193
uk42,2002-11-22,-61.3701,153.0721,-61.3701,153.0721,-61.36046021090098,153.0924344621842,1.5241650740588266
uk42,2002-11-23,-61.3701,153.0721,-61.3192,153.1258,-61.35147809508549,153.10143219277325,3.817248496519178
uk42,2002-11-24,-61.3192,153.1258,-61.3192,153.1258,-61.28500674492771,153.1626693207271,4.281541516230457
uk42,2002-11-25,-61.3192,153.1258,-61.2582,153.0954,-61.29598956801384,153.17039456905798,5.8066377605470905
uk42,2002-11-26,-61.2582,153.0954,-61.2582,153.0954,-61.22741997451556,153.06891533531143,3.704246426588756
uk42,2002-11-27,-61.2582,153.0954,-61.2582,153.0954,-61.24606387601272,153.0887771035592,1.3951830258720572
uk42,2002-11-28,-61.2582,153.0954,-61.2167,153.2851,-61.24476676632787,153.1192216891128,9.409802226524887
uk42,2002-11-29,-61.2167,153.2851,-61.2167,153.2851,-61.192963354412335,153.3384394674058,3.889494507742749
uk42,2002-11-30,-61.2167,153.2851,-61.2167,153.2851,-61.20517648528455,153.392600776005,5.897544173237064
uk42,2002-12-01,-61.2167,153.2851,-61.1631,153.2661,-61.182883057917195,153.34252265490204,4.650524963394055
uk42,2002-12-02,-61.1631,153.2661,-61.0637,153.2307,-61.12419027868288,153.26509430918065,6.975632419868436
uk42,2002-12-03,-61.0637,153.2307,-61.0101,153.2117,-61.013727421358766,153.1862108311493,1.4315621328239754
uk42,2002-12-04,-61.0101,153.2117,-61.0101,153.2117,-60.96571925265813,153.20738728525447,4.940391587454237
uk42,2002-12-05,-61.0101,153.2117,-61.0101,153.2117,-60.996806868490424,153.20228103424103,1.5628915338170128
uk42,2002-12-06,-61.0101,153.2117,-61.0309,153.1394,-60.99949998233792,153.2338971930999,6.173868447737081
uk42,2002-12-07,-61.0309,153.1394,-61.0516,153.0671,-61.03070783372884,153.1091120233284,3.2423505138110364
uk42,2002-12-08,-61.0516,153.0671,-60.9774,153.1025,-61.05705609431594,153.02824506530862,9.71900254958048
uk42,2002-12-09,-60.9774,153.1025,-61.0218,152.9879,-60.94735733951576,153.093961010003,10.061898388726869
uk42,2002-12-10,-61.0218,152.9879,-61.0549,152.9554,-61.023487863684906,153.00338474665193,4.344543669944479
uk42,2002-12-11,-61.0549,152.9554,-61.0075,152.9113,-61.07755088612788,152.94190972074534,7.961711366121193
uk42,2002-12-12,-61.0075,152.9113,-61.0075,152.9113,-60.9797433244512,152.88075329739593,3.4983795324735567
uk42,2002-12-13,-61.0075,152.9113,-61.0075,152.9113,-60.99856575952972,152.91189398879658,0.9939580366065474
uk42,2002-12-14,-61.0075,152.9113,-61.0075,152.9113,-60.98997685385009,152.91104473076427,1.9485335479335373
uk42,2002-12-15,-61.0075,152.9113,-60.9269,152.6258,-60.99691313480586,152.91638818061625,17.509783330455456
uk42,2002-12-16,-60.9269,152.6258,-60.9092,152.7823,-60.89231860291006,152.55679127248675,12.338396216512214
uk42,2002-12-17,-60.9092,152.7823,-60.8612,152.8961,-60.88037286639784,152.83600894358676,3.889009550172029
uk42,2002-12-18,-60.8612,152.8961,-60.824,152.9191,-60.81493901691282,153.0052383659845,4.7774018686510775
uk42,2002-12-19,-60.824,152.9191,-60.8051,152.9271,-60.78984521000993,152.95703927446334,2.3485103270533974
uk42,2002-12-20,-60.8051,152.9271,-60.8051,152.9271,-60.780349344789045,152.94564724280752,2.9303747386927106
uk42,2002-12-21,-60.8051,152.9271,-60.6954,153.0668,-60.76655877022133,152.95070238394055,10.121438548334517
uk42,2002-12-22,-60.6954,153.0668,-60.6954,153.0668,-60.64655111061428,153.0789572112244,5.4719595693636585
uk42,2002-12-23,-60.6954,153.0668,-60.6276,152.996,-60.66920239668105,153.09351145478013,7.046027796306275
uk42,2002-12-24,-60.6276,152.996,-60.6276,152.996,-60.5920943327098,152.9066375508205,6.274302003340745
uk42,2002-12-25,-60.6276,152.996,-60.6276,152.996,-60.614701016268796,152.983148584599,1.5964613881853595
uk42,2002-12-26,-60.6276,152.996,-60.6044,153.0652,-60.604236710794375,153.01339777906867,2.8273563798693204
uk42,2002-12-27,-60.6044,153.0652,-60.546,153.1562,-60.57993604027469,153.12534948698578,4.133013910542555
uk42,2002-12-28,-60.546,153.1562,-60.3781,153.1882,-60.50089769230809,153.23246352014576,13.868699526258114
uk42,2002-12-29,-60.3781,153.1882,-60.3595,153.3052,-60.30117619216035,153.20261639914622,8.598858820068816
uk42,2002-12-30,-60.3595,153.3052,-60.3595,153.3052,-60.3255340585804,153.40459882390599,6.646390118457644
uk45,2002-05-02,-62.5003,-54.0557,-62.4962,-54.1109,-62.4851250934518,-54.14776043119281,2.258445195149162
uk45,2002-05-03,-62.4962,-54.1109,-62.4448,-54.0126,-62.487743587242385,-54.14529870414219,8.326323105553914
uk45,2002-05-04,-62.4448,-54.0126,-62.4629,-54.0187,-62.413421862567446,-54.00713720458694,5.533788877285297
uk45,2002-05-05,-62.4629,-54.0187,-62.4171,-53.9731,-62.46154663751924,-53.98638432220605,4.989274272664783
uk45,2002-05-06,-62.4171,-53.9731,-62.3607,-54.0556,-62.39810614921505,-53.952488066282015,6.749504292214118
uk45,2002-05-07,-62.3607,-54.0556,-62.3281,-54.1454,-62.31673806454676,-54.075830563616634,3.808865214218952
uk45,2002-05-08,-62.3281,-54.1454,-62.2974,-54.3219,-62.29189752696607,-54.19652201570403,6.510512654873322
uk45,2002-05-09,-62.2974,-54.3219,-62.2695,-54.6604,-62.27099626362389,-54.423344884290316,12.266161891398577
uk45,2002-05-10,-62.2695,-54.6604,-62.2236,-54.8816,-62.2479263422341,-54.79275856767211,5.337960317905049
uk45,2002-05-11,-62.2236,-54.8816,-62.2236,-54.8816,-62.1939325585066,-55.02163670752242,7.974496885498558
uk45,2002-05-12,-62.2236,-54.8816,-62.1966,-55.437,-62.1772825188487,-55.09779308730785,17.729397018361627
uk45,2002-05-13,-62.1966,-55.437,-62.2481,-55.732,-62.19878481917989,-55.58115751428571,9.548241683150222
uk45,2002-05-14,-62.2481,-55.732,-62.2481,-55.732,-62.25615076455027,-55.91733040767197,9.636283551362325
uk45,2002-05-15,-62.2481,-55.732,-62.2924,-56.1335,-62.246167350117695,-55.80952670343615,17.533225158987513
uk45,2002-05-16,-62.2924,-56.1335,-62.2924,-56.1335,-62.30977291984127,-56.224964899206356,5.106934589074698
uk45,2002-05-17,-62.2924,-56.1335,-62.2924,-56.1335,-62.28616448021213,-56.19052982207185,3.0292305158409296
uk45,2002-05-18,-62.2924,-56.1335,-62.2481,-56.1494,-62.2864901933012,-56.100589120124624,4.960008122241882
uk45,2002-05-19,-62.2481,-56.1494,-62.1787,-56.2179,-62.21306633923891,-56.17441982076761,4.437190032304259
uk45,2002-05-20,-62.1787,-56.2179,-62.1787,-56.2179,-62.129506277061196,-56.24484444852425,5.64627218302359
uk45,2002-05-21,-62.1787,-56.2179,-62.144,-56.3493,-62.13820510488889,-56.229822630302834,6.241502719199507
uk45,2002-05-22,-62.144,-56.3493,-62.144,-56.3493,-62.114629842744165,-56.377243950060546,3.574276998746028
uk45,2002-05-23,-62.144,-56.3493,-62.1048,-56.5043,-62.13581072050484,-56.36536247163073,8.00502840078074
uk45,2002-05-24,-62.1048,-56.5043,-62.1391,-56.3485,-62.07244832425096,-56.53560862213948,12.234051401892055
uk45,2002-05-25,-62.1391,-56.3485,-62.0663,-56.4087,-62.116001632854555,-56.32784984865209,6.946222774764735
uk45,2002-05-26,-62.0663,-56.4087,-62.1168,-56.5314,-62.03916174936629,-56.34386517230348,13.033768921159274
uk45,2002-05-27,-62.1168,-56.5314,-62.1168,-56.5314,-62.12350360803066,-56.58993621488173,3.1336456753928665
uk45,2002-05-28,-62.1168,-56.5314,-62.1168,-56.5314,-62.11919233400157,-56.53905480135063,0.478759964673823
uk45,2002-05-29,-62.1168,-56.5314,-62.1168,-56.5314,-62.11071506937496,-56.501186965690124,1.7107991827251263
uk45,2002-05-30,-62.1168,-56.5314,-62.1029,-56.5247,-62.112409688411454,-56.511644356015665,1.2567326594208807
uk45,2002-05-31,-62.1029,-56.5247,-62.1029,-56.5247,-62.081623291634756,-56.51150113890972,2.4635699330962244
uk45,2002-06-01,-62.1029,-56.5247,-62.1029,-56.5247,-62.09660939068532,-56.510368094523926,1.0224329596632886
uk45,2002-06-02,-62.1029,-56.5247,-62.1029,-56.5247,-62.09537399059197,-56.484378524100464,2.2587851946476785
uk45,2002-06-03,-62.1029,-56.5247,-62.1282,-56.7391,-62.097611724341824,-56.50382617898592,12.700331573325764
uk45,2002-06-04,-62.1282,-56.7391,-62.0602,-56.7825,-62.138401594188565,-56.78883531062539,8.701866499595884
uk45,2002-06-05,-62.0602,-56.7825,-61.9681,-56.8799,-62.02090740442333,-56.80532033195938,7.045737081332163
uk45,2002-06-06,-61.9681,-56.8799,-61.8776,-56.8198,-61.89370943351501,-56.92681801640815,5.88675801343959
uk45,2002-06-07,-61.8776,-56.8198,-61.8776,-56.8198,-61.82755999890024,-56.81964278671305,5.564200362751088
uk45,2002-06-08,-61.8776,-56.8198,-61.8073,-57.0905,-61.853978612471586,-56.77786871090855,17.212133969827875
uk45,2002-06-09,-61.8073,-57.0905,-61.7309,-57.0651,-61.78400570567765,-57.164578892765576,7.891054680633653
uk45,2002-06-10,-61.7309,-57.0651,-61.7874,-57.2767,-61.67750825730089,-57.10015259611632,15.354148167415662
uk45,2002-06-11,-61.7874,-57.2767,-61.7874,-57.2767,-61.78922091504329,-57.3049423494228,1.4983098915500899
uk45,2002-06-12,-61.7874,-57.2767,-61.6968,-57.5795,-61.78870026351121,-57.30141794201552,17.852941481969438
uk45,2002-06-13,-61.6968,-57.5795,-61.6968,-57.5795,-61.652910668650804,-57.64995344523808,6.134623660889322
uk45,2002-06-14,-61.6968,-57.5795,-61.594,-57.3882,-61.67411474464332,-57.67782310424022,17.704854333742958
uk45,2002-06-15,-61.594,-57.3882,-61.4161,-57.4106,-61.55442082169759,-57.3473644434622,15.742602779910962
uk45,2002-06-16,-61.4161,-57.4106,-61.2669,-57.5503,-61.296418346586584,-57.45896501584369,5.881136850036105
uk45,2002-06-17,-61.2669,-57.5503,-61.2669,-57.5503,-61.156046007459736,-57.56376496128263,12.347472074835215
uk45,2002-06-18,-61.2669,-57.5503,-61.1824,-57.3273,-61.24780265479289,-57.51913428450982,12.585271989482226
uk45,2002-06-19,-61.1824,-57.3273,-61.1824,-57.3273,-61.143710099745626,-57.31232158363858,4.376477312571289
uk45,2002-06-20,-61.1824,-57.3273,-61.1824,-57.3273,-61.127638421393875,-57.187756788669475,9.649644392535969
uk45,2002-06-21,-61.1824,-57.3273,-61.1824,-57.3273,-61.15490709756322,-57.23661859203493,5.743661182503737
uk45,2002-06-22,-61.1824,-57.3273,-61.0213,-57.2273,-61.16324501855863,-57.22655950833632,15.783616112603386
uk45,2002-06-23,-61.0213,-57.2273,-61.0213,-57.2273,-60.960807685846554,-57.1810314074074,7.1742475403080785
uk45,2002-06-24,-61.0213,-57.2273,-61.0213,-57.2273,-60.98662095887275,-57.148389135363345,5.741200778607419
uk45,2002-06-25,-61.0213,-57.2273,-60.877,-56.7671,-61.029578808809966,-57.22780187150127,30.107556550613438
uk45,2002-06-26,-60.877,-56.7671,-60.877,-56.7671,-60.83754476753248,-56.67059873044734,6.823084063884233
uk45,2002-06-27,-60.877,-56.7671,-60.9018,-56.4639,-60.824994045153964,-56.65441737899599,13.391425464710952
uk45,2002-06-28,-60.9018,-56.4639,-60.9018,-56.4639,-60.89030314510582,-56.40051699722221,3.6586644906335297
uk45,2002-06-29,-60.9018,-56.4639,-60.8718,-56.0692,-60.876555526598935,-56.35176280946294,15.301938099633919
uk45,2002-06-30,-60.8718,-56.0692,-60.8718,-56.0692,-60.831783417460315,-55.954131744709,7.657542584064554
uk45,2002-07-01,-60.8718,-56.0692,-60.8718,-56.0692,-60.82669331063547,-55.97186284701269,7.276841234516048
uk45,2002-07-02,-60.8718,-56.0692,-60.7625,-55.6177,-60.838838036432534,-55.963763167912134,20.60254770069146
uk45,2002-07-03,-60.7625,-55.6177,-60.7625,-55.6177,-60.674566642496394,-55.42806949271284,14.211436898265646
uk45,2002-07-04,-60.7625,-55.6177,-60.7452,-54.7766,-60.72616222391415,-55.42994626236316,35.57647025408453
uk45,2002-07-05,-60.7452,-54.7766,-60.5662,-54.5506,-60.717637617857136,-54.496732048148175,17.093237970463058
uk45,2002-07-06,-60.5662,-54.5506,-60.5662,-54.5506,-60.46685307619048,-54.454480946428575,12.235369454052892
uk45,2002-07-07,-60.5662,-54.5506,-60.5093,-54.751,-60.509329410588485,-54.58317986249945,9.18634946169206
uk45,2002-07-08,-60.5093,-54.751,-60.5093,-54.751,-60.49950845607867,-54.74748180946014,1.1056761049393193
uk45,2002-07-09,-60.5093,-54.751,-60.4697,-54.4152,-60.47338576699306,-54.81799934598317,22.078407381924894
uk45,2002-07-10,-60.4697,-54.4152,-60.2987,-54.3884,-60.44110927222223,-54.35330868849206,15.9522639172398
uk45,2002-07-11,-60.2987,-54.3884,-60.2987,-54.3884,-60.20512358448692,-54.35176404390707,10.59973798974466
uk45,2002-07-12,-60.2987,-54.3884,-60.0157,-54.3849,-60.23504980464602,-54.323771727437176,24.624447167097212
uk45,2002-07-13,-60.0157,-54.3849,-60.0157,-54.3849,-59.955639809508256,-54.425566843199505,7.051049413082385
uk45,2002-07-14,-60.0157,-54.3849,-60.0157,-54.3849,-59.969814861705515,-54.28320257126177,7.616785964229636
uk45,2002-07-15,-60.0157,-54.3849,-60.0157,-54.3849,-60.001479996759016,-54.30208411780879,4.867157480906589
uk45,2002-07-16,-60.0157,-54.3849,-60.0157,-54.3849,-59.98692421238586,-54.308890497160576,5.300502532596832
uk45,2002-07-17,-60.0157,-54.3849,-60.249,-53.9905,-60.000073587819834,-54.331046776933704,33.49512299465766
uk46,2002-05-02,-66.9047,-55.4728,-66.8788,-55.4607,-66.88582966926083,-55.47547834253501,1.013539121985766
uk46,2002-05-03,-66.8788,-55.4607,-66.814,-55.5014,-66.8514951415677,-55.46765800865154,4.422850064529236
uk46,2002-05-04,-66.814,-55.5014,-66.814,-55.5014,-66.78486411723883,-55.50320324026515,3.2407251855363364
uk46,2002-05-05,-66.814,-55.5014,-66.787,-55.5431,-66.79455392059837,-55.52408691275343,1.1830886179599758
uk46,2002-05-06,-66.787,-55.5431,-66.787,-55.5431,-66.77224898983177,-55.56639677475252,1.9322338624239337
uk46,2002-05-07,-66.787,-55.5431,-66.6452,-55.6235,-66.77763589782627,-55.543010477689194,15.145358421693254
uk46,2002-05-08,-66.6452,-55.6235,-66.4903,-55.5507,-66.62263065714285,-55.61793607817461,15.012112179522047
uk46,2002-05-09,-66.4903,-55.5507,-66.2943,-55.4932,-66.38947176519218,-55.53395748673154,10.73774175263698
uk46,2002-05-10,-66.2943,-55.4932,-66.1968,-55.5476,-66.16271649908386,-55.48548813832022,4.7057177554965754
uk46,2002-05-11,-66.1968,-55.5476,-66.1557,-55.5617,-66.14331539130444,-55.5664998059558,1.3939128747174676
uk46,2002-05-12,-66.1557,-55.5617,-66.1147,-55.5757,-66.10475535658698,-55.62113541069297,2.3257621264387307
uk46,2002-05-13,-66.1147,-55.5757,-65.9434,-55.543,-66.08087139162927,-55.61764910775625,15.654169467456791
uk46,2002-05-14,-65.9434,-55.543,-65.9434,-55.543,-65.8470804964995,-55.4969153597294,10.912797860185893
uk46,2002-05-15,-65.9434,-55.543,-65.9434,-55.543,-65.92089522225278,-55.54945493103523,2.5194786663761706
uk46,2002-05-16,-65.9434,-55.543,-65.9434,-55.543,-65.93211444039342,-55.56676317479071,1.6539259136944597
uk46,2002-05-17,-65.9434,-55.543,-65.8694,-55.6513,-65.93361484971138,-55.555034155433006,8.371806059942818
uk46,2002-05-18,-65.8694,-55.6513,-65.8694,-55.6513,-65.8541142725887,-55.66654592252138,1.8356409027168559
uk46,2002-05-19,-65.8694,-55.6513,-65.8193,-55.7681,-65.85862987388478,-55.660199323864475,6.575841712125087
uk46,2002-05-20,-65.8193,-55.7681,-65.8193,-55.7681,-65.80375485973504,-55.76026870963649,1.7649816008208412
uk46,2002-05-21,-65.8193,-55.7681,-65.779,-56.0143,-65.80681342034805,-55.79401900630475,10.508857581592801
uk46,2002-05-22,-65.779,-56.0143,-65.779,-56.0143,-65.75051790157065,-56.03709849981473,3.333641527477131
uk46,2002-05-23,-65.779,-56.0143,-65.779,-56.0143,-65.76930730149881,-56.04745028311184,1.8572613012644588
uk46,2002-05-24,-65.779,-56.0143,-65.779,-56.0143,-65.77277558043659,-56.01206817579225,0.6995739833387018
uk46,2002-05-25,-65.779,-56.0143,-65.779,-56.0143,-65.76787796647709,-56.00102242308016,1.3771332169143993
uk46,2002-05-26,-65.779,-56.0143,-65.6312,-55.6426,-65.77208172875545,-56.017254094308754,23.2220387282827
uk46,2002-05-27,-65.6312,-55.6426,-65.5631,-55.3942,-65.55908007227033,-55.55086334834054,7.220967527159903
uk46,2002-05-28,-65.5631,-55.3942,-65.417,-55.1219,-65.51525335584766,-55.2855841325744,13.28450440952342
uk46,2002-05-29,-65.417,-55.1219,-65.2617,-54.9189,-65.32446006924603,-55.00344261521164,8.008750259613144
uk46,2002-05-30,-65.2617,-54.9189,-65.1733,-54.8464,-65.16331314601594,-54.744363735629946,4.892458918451333
uk46,2002-05-31,-65.1733,-54.8464,-65.0731,-54.7561,-65.11491821338785,-54.832344204757675,5.86255189677758
uk46,2002-06-01,-65.0731,-54.7561,-64.9833,-54.7388,-64.9957264811959,-54.7201484531293,1.6364923186906821
uk46,2002-06-02,-64.9833,-54.7388,-64.9046,-54.6704,-64.92648643981714,-54.736109314322675,3.939295929664058
uk46,2002-06-03,-64.9046,-54.6704,-64.7673,-54.5844,-64.85274908294878,-54.672438410355156,10.374919960919675
uk46,2002-06-04,-64.7673,-54.5844,-64.6822,-54.5336,-64.6729890086019,-54.55638038647079,1.4909112360857955
uk46,2002-06-05,-64.6822,-54.5336,-64.6822,-54.5336,-64.63117028836997,-54.52230019502761,5.699676564700299
uk46,2002-06-06,-64.6822,-54.5336,-64.5984,-54.5369,-64.66372426116365,-54.507670599539594,7.396000294855096
uk46,2002-06-07,-64.5984,-54.5369,-64.5984,-54.5369,-64.57347202361774,-54.53581110161102,2.772351513703963
uk46,2002-06-08,-64.5984,-54.5369,-64.5326,-54.4753,-64.57356174531876,-54.53546307403772,5.3859167609829095
uk46,2002-06-09,-64.5326,-54.4753,-64.4499,-54.445,-64.51245898980349,-54.465640830446716,7.026163403631257
uk46,2002-06-10,-64.4499,-54.445,-64.2877,-54.1964,-64.39908189256721,-54.4296365887964,16.717755798553316
uk46,2002-06-11,-64.2877,-54.1964,-64.161,-54.1407,-64.20410565218253,-54.141800704894166,4.793426203332777
uk46,2002-06-12,-64.161,-54.1407,-64.0455,-54.2007,-64.08136063031851,-54.143477952635976,4.862616986755667
uk46,2002-06-13,-64.0455,-54.2007,-63.9411,-54.2075,-63.97238766997055,-54.20845293039076,3.479341203984586
uk46,2002-06-14,-63.9411,-54.2075,-63.7916,-54.0016,-63.87369030439762,-54.27289812697481,16.133894057848757
uk46,2002-06-15,-63.7916,-54.0016,-63.8277,-54.3372,-63.72347002539683,-53.96779907817462,21.535394035302037
uk46,2002-06-16,-63.8277,-54.3372,-63.8277,-54.3372,-63.798275130026454,-54.40486835066139,4.661672969287932
uk46,2002-06-17,-63.8277,-54.3372,-63.8277,-54.3372,-63.78122914215226,-54.4999998995209,9.516243860699657
uk46,2002-06-18,-63.8277,-54.3372,-63.8277,-54.3372,-63.799793057600866,-54.365440586402656,3.3984677383455444
uk46,2002-06-19,-63.8277,-54.3372,-63.8277,-54.3372,-63.80355257994172,-54.30615917203632,3.0869536061137786
uk46,2002-06-20,-63.8277,-54.3372,-63.8277,-54.3372,-63.804390594330705,-54.31530243462342,2.8057508958113333
uk46,2002-06-21,-63.8277,-54.3372,-63.8277,-54.3372,-63.812290196965264,-54.323758579329706,1.8359961716666124
uk46,2002-06-22,-63.8277,-54.3372,-63.9487,-54.7513,-63.81230887219304,-54.30994584819888,26.397059021618684
uk46,2002-06-23,-63.9487,-54.7513,-63.911,-54.5498,-63.956318545238105,-54.76612174351851,11.70934298092938
uk46,2002-06-24,-63.911,-54.5498,-63.8702,-54.544,-63.884687181878306,-54.51511386441797,2.1435975288976805
uk46,2002-06-25,-63.8702,-54.544,-63.8702,-54.544,-63.83927219476036,-54.50706494834333,3.886126436729665
uk46,2002-06-26,-63.8702,-54.544,-63.9159,-54.3609,-63.851538219987276,-54.49974685481918,9.869473563598767
uk46,2002-06-27,-63.9159,-54.3609,-63.7725,-54.0847,-63.90473660027418,-54.324613079624825,18.829542003895973
uk46,2002-06-28,-63.7725,-54.0847,-63.6783,-53.8636,-63.68657059553317,-53.99023270696986,6.3100916331258565
uk46,2002-06-29,-63.6783,-53.8636,-63.6288,-53.7074,-63.612812158346756,-53.73296847227083,2.1808612291543574
uk46,2002-06-30,-63.6288,-53.7074,-63.5997,-53.8521,-63.584393917870635,-53.57360653068764,13.87764307133193
uk46,2002-07-01,-63.5997,-53.8521,-63.5815,-53.5908,-63.57257418310525,-53.84928489241199,12.828556291510695
uk46,2002-07-02,-63.5815,-53.5908,-63.5153,-53.5172,-63.55415701851852,-53.57338664695767,5.140120567797295
uk46,2002-07-03,-63.5153,-53.5172,-63.519,-53.4051,-63.47255358340361,-53.511080280812834,7.370889928434016
uk46,2002-07-04,-63.519,-53.4051,-63.5574,-53.49,-63.507899882163855,-53.33456464572818,9.467494847188394
uk46,2002-07-05,-63.5574,-53.49,-63.4183,-53.4552,-63.560427104711195,-53.53268331878817,16.26500174146
uk46,2002-07-06,-63.4183,-53.4552,-63.2709,-53.6829,-63.34678313091348,-53.44713979920243,14.486450660727138
uk46,2002-07-07,-63.2709,-53.6829,-63.1928,-53.6439,-63.18635165924036,-53.79156782250567,7.440663223784131
uk46,2002-07-08,-63.1928,-53.6439,-63.1928,-53.6439,-63.14180241815036,-53.69984994354854,6.327930576289339
uk46,2002-07-09,-63.1928,-53.6439,-63.1558,-53.7124,-63.16390292625857,-53.61388992745937,5.027083518064564
uk46,2002-07-10,-63.1558,-53.7124,-63.1435,-53.5919,-63.13022567804139,-53.71929754848642,6.569020083437845
uk46,2002-07-11,-63.1435,-53.5919,-63.0645,-53.4735,-63.1342555869512,-53.576036018309196,9.31521620909359
uk46,2002-07-12,-63.0645,-53.4735,-62.9733,-53.2716,-63.01670713235636,-53.40730985035617,8.38131570225784
uk46,2002-07-13,-62.9733,-53.2716,-62.8956,-53.4148,-62.906486839032894,-53.20205735084812,10.843721258387129
uk46,2002-07-14,-62.8956,-53.4148,-62.7108,-53.6865,-62.816437655837284,-53.555303699213226,13.511230994700375
uk46,2002-07-15,-62.7108,-53.6865,-62.5193,-53.9345,-62.6010561031746,-53.759272965476214,12.777361349216637
uk46,2002-07-16,-62.5193,-53.9345,-62.4279,-54.0289,-62.37989066018519,-53.99759274272486,5.576648044634448
uk46,2002-07-17,-62.4279,-54.0289,-62.3453,-54.2146,-62.3654330657441,-54.11876309199988,5.427695885586601
uk46,2002-07-18,-62.3453,-54.2146,-62.3302,-54.4486,-62.27631924403048,-54.327742972448604,8.655063616768858
uk46,2002-07-19,-62.3302,-54.4486,-62.355,-54.9649,-62.31974930217144,-54.63727010794828,17.361748328179143
uk46,2002-07-20,-62.355,-54.9649,-62.3657,-55.2441,-62.3643215276165,-55.24848353125796,0.2731475613113463
uk46,2002-07-21,-62.3657,-55.2441,-62.3434,-55.3952,-62.35198084197514,-55.447992126280326,2.8866468588311758
uk46,2002-07-22,-62.3434,-55.3952,-62.308,-55.4665,-62.32990098843181,-55.45894469418134,2.4663527694481955
uk46,2002-07-23,-62.308,-55.4665,-62.308,-55.4665,-62.27924763339393,-55.49200887447452,3.458431749421869
uk46,2002-07-24,-62.308,-55.4665,-62.3122,-55.779,-62.30607048354513,-55.45328644850494,16.84417132324463
uk46,2002-07-25,-62.3122,-55.779,-62.2536,-56.0074,-62.31058403644527,-55.83781097106656,10.820285363434627
uk46,2002-07-26,-62.2536,-56.0074,-62.2704,-56.081,-62.216127192901546,-56.16127208390266,7.328002622439074
uk46,2002-07-27,-62.2704,-56.081,-62.2305,-56.1069,-62.25037340913639,-56.11529694326744,2.252206906962946
uk46,2002-07-28,-62.2305,-56.1069,-62.2305,-56.1069,-62.19206650536343,-56.12503313339701,4.375773647735319
uk46,2002-07-29,-62.2305,-56.1069,-62.2011,-55.8886,-62.224579343034755,-56.08347967191787,10.434037517459654
uk46,2002-07-30,-62.2011,-55.8886,-62.2238,-55.6571,-62.17756621986427,-55.81548188741468,9.689712557503467
uk46,2002-07-31,-62.2238,-55.6571,-62.153,-55.3744,-62.22501917572359,-55.53230779145437,11.456015270262213
uk46,2002-08-01,-62.153,-55.3744,-62.0916,-55.1127,-62.117922559505,-55.171476689021716,4.232825300299501
uk46,2002-08-02,-62.0916,-55.1127,-62.0888,-54.8429,-62.05104434565009,-54.93686700542514,6.448041319810697
uk46,2002-08-03,-62.0888,-54.8429,-62.0881,-54.5133,-62.08795930956192,-54.70845136342585,10.158017428199635
uk46,2002-08-04,-62.0881,-54.5133,-62.1004,-54.2694,-62.07755459304795,-54.28966494319411,2.7505793240897782
uk46,2002-08-05,-62.1004,-54.2694,-61.9903,-53.9966,-62.08265429194585,-54.07600478826916,11.072500267111405
uk46,2002-08-06,-61.9903,-53.9966,-61.8307,-53.6764,-61.913922551748165,-53.85056131188168,12.999546290370183
uk46,2002-08-07,-61.8307,-53.6764,-61.6988,-53.7255,-61.73785834552136,-53.57090268495146,9.230516506338347
uk46,2002-08-08,-61.6988,-53.7255,-61.5814,-54.0192,-61.60758616706494,-53.747867473336015,14.644886945929807
uk46,2002-08-09,-61.5814,-54.0192,-61.6653,-54.1212,-61.50086842853887,-54.06389601424095,18.53369311526481
uk46,2002-08-10,-61.6653,-54.1212,-61.715,-54.2733,-61.70541058065802,-54.17104989707269,5.492942312941691
uk46,2002-08-11,-61.715,-54.2733,-61.8506,-54.4516,-61.74407211125228,-54.37152027546006,12.570649872854817
uk46,2002-08-12,-61.8506,-54.4516,-61.9436,-54.4785,-61.93812950289147,-54.54987891070742,3.7826441307861978
uk46,2002-08-13,-61.9436,-54.4785,-61.9755,-54.2866,-61.98811729113982,-54.466054080663895,9.478018485625066
uk46,2002-08-14,-61.9755,-54.2866,-61.9594,-54.1056,-61.963231353434246,-54.17120086578828,3.455264855443562
uk46,2002-08-15,-61.9594,-54.1056,-61.8651,-54.0209,-61.929429989735,-53.94910926093925,8.081321697796094
uk46,2002-08-16,-61.8651,-54.0209,-61.809,-53.9604,-61.81810925962915,-54.009950424632905,2.7926564077017635
uk46,2002-08-17,-61.809,-53.9604,-61.7495,-53.9267,-61.759797902528916,-53.90287600481676,1.6979170677280158
uk46,2002-08-18,-61.7495,-53.9267,-61.649,-53.8476,-61.704178761515585,-53.890755397439875,6.544386364355692
uk46,2002-08-19,-61.649,-53.8476,-61.6496,-54.203,-61.58395084578827,-53.84217336608256,20.421912153487074
uk46,2002-08-20,-61.6496,-54.203,-61.6522,-54.3392,-61.61012853333333,-54.341218483597885,4.679349037186863
uk46,2002-08-21,-61.6522,-54.3392,-61.7491,-54.3961,-61.66468393730714,-54.41578498702816,9.44379933743454
uk46,2002-08-22,-61.7491,-54.3961,-61.8225,-54.5129,-61.7803702571496,-54.406255584460666,7.303671856571935
uk46,2002-08-23,-61.8225,-54.5129,-61.9399,-54.5346,-61.859297777696696,-54.5603601170838,9.063538852358691
uk46,2002-08-24,-61.9399,-54.5346,-61.9912,-54.3666,-61.99919281711931,-54.531786944647536,8.670259838119419
uk46,2002-08-25,-61.9912,-54.3666,-61.9559,-54.1324,-61.98602929140739,-54.25788125200114,7.363055212981135
uk46,2002-08-26,-61.9559,-54.1324,-61.8554,-53.9559,-61.9293380212832,-54.013813336841764,8.763460569521255
uk46,2002-08-27,-61.8554,-53.9559,-61.8185,-53.8418,-61.79480717930018,-53.83929126378362,2.6378159291225884
uk46,2002-08-28,-61.8185,-53.8418,-61.8185,-53.8418,-61.78823836127942,-53.758456963325216,5.522382602513494
uk46,2002-08-29,-61.8185,-53.8418,-61.7831,-53.667,-61.8004254864981,-53.82554704112337,8.552917287414957
uk46,2002-08-30,-61.7831,-53.667,-61.7398,-53.6913,-61.76933686094925,-53.636693233011556,4.363982306425437
uk46,2002-08-31,-61.7398,-53.6913,-61.7274,-53.8322,-61.70761710368364,-53.655357715450776,9.573316641868193
uk46,2002-09-01,-61.7274,-53.8322,-61.7176,-54.0202,-61.7137082982826,-53.926894493073476,4.935224208920125
uk46,2002-09-02,-61.7176,-54.0202,-61.7008,-54.1362,-61.71138846664485,-54.14579775066919,1.281453811583626
uk46,2002-09-03,-61.7008,-54.1362,-61.7675,-54.3206,-61.68425297109659,-54.179718961415176,11.863766772757218
uk46,2002-09-04,-61.7675,-54.3206,-61.948,-54.2986,-61.78267981539935,-54.44428970776758,19.906786355632207
uk46,2002-09-05,-61.948,-54.2986,-62.0461,-54.1352,-62.01153871924965,-54.22290271010766,5.9741457589982625
uk46,2002-09-06,-62.0461,-54.1352,-61.9738,-53.7647,-62.0636786734127,-53.93563761984127,13.394422292967842
uk46,2002-09-07,-61.9738,-53.7647,-61.9068,-53.6513,-61.94913723774465,-53.594106020184455,5.578425599238717
uk46,2002-09-08,-61.9068,-53.6513,-61.8891,-53.343,-61.8685911468338,-53.64349094771177,15.913072745554498
uk46,2002-09-09,-61.8891,-53.343,-61.7681,-52.9048,-61.89006785650191,-53.22634501513312,21.653053878276236
uk46,2002-09-10,-61.7681,-52.9048,-61.66,-52.7886,-61.68406582967229,-52.70636509440604,5.0978663288890935
uk46,2002-09-11,-61.66,-52.7886,-61.5864,-52.999,-61.60754906691302,-52.81853268938376,9.830725018891798
uk46,2002-09-12,-61.5864,-52.999,-61.6266,-53.3042,-61.54693399484127,-53.15917650912698,11.719602284717672
uk46,2002-09-13,-61.6266,-53.3042,-61.6488,-53.4643,-61.635261949411806,-53.39813993567945,3.8047288357868894
uk46,2002-09-14,-61.6488,-53.4643,-61.6488,-53.4643,-61.65981181859168,-53.530265249130395,3.6915726803268787
uk46,2002-09-15,-61.6488,-53.4643,-61.6488,-53.4643,-61.633996379022726,-53.46975413660971,1.6711035364482607
uk46,2002-09-16,-61.6488,-53.4643,-61.6488,-53.4643,-61.62957024410783,-53.46750397693458,2.1449379637305968
uk46,2002-09-17,-61.6488,-53.4643,-61.7026,-53.2899,-61.635775683410664,-53.46529656945292,11.869134374476964
uk46,2002-09-18,-61.7026,-53.2899,-61.7393,-53.1569,-61.70538365768157,-53.250753165206845,6.2181998426679135
uk46,2002-09-19,-61.7393,-53.1569,-61.7006,-52.9552,-61.74203322351796,-53.042004081777435,6.491273153957229
uk46,2002-09-20,-61.7006,-52.9552,-61.6702,-52.9093,-61.670667970145004,-52.823175159106256,4.54482274269721
uk46,2002-09-21,-61.6702,-52.9093,-61.6702,-52.9093,-61.64150561857355,-52.88193054700754,3.50257681468365
uk46,2002-09-22,-61.6702,-52.9093,-61.6549,-52.8315,-61.658094970913815,-52.89880909986243,3.5709983475428975
uk46,2002-09-23,-61.6549,-52.8315,-61.6807,-52.9031,-61.63869158282573,-52.775131296421435,8.212621842931396
uk46,2002-09-24,-61.6807,-52.9031,-61.7052,-52.8293,-61.68337788374292,-52.91806001546459,5.2716161881809835
uk46,2002-09-25,-61.7052,-52.8293,-61.6857,-52.7823,-61.71602698400008,-52.789119475249265,3.3913137799174073
uk46,2002-09-26,-61.6857,-52.7823,-61.6892,-52.8627,-61.66844103656174,-52.743177377911664,6.71435255583835
uk46,2002-09-27,-61.6892,-52.8627,-61.6561,-52.8028,-61.680833677060555,-52.89647091224302,5.65662253276825
uk46,2002-09-28,-61.6561,-52.8028,-61.6561,-52.8028,-61.630289282200685,-52.77760686990935,3.163436741046532
uk46,2002-09-29,-61.6561,-52.8028,-61.6086,-52.8835,-61.63975710837086,-52.79106577933808,5.98862628942119
uk46,2002-09-30,-61.6086,-52.8835,-61.5945,-52.7988,-61.58235232401907,-52.94488564324452,7.846062122374667
uk46,2002-10-01,-61.5945,-52.7988,-61.5979,-52.879,-61.5785613611537,-52.72443825583184,8.455416717102802
uk46,2002-10-02,-61.5979,-52.879,-61.6322,-52.8997,-61.583503194054934,-52.89065773163564,5.435903313012592
uk46,2002-10-03,-61.6322,-52.8997,-61.6286,-52.8224,-61.65176413558118,-52.91821380666127,5.678503016758237
uk46,2002-10-04,-61.6286,-52.8224,-61.5798,-52.691,-61.62235465572638,-52.78155470670686,6.732386136033473
uk46,2002-10-05,-61.5798,-52.691,-61.554,-52.7961,-61.545897612419886,-52.59654885201148,10.609028148618517
uk46,2002-10-06,-61.554,-52.7961,-61.5263,-52.995,-61.52091030272296,-52.83681999393107,8.407672513747787
uk46,2002-10-07,-61.5263,-52.995,-61.542,-53.0957,-61.50660345902116,-53.118295523575625,4.114178516148862
uk46,2002-10-08,-61.542,-53.0957,-61.5944,-53.2747,-61.55101768277783,-53.1144077897858,9.76024598442641
uk46,2002-10-09,-61.5944,-53.2747,-61.6492,-53.2825,-61.61528178315484,-53.389241106678554,6.784291702747973
uk46,2002-10-10,-61.6492,-53.2825,-61.6826,-53.4917,-61.690673795139915,-53.33213082501709,8.463273518007716
uk46,2002-10-11,-61.6826,-53.4917,-61.6826,-53.4917,-61.69954947545403,-53.58326936934077,5.1833690545250874
uk46,2002-10-12,-61.6826,-53.4917,-61.6826,-53.4917,-61.68485902838348,-53.51842232974158,1.4316515834926962
uk46,2002-10-13,-61.6826,-53.4917,-61.6313,-53.5584,-61.66860282744169,-53.49223526332261,5.42312292779146
uk46,2002-10-14,-61.6313,-53.5584,-61.5907,-53.6479,-61.59819057536992,-53.58875209317674,3.2376858518594673
uk46,2002-10-15,-61.5907,-53.6479,-61.5619,-53.6633,-61.54736350310233,-53.70379818382645,2.685808409141895
uk46,2002-10-16,-61.5619,-53.6633,-61.613,-53.9838,-61.52579742120684,-53.68098004450252,18.735408879870675
uk46,2002-10-17,-61.613,-53.9838,-61.6756,-54.1584,-61.632830014113665,-54.02183618355072,8.637069377586645
uk46,2002-10-18,-61.6756,-54.1584,-61.7725,-54.3686,-61.705513755450035,-54.207652294947266,11.282116047284585
uk46,2002-10-19,-61.7725,-54.3686,-61.8812,-54.3976,-61.821937362173195,-54.501105980632104,8.538436589776806
uk46,2002-10-20,-61.8812,-54.3976,-61.9336,-54.3076,-61.93296425199852,-54.3794062396433,3.757362334365255
uk46,2002-10-21,-61.9336,-54.3076,-62.0118,-54.4015,-61.95792282270551,-54.22545304498101,10.974209137632606
uk46,2002-10-22,-62.0118,-54.4015,-62.0118,-54.4015,-62.04836873289621,-54.411624202453936,4.100393186347298
uk46,2002-10-23,-62.0118,-54.4015,-62.0588,-54.5863,-62.016874935429904,-54.420785273415675,9.808310003496562
uk46,2002-10-24,-62.0588,-54.5863,-62.0879,-54.4489,-62.07996637582267,-54.59153511408488,7.477656425847868
uk46,2002-10-25,-62.0879,-54.4489,-62.103,-54.2437,-62.081796242539944,-54.4227205409515,9.61071881280778
uk46,2002-10-26,-62.103,-54.2437,-62.103,-54.2437,-62.09635139152422,-54.0955479477458,7.7440119910428145
uk59,2002-07-04,-59.9292,-55.4698,-59.9292,-55.4698,-59.91803788725531,-55.453434423063015,1.5402012053088237
uk59,2002-07-05,-59.9292,-55.4698,-59.9292,-55.4698,-59.90356679413675,-55.524130343765194,4.158662662265757
uk59,2002-07-06,-59.9292,-55.4698,-59.9213,-55.275,-59.95023941535472,-55.338520415254635,4.782829719219833
uk59,2002-07-07,-59.9213,-55.275,-59.9213,-55.275,-59.914043683465614,-55.1271532862434,8.279757973754341
uk59,2002-07-08,-59.9213,-55.275,-59.9213,-55.275,-59.91970508762519,-55.13668291027297,7.710591145368426
uk59,2002-07-09,-59.9213,-55.275,-59.9213,-55.275,-59.93586225501121,-55.29838189909076,2.0782690605308645
uk59,2002-07-10,-59.9213,-55.275,-59.8761,-55.0692,-59.920530805716815,-55.14196268063331,6.393314976788232
uk59,2002-07-11,-59.8761,-55.0692,-59.7559,-54.5545,-59.85388817453633,-54.97936965246916,26.13988042508806
uk59,2002-07-12,-59.7559,-54.5545,-59.5841,-53.8856,-59.694886728463196,-54.26267613661615,24.5127873581537
uk59,2002-07-13,-59.5841,-53.8856,-59.3837,-53.2166,-59.49766773489975,-53.47657119434001,19.406421550955898
uk59,2002-07-14,-59.3837,-53.2166,-59.178,-52.7019,-59.26652623531746,-52.8126829202381,11.688955236340497
uk59,2002-07-15,-59.178,-52.7019,-58.9902,-52.4961,-59.056929180158726,-52.47881234722222,7.485617801050438
uk59,2002-07-16,-58.9902,-52.4961,-58.8076,-52.5044,-58.88208233769842,-52.353238819841266,12.008809993456442
uk59,2002-07-17,-58.8076,-52.5044,-58.7836,-52.5245,-58.685651968366464,-52.560499531496504,11.087702420881605
uk59,2002-07-18,-58.7836,-52.5245,-58.7003,-52.1997,-58.740768823788436,-52.472101575338996,16.357895946822367
uk59,2002-07-19,-58.7003,-52.1997,-58.7107,-52.1158,-58.67188535137085,-52.126070746969674,4.35660312123756
uk59,2002-07-20,-58.7107,-52.1158,-58.7237,-52.0736,-58.691714416516554,-52.00202316572555,5.453347901323684
uk59,2002-07-21,-58.7237,-52.0736,-58.6597,-52.1605,-58.744080941555296,-52.01301551533574,12.673428303712694
uk59,2002-07-22,-58.6597,-52.1605,-58.6597,-52.1605,-58.625536916247256,-52.204884105015836,4.585436631744349
uk59,2002-07-23,-58.6597,-52.1605,-58.8036,-52.3499,-58.672021290198714,-52.11928420415299,19.777701137546476
uk59,2002-07-24,-58.8036,-52.3499,-58.853,-52.1559,-58.85294507142858,-52.4115858165344,14.705510271346958
uk59,2002-07-25,-58.853,-52.1559,-58.8668,-51.9355,-58.84892925661376,-51.97010572751324,2.812283947873573
uk59,2002-07-26,-58.8668,-51.9355,-58.8331,-51.8699,-58.86011241546666,-51.7690514823864,6.532732248793257
uk59,2002-07-27,-58.8331,-51.8699,-58.8331,-51.8699,-58.80390222411882,-51.80839069377464,4.804224196390074
uk59,2002-07-28,-58.8331,-51.8699,-58.7547,-51.7597,-58.84993215286659,-51.785628765648,10.694126472655485
uk59,2002-07-29,-58.7547,-51.7597,-58.7305,-51.8275,-58.706280012803276,-51.6756650520868,9.170900889501851
uk59,2002-07-30,-58.7305,-51.8275,-58.7305,-51.8275,-58.70551448776173,-51.84291276495392,2.917304820286349
uk59,2002-07-31,-58.7305,-51.8275,-58.7305,-51.8275,-58.73984221047914,-51.74573451257288,4.831642878614824
uk59,2002-08-01,-58.7305,-51.8275,-58.6474,-51.6206,-58.74115347647963,-51.71499664509028,11.7654034633697
uk59,2002-08-02,-58.6474,-51.6206,-58.5942,-51.6921,-58.616537329100524,-51.572330597089945,7.368831442362724
uk59,2002-08-03,-58.5942,-51.6921,-58.5792,-51.8027,-58.548127556734144,-51.70356818379406,6.707387836686106
uk59,2002-08-04,-58.5792,-51.8027,-58.5012,-51.598,-58.56419115383398,-51.81067911518886,14.193601849366065
uk59,2002-08-05,-58.5012,-51.598,-58.386,-51.2126,-58.44642164919432,-51.509283427729656,18.538452124360802
uk59,2002-08-06,-58.386,-51.2126,-58.2042,-50.9744,-58.34560523712677,-50.998300474213295,15.785526135044908
uk59,2002-08-07,-58.2042,-50.9744,-58.0583,-51.108,-58.08999684277297,-50.81916670862054,17.345882904855294
uk59,2002-08-08,-58.0583,-51.108,-57.9628,-51.1261,-57.94766370748837,-51.180080758570426,3.602142161925914
uk59,2002-08-09,-57.9628,-51.1261,-57.9628,-51.1261,-57.88356868618407,-51.15628957037677,8.988675461462662
uk59,2002-08-10,-57.9628,-51.1261,-57.6884,-51.0515,-57.93903963662346,-50.98651758054035,28.134375263972906
uk59,2002-08-11,-57.6884,-51.0515,-57.4925,-51.0352,-57.61308105277778,-51.051761325661374,13.444355296896642
uk59,2002-08-12,-57.4925,-51.0352,-57.2451,-50.987,-57.322736833633144,-51.045605714088055,9.323668348768019
uk59,2002-08-13,-57.2451,-50.987,-57.039,-51.0935,-57.085434246316645,-50.99098710037646,8.066797937905399
uk59,2002-08-14,-57.039,-51.0935,-57.039,-51.0935,-56.86051455369235,-51.15325583095006,20.174789486530948
uk59,2002-08-15,-57.039,-51.0935,-56.729,-50.5735,-56.97643645136884,-50.88857788377612,33.52588848755557
uk59,2002-08-16,-56.729,-50.5735,-56.6804,-50.1197,-56.68545331203703,-50.52789290013229,24.937183424595926
uk59,2002-08-17,-56.6804,-50.1197,-56.6849,-49.7888,-56.64582993670652,-49.80056851079581,4.403506589219384
uk59,2002-08-18,-56.6849,-49.7888,-56.2764,-49.5664,-56.673507863150036,-49.51404582005088,44.27327942695079
uk59,2002-08-19,-56.2764,-49.5664,-56.3828,-48.9901,-56.04771469074075,-49.47876634338624,47.97130542727728
uk59,2002-08-20,-56.3828,-48.9901,-56.1818,-48.9001,-56.394174892063496,-48.71923665264549,26.12007860068722
uk59,2002-08-21,-56.1818,-48.9001,-56.1368,-48.702,-56.10211846031746,-48.8897758857143,12.261888345448646
uk59,2002-08-22,-56.1368,-48.702,-56.3525,-48.3102,-56.112478867866336,-48.50311499760451,29.23128376575258
uk59,2002-08-23,-56.3525,-48.3102,-56.2867,-48.267,-56.436591907142855,-48.04493442301589,21.56141082105915
uk59,2002-08-24,-56.2867,-48.267,-56.4282,-48.2301,-56.305793957492796,-48.27225890965346,13.856372966625795
uk59,2002-08-25,-56.4282,-48.2301,-56.6479,-48.2316,-56.48786505621765,-48.15033418196782,18.478382256251646
uk59,2002-08-26,-56.6479,-48.2316,-56.7617,-47.9793,-56.813709547640656,-48.16970033211055,12.95860773921345
uk59,2002-08-27,-56.7617,-47.9793,-56.6985,-47.6045,-56.79171354191919,-47.76048960862195,14.067674814842594
uk59,2002-08-28,-56.6985,-47.6045,-56.4444,-47.176,-56.61881056356838,-47.30839888316547,21.024426202873798
uk59,2002-08-29,-56.4444,-47.176,-56.3326,-47.1412,-56.21593491785715,-46.91930614920636,18.866733752504196
uk59,2002-08-30,-56.3326,-47.1412,-56.3326,-47.1412,-56.234530679245424,-47.14108116697204,10.904813394057339
uk59,2002-08-31,-56.3326,-47.1412,-56.3326,-47.1412,-56.285693019861704,-47.07281734754244,6.707874915868194
uk59,2002-09-01,-56.3326,-47.1412,-56.3326,-47.1412,-56.302942130921615,-47.04977496331588,6.531592750060113
uk59,2002-09-02,-56.3326,-47.1412,-56.179,-46.7815,-56.318362827431095,-46.96047126317154,19.03648714927716
uk59,2002-09-03,-56.179,-46.7815,-55.9174,-46.1301,-56.13031661440597,-46.634071208670036,39.25909842680288
uk59,2002-09-04,-55.9174,-46.1301,-55.5943,-45.7629,-55.78468844126984,-45.77902407380952,21.19433753795159
uk59,2002-09-05,-55.5943,-45.7629,-55.3954,-45.0202,-55.41302359140211,-45.668291755952396,40.96377511700859
uk59,2002-09-06,-55.3954,-45.0202,-55.2157,-44.6338,-55.31955451056999,-44.65684768023087,11.640037374071412
uk59,2002-09-07,-55.2157,-44.6338,-55.0587,-44.7927,-55.076954416269835,-44.37517410833334,26.66159469082775
uk59,2002-09-08,-55.0587,-44.7927,-54.9866,-44.8325,-54.9425626941799,-44.87899064074077,5.725849901967278
uk59,2002-09-09,-54.9866,-44.8325,-54.8404,-44.8736,-54.93754264362786,-44.875502732745616,10.802454569335968
uk59,2002-09-10,-54.8404,-44.8736,-54.7347,-44.8216,-54.71314431322591,-44.91119793083578,6.232989813239226
uk59,2002-09-11,-54.7347,-44.8216,-54.5265,-44.6257,-54.63240222691947,-44.80833755331889,16.649513880833656
uk59,2002-09-12,-54.5265,-44.6257,-54.3263,-44.5014,-54.42622530165945,-44.49504072734487,11.118817499690806
uk59,2002-09-13,-54.3263,-44.5014,-54.1436,-44.587,-54.1808952015917,-44.471896093231834,8.564656812086296
uk59,2002-09-14,-54.1436,-44.587,-53.988,-45.0026,-54.007873704739225,-44.66710481076851,22.039675475677992
uk59,2002-09-15,-53.988,-45.0026,-53.9749,-45.4612,-53.8741843545177,-45.19173252466419,20.898030849594207
uk59,2002-09-16,-53.9749,-45.4612,-53.9384,-45.7303,-53.93321936407759,-45.63520545874309,6.251436918578104
uk59,2002-09-17,-53.9384,-45.7303,-53.8617,-45.9931,-53.907677013935576,-45.91118233612667,7.413591336765153
uk59,2002-09-18,-53.8617,-45.9931,-53.8207,-45.9929,-53.79746685165441,-46.174897397446415,12.225671631191513
uk59,2002-09-19,-53.8207,-45.9929,-53.7463,-46.1586,-53.779022511428686,-46.01388734867709,10.184246361671025
uk59,2002-09-20,-53.7463,-46.1586,-53.5782,-46.4884,-53.70548508746184,-46.25375170634413,20.966102214425696
uk59,2002-09-21,-53.5782,-46.4884,-53.5186,-46.7502,-53.484044740873024,-46.54908920317462,13.845161435944718
uk59,2002-09-22,-53.5186,-46.7502,-53.4731,-46.8958,-53.484772599151825,-46.885075773378816,1.4792763569891747
uk59,2002-09-23,-53.4731,-46.8958,-53.401,-47.1152,-53.43590472275265,-47.03079486190512,6.808083325144039
uk59,2002-09-24,-53.401,-47.1152,-53.3003,-47.1265,-53.342611652064825,-47.29624839066247,12.21687716478782
uk59,2002-09-25,-53.3003,-47.1265,-53.1676,-47.1732,-53.20295877616449,-47.161317193489964,4.010646910337107
uk59,2002-09-26,-53.1676,-47.1732,-52.9248,-47.1411,-53.051474258722,-47.204369038689265,14.708429366140036
uk59,2002-09-27,-52.9248,-47.1411,-52.6049,-47.1353,-52.7708507355006,-47.14079505770246,18.456596449742722
uk59,2002-09-28,-52.6049,-47.1353,-52.7681,-47.3139,-52.37667370515874,-47.167993361640214,44.62752528940864
uk59,2002-09-29,-52.7681,-47.3139,-52.7681,-47.3139,-52.82502679351851,-47.340574278439135,6.5791218468031065
uk59,2002-09-30,-52.7681,-47.3139,-52.6532,-47.1612,-52.75035221388822,-47.38647995930762,18.631006440591115
uk59,2002-10-01,-52.6532,-47.1612,-52.6532,-47.1612,-52.59213265258538,-47.08108110372177,8.680889502101106
uk59,2002-10-02,-52.6532,-47.1612,-52.5426,-47.1391,-52.586491060976556,-47.08856697604466,5.956958207746691
uk59,2002-10-03,-52.5426,-47.1391,-52.3317,-46.8793,-52.48268489126899,-47.166106883445764,25.697613862012666
uk59,2002-10-04,-52.3317,-46.8793,-52.0366,-46.458,-52.18909468150183,-46.75352175567767,26.358196056600523
uk59,2002-10-05,-52.0366,-46.458,-52.1425,-46.6444,-51.89362797407408,-46.27696703201059,37.38999862073091
uk59,2002-10-06,-52.1425,-46.6444,-51.952,-46.8601,-52.15280261640211,-46.50513928862432,32.97962516280485
uk59,2002-10-07,-51.952,-46.8601,-51.9545,-46.2857,-51.840774575517074,-46.957397617075515,47.79161930706088
uk59,2002-10-08,-51.9545,-46.2857,-51.8244,-46.3349,-51.87414594338625,-46.24603602949736,8.237454220996622
uk59,2002-10-09,-51.8244,-46.3349,-51.7542,-46.2433,-51.7618136397619,-46.329613726746004,6.000811841698587
uk59,2002-10-10,-51.7542,-46.2433,-51.6908,-45.9791,-51.685550271221985,-46.16746906444325,12.998198925418487
uk59,2002-10-11,-51.6908,-45.9791,-51.6397,-45.6855,-51.650377937542096,-45.8509344066739,11.476549153568108
uk59,2002-10-12,-51.6397,-45.6855,-51.6083,-45.5349,-51.58712010671714,-45.43733276545217,7.138820344579829
uk59,2002-10-13,-51.6083,-45.5349,-51.6178,-45.218,-51.57489853958299,-45.45246444399706,16.883358691795642
uk59,2002-10-14,-51.6178,-45.218,-51.6874,-45.2848,-51.60007025741944,-44.98292815839068,22.982022315735
uk59,2002-10-15,-51.6874,-45.2848,-51.6833,-45.1604,-51.73891073750345,-45.35842008651821,14.97935503320076
uk59,2002-10-16,-51.6833,-45.1604,-51.6668,-44.9918,-51.67422469781597,-45.082139749388034,6.2844010556565415
uk59,2002-10-17,-51.6668,-44.9918,-51.6192,-44.9382,-51.63745032526891,-44.85989532636074,5.773419574169946
uk59,2002-10-18,-51.6192,-44.9382,-51.593,-44.7801,-51.57358333481989,-44.885642683259505,7.605251805373902
uk59,2002-10-19,-51.593,-44.7801,-51.5143,-44.6006,-51.55205398723777,-44.635455052562605,4.841095310774485
uk59,2002-10-20,-51.5143,-44.6006,-51.4197,-44.6646,-51.45093436452657,-44.45928590913189,14.649741508929456
uk59,2002-10-21,-51.4197,-44.6646,-51.3145,-44.8096,-51.346472064587616,-44.69685336784693,8.602360150632206
uk59,2002-10-22,-51.3145,-44.8096,-51.2025,-44.9653,-51.21696626215338,-44.96002355822341,1.6500343061780336
uk59,2002-10-23,-51.2025,-44.9653,-51.0878,-45.0614,-51.121993423757765,-45.07892152543707,3.994092861509639
uk59,2002-10-24,-51.0878,-45.0614,-50.9669,-45.0916,-50.99237869563059,-45.12291238180589,3.5821549647337116
uk59,2002-10-25,-50.9669,-45.0916,-50.9785,-45.0065,-50.86828864279173,-45.19311271292176,17.92413612205168
uk59,2002-10-26,-50.9785,-45.0065,-51.0034,-44.8597,-50.945183671463425,-44.91175160983403,7.428753010864491
uk59,2002-10-27,-51.0034,-44.8597,-51.046,-44.7297,-50.997236311689896,-44.715758497123005,5.5092601877186285
uk59,2002-10-28,-51.046,-44.7297,-51.1198,-44.6588,-51.03078308469359,-44.61321645284946,10.397923390547248
uk59,2002-10-29,-51.1198,-44.6588,-51.169,-44.6267,-51.16714588453352,-44.61224406557642,1.028787179275858
uk59,2002-10-30,-51.169,-44.6267,-51.169,-44.6267,-51.19604693043677,-44.6028370403298,3.4367813097267406
uk59,2002-10-31,-51.169,-44.6267,-51.2575,-44.6349,-51.149180841071875,-44.60767227317038,12.193006717110446
uk59,2002-11-01,-51.2575,-44.6349,-51.229,-44.5441,-51.318515761339526,-44.45838352749041,11.603032488874993
uk63,2002-09-26,-76.3355,167.314,-76.3355,167.314,-76.32704217794347,167.36532004995354,1.6440570818869644
uk63,2002-09-27,-76.3355,167.314,-76.3355,167.314,-76.33804919121327,167.3334841175514,0.5850243021002036
uk63,2002-09-28,-76.3355,167.314,-76.3355,167.314,-76.33423380492184,167.31024075221626,0.17197474714258482
uk63,2002-09-29,-76.3355,167.314,-76.3355,167.314,-76.33426549498618,167.31021808362846,0.16945034818805102
uk63,2002-09-30,-76.3355,167.314,-76.3355,167.314,-76.33418678443685,167.31027657819777,0.17575539705988288
uk63,2002-10-01,-76.3355,167.314,-76.3355,167.314,-76.33424563857751,167.3102069920539,0.1714131195617516
uk63,2002-10-02,-76.3355,167.314,-76.3355,167.314,-76.33423829217801,167.310203987239,0.17212420442203485
uk63,2002-10-03,-76.3355,167.314,-76.3355,167.314,-76.33309840120384,167.3042852018338,0.36938725943434086
uk63,2002-10-04,-76.3355,167.314,-76.3355,167.314,-76.33414823881634,167.3092149536359,0.19594263835002645
uk63,2002-10-05,-76.3355,167.314,-76.2553,166.9917,-76.32601291281537,167.27863784844214,10.908853623150327
uk63,2002-10-06,-76.2553,166.9917,-76.2553,166.9917,-76.23833647222223,166.96288072301593,2.03430251491883
uk63,2002-10-07,-76.2553,166.9917,-76.2553,166.9917,-76.24321908983431,166.97213091369304,1.4394707155900435
uk63,2002-10-08,-76.2553,166.9917,-76.2553,166.9917,-76.25416549093248,166.98661472724706,0.18429781753684982
uk63,2002-10-09,-76.2553,166.9917,-76.2553,166.9917,-76.25404026710255,166.98792186960821,0.1720041650467501
uk63,2002-10-10,-76.2553,166.9917,-76.2501,167.1756,-76.25408226874423,166.98776925194738,4.983236519956471
uk63,2002-10-11,-76.2501,167.1756,-76.2501,167.1756,-76.2494916716939,167.19372809204413,0.4838741503501729
uk63,2002-10-12,-76.2501,167.1756,-76.2501,167.1756,-76.24829023864929,167.18558368723865,0.33185537443854735
uk63,2002-10-13,-76.2501,167.1756,-76.2501,167.1756,-76.24849596221658,167.17089648812032,0.21741077617213697
uk63,2002-10-14,-76.2501,167.1756,-76.2501,167.1756,-76.24884499621281,167.17165395686203,0.17421773091098217
uk63,2002-10-15,-76.2501,167.1756,-76.2501,167.1756,-76.24863623163046,167.17107771690723,0.201937310289796
uk63,2002-10-16,-76.2501,167.1756,-76.2501,167.1756,-76.2488702608021,167.17168431011817,0.1714902833675294
uk63,2002-10-17,-76.2501,167.1756,-76.2389,167.0639,-76.24864756689438,167.17026100483156,3.013950268092646
uk63,2002-10-18,-76.2389,167.0639,-76.2389,167.0639,-76.22407231991319,167.07197135261913,1.6625417560353706
uk63,2002-10-19,-76.2389,167.0639,-76.2389,167.0639,-76.22159573877329,167.01217282823364,2.3614885470560365
uk63,2002-10-20,-76.2389,167.0639,-76.2389,167.0639,-76.23764452714781,167.06002268752104,0.1732268423624482
uk63,2002-10-21,-76.2389,167.0639,-76.2389,167.0639,-76.23765990539239,167.05984684775854,0.1746674584424395
uk63,2002-10-22,-76.2389,167.0639,-76.2389,167.0639,-76.2376248180987,167.0601603333556,0.17288916292758066
uk63,2002-10-23,-76.2389,167.0639,-76.2039,167.2854,-76.23771666181557,167.0588485105667,7.0809976511000015
uk63,2002-10-24,-76.2039,167.2854,-76.2039,167.2854,-76.19288438938509,167.29790268664613,1.2689863745473504
uk63,2002-10-25,-76.2039,167.2854,-76.2039,167.2854,-76.20006511130205,167.29339629033956,0.47623964553699316
uk63,2002-10-26,-76.2039,167.2854,-76.2039,167.2854,-76.20266508285953,167.28126201718135,0.17577341351894937
uk63,2002-10-27,-76.2039,167.2854,-76.2039,167.2854,-76.2025263175171,167.2809769302355,0.19258325972674506
uk63,2002-10-28,-76.2039,167.2854,-76.2039,167.2854,-76.20267749310975,167.28142504009975,0.1720150694007896
uk63,2002-10-29,-76.2039,167.2854,-76.0926,167.3015,-76.20264948168513,167.28157807345247,12.248432029960904
uk63,2002-10-30,-76.0926,167.3015,-76.0926,167.3015,-76.04091676073261,167.32498584954556,5.781214730873865
uk63,2002-10-31,-76.0926,167.3015,-76.0443,167.2606,-76.06416360456981,167.26021327317903,2.208756366630852
uk63,2002-11-01,-76.0443,167.2606,-76.0568,167.3905,-76.03505111466974,167.24617470898977,4.563430363860697
uk63,2002-11-02,-76.0568,167.3905,-76.0568,167.3905,-76.05503188151567,167.40073130698295,0.33736021185201936
uk63,2002-11-03,-76.0568,167.3905,-76.0568,167.3905,-76.0558510443619,167.3921948806784,0.11487663263300696
uk63,2002-11-04,-76.0568,167.3905,-76.0568,167.3905,-76.05556579921597,167.3855133381697,0.1915390102009744
uk63,2002-11-05,-76.0568,167.3905,-76.093,167.6272,-76.05558095963171,167.3860805903085,7.6776853974877435
uk63,2002-11-06,-76.093,167.6272,-76.093,167.6272,-76.09061838631237,167.67696376537452,1.3561721523671122
uk63,2002-11-07,-76.093,167.6272,-76.093,167.6272,-76.0932339962306,167.65511628439253,0.7465192315868507
uk63,2002-11-08,-76.093,167.6272,-76.093,167.6272,-76.09173968638183,167.62334092906815,0.174003198652199
uk63,2002-11-09,-76.093,167.6272,-76.093,167.6272,-76.0917428103263,167.62308450731052,0.17787782805949412
uk63,2002-11-10,-76.093,167.6272,-76.093,167.6272,-76.09180033489902,167.6230665844231,0.1732011433972825
uk63,2002-11-11,-76.093,167.6272,-76.093,167.6272,-76.09175349048293,167.62339257894212,0.17194881981951954
uk63,2002-11-12,-76.093,167.6272,-76.0329,167.4852,-76.09175993953447,167.62329557326677,7.517702076503192
uk63,2002-11-13,-76.0329,167.4852,-76.0329,167.4852,-76.01590615025552,167.47472981592261,1.9104341584621845
uk63,2002-11-14,-76.0329,167.4852,-76.0329,167.4852,-76.01752519854209,167.45766340604519,1.8626604030601936
uk63,2002-11-15,-76.0329,167.4852,-75.9615,167.6056,-76.0316637463935,167.48115969158755,8.48999316196747
uk63,2002-11-16,-75.9615,167.6056,-75.9615,167.6056,-75.93689876983719,167.60701528630472,2.7357987911605615
uk63,2002-11-17,-75.9615,167.6056,-75.9615,167.6056,-75.93268117531349,167.65655561709787,3.4873641955287416
uk63,2002-11-18,-75.9615,167.6056,-75.946,167.8769,-75.96026347956122,167.60167745320257,7.595339882234445
uk63,2002-11-19,-75.946,167.8769,-75.9304,168.1482,-75.93152907791294,167.93187834123972,5.84861974652057
uk63,2002-11-20,-75.9304,168.1482,-75.9304,168.1482,-75.9157410139267,168.2822216906976,3.974301187913323
uk63,2002-11-21,-75.9304,168.1482,-75.9304,168.1482,-75.9307191899206,168.18007045821696,0.8622284396550832
uk63,2002-11-22,-75.9304,168.1482,-75.9304,168.1482,-75.92886082905478,168.14262218736025,0.22809585669791652
uk63,2002-11-23,-75.9304,168.1482,-75.9304,168.1482,-75.92921235915672,168.144236526511,0.1700570745133155
uk63,2002-11-24,-75.9304,168.1482,-75.9304,168.1482,-75.92917912358024,168.14394311007095,0.17796566707022848
uk63,2002-11-25,-75.9304,168.1482,-75.9304,168.1482,-75.92917965960349,168.14398553287174,0.1771806345025281
uk63,2002-11-26,-75.9304,168.1482,-75.9304,168.1482,-75.92904458019783,168.14333139720543,0.200092403376255
uk63,2002-11-27,-75.9304,168.1482,-75.9304,168.1482,-75.92916694952348,168.14407294335217,0.17676457238492305
uk63,2002-11-28,-75.9304,168.1482,-75.9304,168.1482,-75.92918226874423,168.14426925194743,0.17212076393552794
uk63,2002-11-29,-75.9304,168.1482,-75.9304,168.1482,-75.92911235783171,168.14448613512235,0.1748703850988836
uk63,2002-11-30,-75.9304,168.1482,-75.9304,168.1482,-75.9292115485548,168.14384067529522,0.1770615471371654
uk63,2002-12-01,-75.9304,168.1482,-75.8655,167.6447,-75.9290743500324,168.14395081440028,15.262390766289741
uk63,2002-12-02,-75.8655,167.6447,-75.8655,167.6447,-75.83829814365079,167.6001471972222,3.258093055175474
uk63,2002-12-03,-75.8655,167.6447,-75.8655,167.6447,-75.8241271177555,167.58234856712477,4.9029472325803445
uk63,2002-12-04,-75.8655,167.6447,-75.8655,167.6447,-75.86421976447177,167.6410113285038,0.17406397008341543
uk63,2002-12-05,-75.8655,167.6447,-75.8655,167.6447,-75.8639732100664,167.63998870948296,0.21257899376972486
uk63,2002-12-06,-75.8655,167.6447,-75.8655,167.6447,-75.86424584528082,167.64081444294135,0.17487313158871892
uk63,2002-12-07,-75.8655,167.6447,-75.8988,168.0792,-75.86414970390099,167.63996045545605,12.521266008984346
uk63,2002-12-08,-75.8988,168.0792,-75.8988,168.0792,-75.89327779801586,168.08134870158727,0.6167948777346953
uk63,2002-12-09,-75.8988,168.0792,-75.9264,168.1592,-75.90094288486753,168.1011614104683,3.2372779906268976
uk63,2002-12-10,-75.9264,168.1592,-75.9447,167.9598,-75.93217977663897,168.18100727718775,6.1362343331857945
uk63,2002-12-11,-75.9447,167.9598,-75.9447,167.9598,-75.95032746467699,167.91907258186092,1.2651894941997002
uk63,2002-12-12,-75.9447,167.9598,-75.9447,167.9598,-75.93781248189376,167.92946132411333,1.1216442028127203
uk63,2002-12-13,-75.9447,167.9598,-75.9447,167.9598,-75.9433791280973,167.9554223955913,0.18854239959152105
uk63,2002-12-14,-75.9447,167.9598,-75.9447,167.9598,-75.94347749310974,167.95582504009974,0.1732111058176615
uk63,2002-12-15,-75.9447,167.9598,-75.9639,167.6868,-75.94353859878925,167.95528189657512,7.591177776567066
uk63,2002-12-16,-75.9639,167.6868,-75.9639,167.6868,-75.97052810555554,167.62497561269845,1.8225853917053039
uk63,2002-12-17,-75.9639,167.6868,-75.9639,167.6868,-75.95454105604625,167.658266385756,1.2944175925994412
uk63,2002-12-18,-75.9639,167.6868,-75.9639,167.6868,-75.96262078869704,167.68307805576836,0.17409420911447918
uk63,2002-12-19,-75.9639,167.6868,-75.9639,167.6868,-75.9626720517134,167.68276769661998,0.1745568852625032
uk63,2002-12-20,-75.9639,167.6868,-75.8967,167.6526,-75.96303347086162,167.6806555849828,7.4148337050514845
uk63,2002-12-21,-75.8967,167.6526,-75.8967,167.6526,-75.86725345994374,167.62876052712892,3.337537632204547
uk63,2002-12-22,-75.8967,167.6526,-75.8538,167.5742,-75.87618174484577,167.62247612081683,2.812884934688306
uk63,2002-12-23,-75.8538,167.5742,-75.8538,167.5742,-75.8412837353965,167.5678036685889,1.402567554266958
uk63,2002-12-24,-75.8538,167.5742,-75.8538,167.5742,-75.84134445426399,167.5563491748846,1.467562757761851
uk63,2002-12-25,-75.8538,167.5742,-75.8538,167.5742,-75.85253903393239,167.57044004859193,0.1734970326654414
uk63,2002-12-26,-75.8538,167.5742,-75.8538,167.5742,-75.85255231831147,167.57040134966752,0.17293120732769982
uk63,2002-12-27,-75.8538,167.5742,-75.8538,167.5742,-75.85253464736054,167.57048495112258,0.17317719353501904
uk63,2002-12-28,-75.8538,167.5742,-75.8925,167.9037,-75.85256388469546,167.5703510763131,10.078290539929297
uk63,2002-12-29,-75.8925,167.9037,-75.8925,167.9037,-75.89733278961037,167.93337443766234,0.967160804113549
uk63,2002-12-30,-75.8925,167.9037,-75.8925,167.9037,-75.89456333039499,167.9199154064458,0.4957393864120136
uk66,2002-10-24,-61.3846,-44.5657,-61.2363,-44.3991,-61.25957596944444,-44.532539320634896,7.5920512282177635
uk66,2002-10-25,-61.2363,-44.3991,-61.2363,-44.3991,-61.20219743611111,-44.24654314880951,9.004640064873259
uk66,2002-10-26,-61.2363,-44.3991,-61.258,-44.132,-61.2101213455657,-44.31200192890205,11.005414390711504
uk66,2002-10-27,-61.258,-44.132,-61.1646,-43.8842,-61.254224542189235,-44.07791572883954,14.385271823515085
uk66,2002-10-28,-61.1646,-43.8842,-61.206,-43.2639,-61.1039039310843,-43.77573551235099,29.711763478955188
uk66,2002-10-29,-61.206,-43.2639,-61.206,-43.2639,-61.199147968518524,-42.959952361375656,16.29851173935228
uk66,2002-10-30,-61.206,-43.2639,-61.206,-43.2639,-61.190124053525096,-43.20639398310212,3.550649099489416
uk66,2002-10-31,-61.206,-43.2639,-61.206,-43.2639,-61.19884087687489,-43.23716440087165,1.6384611183782734
uk66,2002-11-01,-61.206,-43.2639,-61.206,-43.2639,-61.196171995794074,-43.24257591312775,1.5808306881360743
uk66,2002-11-02,-61.206,-43.2639,-61.1266,-43.1559,-61.20106018230225,-43.28586602122732,10.822832293711729
uk66,2002-11-03,-61.1266,-43.1559,-61.1266,-43.1559,-61.07988924697583,-43.12757718347922,5.412366652142517
uk66,2002-11-04,-61.1266,-43.1559,-61.1266,-43.1559,-61.107037063721776,-43.124112845268485,2.7652768467488875
uk66,2002-11-05,-61.1266,-43.1559,-61.1266,-43.1559,-61.11415983468419,-43.1462974318388,1.4762840146815108
uk66,2002-11-06,-61.1266,-43.1559,-61.1266,-43.1559,-61.1152574087058,-43.13738416390834,1.6060716213812962
uk66,2002-11-07,-61.1266,-43.1559,-61.1266,-43.1559,-61.08850655407332,-43.09416179870286,5.379962553410031
uk66,2002-11-08,-61.1266,-43.1559,-60.9597,-43.4721,-61.105410829933284,-43.14157498648001,24.069585770981806
uk66,2002-11-09,-60.9597,-43.4721,-60.9597,-43.4721,-60.90604646309523,-43.552934500925915,7.393419284621755
uk66,2002-11-10,-60.9597,-43.4721,-60.9597,-43.4721,-60.9374899926439,-43.478163913113406,2.4912505489697665
uk66,2002-11-11,-60.9597,-43.4721,-60.9597,-43.4721,-60.939600543266955,-43.454100505701604,2.4371191731596893
uk66,2002-11-12,-60.9597,-43.4721,-60.9597,-43.4721,-60.948930963753334,-43.47185083090315,1.1975377470482018
uk66,2002-11-13,-60.9597,-43.4721,-60.9597,-43.4721,-60.947365091462686,-43.46143203447318,1.4875918257222687
uk66,2002-11-14,-60.9597,-43.4721,-60.9597,-43.4721,-60.9483344640916,-43.462346398732564,1.3690991075790364
uk66,2002-11-15,-60.9597,-43.4721,-60.9597,-43.4721,-60.948858769950476,-43.46836901734562,1.2222012506575544
uk66,2002-11-16,-60.9597,-43.4721,-60.9597,-43.4721,-60.949018534883606,-43.47088022997539,1.1895487778285538
uk66,2002-11-17,-60.9597,-43.4721,-60.9597,-43.4721,-60.94958359594196,-43.46878128355786,1.139071054038005
uk66,2002-11-18,-60.9597,-43.4721,-60.9597,-43.4721,-60.94877764042967,-43.45339295380043,1.5795485018706588
uk66,2002-11-19,-60.9597,-43.4721,-60.9597,-43.4721,-60.95232391115282,-43.44198781385714,1.8207425100855303
uk66,2002-11-20,-60.9597,-43.4721,-60.9597,-43.4721,-60.933629607120835,-43.44803894392709,3.1767431316716954
uk66,2002-11-21,-60.9597,-43.4721,-60.9597,-43.4721,-60.950360379871356,-43.46707449060352,1.0733705777345686
uk66,2002-11-22,-60.9597,-43.4721,-60.9597,-43.4721,-60.94941596568177,-43.469126614898414,1.1547436941029823
uk66,2002-11-23,-60.9597,-43.4721,-60.9597,-43.4721,-60.94979670087704,-43.46836083575272,1.1195450896077062
uk66,2002-11-24,-60.9597,-43.4721,-60.9597,-43.4721,-60.95104737291166,-43.464558636950414,1.0447163781136808
uk66,2002-11-25,-60.9597,-43.4721,-60.9597,-43.4721,-60.94989943731081,-43.46822988934491,1.1096196924726693
uk66,2002-11-26,-60.9597,-43.4721,-60.9597,-43.4721,-60.94891843924221,-43.475171003505466,1.210264266791797
uk66,2002-11-27,-60.9597,-43.4721,-60.9597,-43.4721,-60.94935906915123,-43.469457332800005,1.1586756916607783
uk66,2002-11-28,-60.9597,-43.4721,-60.9597,-43.4721,-60.94723016244826,-43.47109391476698,1.3876461072579327
uk66,2002-11-29,-60.9597,-43.4721,-60.9597,-43.4721,-60.94602215892999,-43.4733477845773,1.5223977285511863
uk66,2002-11-30,-60.9597,-43.4721,-60.9597,-43.4721,-60.94791844296285,-43.470693058008635,1.3122494818087058
uk66,2002-12-01,-60.9597,-43.4721,-60.9597,-43.4721,-60.94776630810992,-43.46943858348314,1.3347221239561482
uk66,2002-12-02,-60.9597,-43.4721,-60.9597,-43.4721,-60.94900222464392,-43.466553761485414,1.226642902027919
uk66,2002-12-03,-60.9597,-43.4721,-60.9597,-43.4721,-60.94859693328288,-43.47279569865759,1.2351758378018947
uk66,2002-12-04,-60.9597,-43.4721,-60.9597,-43.4721,-60.94665180983225,-43.46998779165639,1.4553669079085154
uk66,2002-12-05,-60.9597,-43.4721,-60.9597,-43.4721,-60.94985112533067,-43.46701985597491,1.1289626185935135
uk66,2002-12-06,-60.9597,-43.4721,-60.9597,-43.4721,-60.95104468179532,-43.46065139911423,1.1437845600977066
uk66,2002-12-07,-60.9597,-43.4721,-60.9597,-43.4721,-60.93007254762573,-43.474659011843755,3.2973194854454384
uk66,2002-12-08,-60.9597,-43.4721,-60.9597,-43.4721,-60.94817657303336,-43.466610945852096,1.3151667559859102
uk66,2002-12-09,-60.9597,-43.4721,-60.9597,-43.4721,-60.94817657303336,-43.466610945852096,1.3151667559859102
uk66,2002-12-10,-60.9597,-43.4721,-61.0473,-43.6387,-60.92762164250582,-43.45826748425617,16.485699420332594
uk66,2002-12-11,-61.0473,-43.6387,-60.8901,-43.9519,-61.05704092513228,-43.650606708862455,24.674503872832098
uk66,2002-12-12,-60.8901,-43.9519,-60.8901,-43.9519,-60.827441468253966,-44.02729368095237,8.07523900067939
uk66,2002-12-13,-60.8901,-43.9519,-60.9129,-44.3333,-60.85868427049549,-44.01992724789423,17.994018981661565
uk66,2002-12-14,-60.9129,-44.3333,-60.9129,-44.3333,-60.922062016091786,-44.45869171798432,6.853362600063213
uk66,2002-12-15,-60.9129,-44.3333,-60.9129,-44.3333,-60.91599068633126,-44.35448657657591,1.1956639714077766
uk66,2002-12-16,-60.9129,-44.3333,-60.9129,-44.3333,-60.85290083901214,-44.279399120148696,7.281191596883091
uk66,2002-12-17,-60.9129,-44.3333,-60.9129,-44.3333,-60.893409943921114,-44.32504284295763,2.212710094036411
uk66,2002-12-18,-60.9129,-44.3333,-60.7506,-43.9799,-60.89600963585919,-44.28159128804867,22.99749670980513
uk66,2002-12-19,-60.7506,-43.9799,-60.7506,-43.9799,-60.721880739550265,-43.86850381335978,6.845508522168263
uk66,2002-12-20,-60.7506,-43.9799,-60.7506,-43.9799,-60.69291179520644,-43.895016559670125,7.902825215343953
uk66,2002-12-21,-60.7506,-43.9799,-60.7506,-43.9799,-60.74051636285666,-43.97353554894087,1.1733742018412414
uk66,2002-12-22,-60.7506,-43.9799,-60.7506,-43.9799,-60.740141686404826,-43.976029325550996,1.1817794886988586
uk66,2002-12-23,-60.7506,-43.9799,-60.7506,-43.9799,-60.73958413423391,-43.990527091015196,1.3542102933595175
uk66,2002-12-24,-60.7506,-43.9799,-60.7506,-43.9799,-60.741066821093334,-43.97361692667988,1.1136665260758178
